:0200000460009A
:100000004643464200000156000000000103030081
:1000100000000000000000000000000000000000E0
:1000200000000000000000000000000000000000D0
:1000300000000000000000000000000000000000C0
:1000400000000000010408000000000000000000A3
:100050000000800000000000000000000000000020
:100060000000000000000000000000000000000090
:100070000000000000000000000000000000000080
:10008000EB04180A063204260000000000000000FD
:10009000050404240000000000000000000000002F
:1000A0000000000000000000000000000000000050
:1000B0000604000000000000000000000000000036
:1000C0000000000000000000000000000000000030
:1000D00020041808000000000000000000000000DC
:1000E0000000000000000000000000000000000010
:1000F0000000000000000000000000000000000000
:10010000D8041808000000000000000000000000F3
:100110000204180804200000000000000000000095
:1001200000000000000000000000000000000000CF
:10013000600400000000000000000000000000005B
:1001400000000000000000000000000000000000AF
:10015000000000000000000000000000000000009F
:10016000000000000000000000000000000000008F
:10017000000000000000000000000000000000007F
:10018000000000000000000000000000000000006F
:10019000000000000000000000000000000000005F
:1001A000000000000000000000000000000000004F
:1001B000000000000000000000000000000000003F
:1001C000000100000010000001000000000000001D
:1001D000000001000000000000000000000000001E
:1001E000000000000000000000000000000000000F
:1001F00000000000000000000000000000000000FF
:10020000FFFFFFFFFFFFFFFFFFFFFFFFFFFFFFFFFE
:10021000FFFFFFFFFFFFFFFFFFFFFFFFFFFFFFFFEE
:10022000FFFFFFFFFFFFFFFFFFFFFFFFFFFFFFFFDE
:10023000FFFFFFFFFFFFFFFFFFFFFFFFFFFFFFFFCE
:10024000FFFFFFFFFFFFFFFFFFFFFFFFFFFFFFFFBE
:10025000FFFFFFFFFFFFFFFFFFFFFFFFFFFFFFFFAE
:10026000FFFFFFFFFFFFFFFFFFFFFFFFFFFFFFFF9E
:10027000FFFFFFFFFFFFFFFFFFFFFFFFFFFFFFFF8E
:10028000FFFFFFFFFFFFFFFFFFFFFFFFFFFFFFFF7E
:10029000FFFFFFFFFFFFFFFFFFFFFFFFFFFFFFFF6E
:1002A000FFFFFFFFFFFFFFFFFFFFFFFFFFFFFFFF5E
:1002B000FFFFFFFFFFFFFFFFFFFFFFFFFFFFFFFF4E
:1002C000FFFFFFFFFFFFFFFFFFFFFFFFFFFFFFFF3E
:1002D000FFFFFFFFFFFFFFFFFFFFFFFFFFFFFFFF2E
:1002E000FFFFFFFFFFFFFFFFFFFFFFFFFFFFFFFF1E
:1002F000FFFFFFFFFFFFFFFFFFFFFFFFFFFFFFFF0E
:10030000FFFFFFFFFFFFFFFFFFFFFFFFFFFFFFFFFD
:10031000FFFFFFFFFFFFFFFFFFFFFFFFFFFFFFFFED
:10032000FFFFFFFFFFFFFFFFFFFFFFFFFFFFFFFFDD
:10033000FFFFFFFFFFFFFFFFFFFFFFFFFFFFFFFFCD
:10034000FFFFFFFFFFFFFFFFFFFFFFFFFFFFFFFFBD
:10035000FFFFFFFFFFFFFFFFFFFFFFFFFFFFFFFFAD
:10036000FFFFFFFFFFFFFFFFFFFFFFFFFFFFFFFF9D
:10037000FFFFFFFFFFFFFFFFFFFFFFFFFFFFFFFF8D
:10038000FFFFFFFFFFFFFFFFFFFFFFFFFFFFFFFF7D
:10039000FFFFFFFFFFFFFFFFFFFFFFFFFFFFFFFF6D
:1003A000FFFFFFFFFFFFFFFFFFFFFFFFFFFFFFFF5D
:1003B000FFFFFFFFFFFFFFFFFFFFFFFFFFFFFFFF4D
:1003C000FFFFFFFFFFFFFFFFFFFFFFFFFFFFFFFF3D
:1003D000FFFFFFFFFFFFFFFFFFFFFFFFFFFFFFFF2D
:1003E000FFFFFFFFFFFFFFFFFFFFFFFFFFFFFFFF1D
:1003F000FFFFFFFFFFFFFFFFFFFFFFFFFFFFFFFF0D
:10040000FFFFFFFFFFFFFFFFFFFFFFFFFFFFFFFFFC
:10041000FFFFFFFFFFFFFFFFFFFFFFFFFFFFFFFFEC
:10042000FFFFFFFFFFFFFFFFFFFFFFFFFFFFFFFFDC
:10043000FFFFFFFFFFFFFFFFFFFFFFFFFFFFFFFFCC
:10044000FFFFFFFFFFFFFFFFFFFFFFFFFFFFFFFFBC
:10045000FFFFFFFFFFFFFFFFFFFFFFFFFFFFFFFFAC
:10046000FFFFFFFFFFFFFFFFFFFFFFFFFFFFFFFF9C
:10047000FFFFFFFFFFFFFFFFFFFFFFFFFFFFFFFF8C
:10048000FFFFFFFFFFFFFFFFFFFFFFFFFFFFFFFF7C
:10049000FFFFFFFFFFFFFFFFFFFFFFFFFFFFFFFF6C
:1004A000FFFFFFFFFFFFFFFFFFFFFFFFFFFFFFFF5C
:1004B000FFFFFFFFFFFFFFFFFFFFFFFFFFFFFFFF4C
:1004C000FFFFFFFFFFFFFFFFFFFFFFFFFFFFFFFF3C
:1004D000FFFFFFFFFFFFFFFFFFFFFFFFFFFFFFFF2C
:1004E000FFFFFFFFFFFFFFFFFFFFFFFFFFFFFFFF1C
:1004F000FFFFFFFFFFFFFFFFFFFFFFFFFFFFFFFF0C
:10050000FFFFFFFFFFFFFFFFFFFFFFFFFFFFFFFFFB
:10051000FFFFFFFFFFFFFFFFFFFFFFFFFFFFFFFFEB
:10052000FFFFFFFFFFFFFFFFFFFFFFFFFFFFFFFFDB
:10053000FFFFFFFFFFFFFFFFFFFFFFFFFFFFFFFFCB
:10054000FFFFFFFFFFFFFFFFFFFFFFFFFFFFFFFFBB
:10055000FFFFFFFFFFFFFFFFFFFFFFFFFFFFFFFFAB
:10056000FFFFFFFFFFFFFFFFFFFFFFFFFFFFFFFF9B
:10057000FFFFFFFFFFFFFFFFFFFFFFFFFFFFFFFF8B
:10058000FFFFFFFFFFFFFFFFFFFFFFFFFFFFFFFF7B
:10059000FFFFFFFFFFFFFFFFFFFFFFFFFFFFFFFF6B
:1005A000FFFFFFFFFFFFFFFFFFFFFFFFFFFFFFFF5B
:1005B000FFFFFFFFFFFFFFFFFFFFFFFFFFFFFFFF4B
:1005C000FFFFFFFFFFFFFFFFFFFFFFFFFFFFFFFF3B
:1005D000FFFFFFFFFFFFFFFFFFFFFFFFFFFFFFFF2B
:1005E000FFFFFFFFFFFFFFFFFFFFFFFFFFFFFFFF1B
:1005F000FFFFFFFFFFFFFFFFFFFFFFFFFFFFFFFF0B
:10060000FFFFFFFFFFFFFFFFFFFFFFFFFFFFFFFFFA
:10061000FFFFFFFFFFFFFFFFFFFFFFFFFFFFFFFFEA
:10062000FFFFFFFFFFFFFFFFFFFFFFFFFFFFFFFFDA
:10063000FFFFFFFFFFFFFFFFFFFFFFFFFFFFFFFFCA
:10064000FFFFFFFFFFFFFFFFFFFFFFFFFFFFFFFFBA
:10065000FFFFFFFFFFFFFFFFFFFFFFFFFFFFFFFFAA
:10066000FFFFFFFFFFFFFFFFFFFFFFFFFFFFFFFF9A
:10067000FFFFFFFFFFFFFFFFFFFFFFFFFFFFFFFF8A
:10068000FFFFFFFFFFFFFFFFFFFFFFFFFFFFFFFF7A
:10069000FFFFFFFFFFFFFFFFFFFFFFFFFFFFFFFF6A
:1006A000FFFFFFFFFFFFFFFFFFFFFFFFFFFFFFFF5A
:1006B000FFFFFFFFFFFFFFFFFFFFFFFFFFFFFFFF4A
:1006C000FFFFFFFFFFFFFFFFFFFFFFFFFFFFFFFF3A
:1006D000FFFFFFFFFFFFFFFFFFFFFFFFFFFFFFFF2A
:1006E000FFFFFFFFFFFFFFFFFFFFFFFFFFFFFFFF1A
:1006F000FFFFFFFFFFFFFFFFFFFFFFFFFFFFFFFF0A
:10070000FFFFFFFFFFFFFFFFFFFFFFFFFFFFFFFFF9
:10071000FFFFFFFFFFFFFFFFFFFFFFFFFFFFFFFFE9
:10072000FFFFFFFFFFFFFFFFFFFFFFFFFFFFFFFFD9
:10073000FFFFFFFFFFFFFFFFFFFFFFFFFFFFFFFFC9
:10074000FFFFFFFFFFFFFFFFFFFFFFFFFFFFFFFFB9
:10075000FFFFFFFFFFFFFFFFFFFFFFFFFFFFFFFFA9
:10076000FFFFFFFFFFFFFFFFFFFFFFFFFFFFFFFF99
:10077000FFFFFFFFFFFFFFFFFFFFFFFFFFFFFFFF89
:10078000FFFFFFFFFFFFFFFFFFFFFFFFFFFFFFFF79
:10079000FFFFFFFFFFFFFFFFFFFFFFFFFFFFFFFF69
:1007A000FFFFFFFFFFFFFFFFFFFFFFFFFFFFFFFF59
:1007B000FFFFFFFFFFFFFFFFFFFFFFFFFFFFFFFF49
:1007C000FFFFFFFFFFFFFFFFFFFFFFFFFFFFFFFF39
:1007D000FFFFFFFFFFFFFFFFFFFFFFFFFFFFFFFF29
:1007E000FFFFFFFFFFFFFFFFFFFFFFFFFFFFFFFF19
:1007F000FFFFFFFFFFFFFFFFFFFFFFFFFFFFFFFF09
:10080000FFFFFFFFFFFFFFFFFFFFFFFFFFFFFFFFF8
:10081000FFFFFFFFFFFFFFFFFFFFFFFFFFFFFFFFE8
:10082000FFFFFFFFFFFFFFFFFFFFFFFFFFFFFFFFD8
:10083000FFFFFFFFFFFFFFFFFFFFFFFFFFFFFFFFC8
:10084000FFFFFFFFFFFFFFFFFFFFFFFFFFFFFFFFB8
:10085000FFFFFFFFFFFFFFFFFFFFFFFFFFFFFFFFA8
:10086000FFFFFFFFFFFFFFFFFFFFFFFFFFFFFFFF98
:10087000FFFFFFFFFFFFFFFFFFFFFFFFFFFFFFFF88
:10088000FFFFFFFFFFFFFFFFFFFFFFFFFFFFFFFF78
:10089000FFFFFFFFFFFFFFFFFFFFFFFFFFFFFFFF68
:1008A000FFFFFFFFFFFFFFFFFFFFFFFFFFFFFFFF58
:1008B000FFFFFFFFFFFFFFFFFFFFFFFFFFFFFFFF48
:1008C000FFFFFFFFFFFFFFFFFFFFFFFFFFFFFFFF38
:1008D000FFFFFFFFFFFFFFFFFFFFFFFFFFFFFFFF28
:1008E000FFFFFFFFFFFFFFFFFFFFFFFFFFFFFFFF18
:1008F000FFFFFFFFFFFFFFFFFFFFFFFFFFFFFFFF08
:10090000FFFFFFFFFFFFFFFFFFFFFFFFFFFFFFFFF7
:10091000FFFFFFFFFFFFFFFFFFFFFFFFFFFFFFFFE7
:10092000FFFFFFFFFFFFFFFFFFFFFFFFFFFFFFFFD7
:10093000FFFFFFFFFFFFFFFFFFFFFFFFFFFFFFFFC7
:10094000FFFFFFFFFFFFFFFFFFFFFFFFFFFFFFFFB7
:10095000FFFFFFFFFFFFFFFFFFFFFFFFFFFFFFFFA7
:10096000FFFFFFFFFFFFFFFFFFFFFFFFFFFFFFFF97
:10097000FFFFFFFFFFFFFFFFFFFFFFFFFFFFFFFF87
:10098000FFFFFFFFFFFFFFFFFFFFFFFFFFFFFFFF77
:10099000FFFFFFFFFFFFFFFFFFFFFFFFFFFFFFFF67
:1009A000FFFFFFFFFFFFFFFFFFFFFFFFFFFFFFFF57
:1009B000FFFFFFFFFFFFFFFFFFFFFFFFFFFFFFFF47
:1009C000FFFFFFFFFFFFFFFFFFFFFFFFFFFFFFFF37
:1009D000FFFFFFFFFFFFFFFFFFFFFFFFFFFFFFFF27
:1009E000FFFFFFFFFFFFFFFFFFFFFFFFFFFFFFFF17
:1009F000FFFFFFFFFFFFFFFFFFFFFFFFFFFFFFFF07
:100A0000FFFFFFFFFFFFFFFFFFFFFFFFFFFFFFFFF6
:100A1000FFFFFFFFFFFFFFFFFFFFFFFFFFFFFFFFE6
:100A2000FFFFFFFFFFFFFFFFFFFFFFFFFFFFFFFFD6
:100A3000FFFFFFFFFFFFFFFFFFFFFFFFFFFFFFFFC6
:100A4000FFFFFFFFFFFFFFFFFFFFFFFFFFFFFFFFB6
:100A5000FFFFFFFFFFFFFFFFFFFFFFFFFFFFFFFFA6
:100A6000FFFFFFFFFFFFFFFFFFFFFFFFFFFFFFFF96
:100A7000FFFFFFFFFFFFFFFFFFFFFFFFFFFFFFFF86
:100A8000FFFFFFFFFFFFFFFFFFFFFFFFFFFFFFFF76
:100A9000FFFFFFFFFFFFFFFFFFFFFFFFFFFFFFFF66
:100AA000FFFFFFFFFFFFFFFFFFFFFFFFFFFFFFFF56
:100AB000FFFFFFFFFFFFFFFFFFFFFFFFFFFFFFFF46
:100AC000FFFFFFFFFFFFFFFFFFFFFFFFFFFFFFFF36
:100AD000FFFFFFFFFFFFFFFFFFFFFFFFFFFFFFFF26
:100AE000FFFFFFFFFFFFFFFFFFFFFFFFFFFFFFFF16
:100AF000FFFFFFFFFFFFFFFFFFFFFFFFFFFFFFFF06
:100B0000FFFFFFFFFFFFFFFFFFFFFFFFFFFFFFFFF5
:100B1000FFFFFFFFFFFFFFFFFFFFFFFFFFFFFFFFE5
:100B2000FFFFFFFFFFFFFFFFFFFFFFFFFFFFFFFFD5
:100B3000FFFFFFFFFFFFFFFFFFFFFFFFFFFFFFFFC5
:100B4000FFFFFFFFFFFFFFFFFFFFFFFFFFFFFFFFB5
:100B5000FFFFFFFFFFFFFFFFFFFFFFFFFFFFFFFFA5
:100B6000FFFFFFFFFFFFFFFFFFFFFFFFFFFFFFFF95
:100B7000FFFFFFFFFFFFFFFFFFFFFFFFFFFFFFFF85
:100B8000FFFFFFFFFFFFFFFFFFFFFFFFFFFFFFFF75
:100B9000FFFFFFFFFFFFFFFFFFFFFFFFFFFFFFFF65
:100BA000FFFFFFFFFFFFFFFFFFFFFFFFFFFFFFFF55
:100BB000FFFFFFFFFFFFFFFFFFFFFFFFFFFFFFFF45
:100BC000FFFFFFFFFFFFFFFFFFFFFFFFFFFFFFFF35
:100BD000FFFFFFFFFFFFFFFFFFFFFFFFFFFFFFFF25
:100BE000FFFFFFFFFFFFFFFFFFFFFFFFFFFFFFFF15
:100BF000FFFFFFFFFFFFFFFFFFFFFFFFFFFFFFFF05
:100C0000FFFFFFFFFFFFFFFFFFFFFFFFFFFFFFFFF4
:100C1000FFFFFFFFFFFFFFFFFFFFFFFFFFFFFFFFE4
:100C2000FFFFFFFFFFFFFFFFFFFFFFFFFFFFFFFFD4
:100C3000FFFFFFFFFFFFFFFFFFFFFFFFFFFFFFFFC4
:100C4000FFFFFFFFFFFFFFFFFFFFFFFFFFFFFFFFB4
:100C5000FFFFFFFFFFFFFFFFFFFFFFFFFFFFFFFFA4
:100C6000FFFFFFFFFFFFFFFFFFFFFFFFFFFFFFFF94
:100C7000FFFFFFFFFFFFFFFFFFFFFFFFFFFFFFFF84
:100C8000FFFFFFFFFFFFFFFFFFFFFFFFFFFFFFFF74
:100C9000FFFFFFFFFFFFFFFFFFFFFFFFFFFFFFFF64
:100CA000FFFFFFFFFFFFFFFFFFFFFFFFFFFFFFFF54
:100CB000FFFFFFFFFFFFFFFFFFFFFFFFFFFFFFFF44
:100CC000FFFFFFFFFFFFFFFFFFFFFFFFFFFFFFFF34
:100CD000FFFFFFFFFFFFFFFFFFFFFFFFFFFFFFFF24
:100CE000FFFFFFFFFFFFFFFFFFFFFFFFFFFFFFFF14
:100CF000FFFFFFFFFFFFFFFFFFFFFFFFFFFFFFFF04
:100D0000FFFFFFFFFFFFFFFFFFFFFFFFFFFFFFFFF3
:100D1000FFFFFFFFFFFFFFFFFFFFFFFFFFFFFFFFE3
:100D2000FFFFFFFFFFFFFFFFFFFFFFFFFFFFFFFFD3
:100D3000FFFFFFFFFFFFFFFFFFFFFFFFFFFFFFFFC3
:100D4000FFFFFFFFFFFFFFFFFFFFFFFFFFFFFFFFB3
:100D5000FFFFFFFFFFFFFFFFFFFFFFFFFFFFFFFFA3
:100D6000FFFFFFFFFFFFFFFFFFFFFFFFFFFFFFFF93
:100D7000FFFFFFFFFFFFFFFFFFFFFFFFFFFFFFFF83
:100D8000FFFFFFFFFFFFFFFFFFFFFFFFFFFFFFFF73
:100D9000FFFFFFFFFFFFFFFFFFFFFFFFFFFFFFFF63
:100DA000FFFFFFFFFFFFFFFFFFFFFFFFFFFFFFFF53
:100DB000FFFFFFFFFFFFFFFFFFFFFFFFFFFFFFFF43
:100DC000FFFFFFFFFFFFFFFFFFFFFFFFFFFFFFFF33
:100DD000FFFFFFFFFFFFFFFFFFFFFFFFFFFFFFFF23
:100DE000FFFFFFFFFFFFFFFFFFFFFFFFFFFFFFFF13
:100DF000FFFFFFFFFFFFFFFFFFFFFFFFFFFFFFFF03
:100E0000FFFFFFFFFFFFFFFFFFFFFFFFFFFFFFFFF2
:100E1000FFFFFFFFFFFFFFFFFFFFFFFFFFFFFFFFE2
:100E2000FFFFFFFFFFFFFFFFFFFFFFFFFFFFFFFFD2
:100E3000FFFFFFFFFFFFFFFFFFFFFFFFFFFFFFFFC2
:100E4000FFFFFFFFFFFFFFFFFFFFFFFFFFFFFFFFB2
:100E5000FFFFFFFFFFFFFFFFFFFFFFFFFFFFFFFFA2
:100E6000FFFFFFFFFFFFFFFFFFFFFFFFFFFFFFFF92
:100E7000FFFFFFFFFFFFFFFFFFFFFFFFFFFFFFFF82
:100E8000FFFFFFFFFFFFFFFFFFFFFFFFFFFFFFFF72
:100E9000FFFFFFFFFFFFFFFFFFFFFFFFFFFFFFFF62
:100EA000FFFFFFFFFFFFFFFFFFFFFFFFFFFFFFFF52
:100EB000FFFFFFFFFFFFFFFFFFFFFFFFFFFFFFFF42
:100EC000FFFFFFFFFFFFFFFFFFFFFFFFFFFFFFFF32
:100ED000FFFFFFFFFFFFFFFFFFFFFFFFFFFFFFFF22
:100EE000FFFFFFFFFFFFFFFFFFFFFFFFFFFFFFFF12
:100EF000FFFFFFFFFFFFFFFFFFFFFFFFFFFFFFFF02
:100F0000FFFFFFFFFFFFFFFFFFFFFFFFFFFFFFFFF1
:100F1000FFFFFFFFFFFFFFFFFFFFFFFFFFFFFFFFE1
:100F2000FFFFFFFFFFFFFFFFFFFFFFFFFFFFFFFFD1
:100F3000FFFFFFFFFFFFFFFFFFFFFFFFFFFFFFFFC1
:100F4000FFFFFFFFFFFFFFFFFFFFFFFFFFFFFFFFB1
:100F5000FFFFFFFFFFFFFFFFFFFFFFFFFFFFFFFFA1
:100F6000FFFFFFFFFFFFFFFFFFFFFFFFFFFFFFFF91
:100F7000FFFFFFFFFFFFFFFFFFFFFFFFFFFFFFFF81
:100F8000FFFFFFFFFFFFFFFFFFFFFFFFFFFFFFFF71
:100F9000FFFFFFFFFFFFFFFFFFFFFFFFFFFFFFFF61
:100FA000FFFFFFFFFFFFFFFFFFFFFFFFFFFFFFFF51
:100FB000FFFFFFFFFFFFFFFFFFFFFFFFFFFFFFFF41
:100FC000FFFFFFFFFFFFFFFFFFFFFFFFFFFFFFFF31
:100FD000FFFFFFFFFFFFFFFFFFFFFFFFFFFFFFFF21
:100FE000FFFFFFFFFFFFFFFFFFFFFFFFFFFFFFFF11
:100FF000FFFFFFFFFFFFFFFFFFFFFFFFFFFFFFFF01
:10100000D10020432914006000000000000000000F
:10101000201000600010006000500560000000001B
:1010200000000060005C050000000000FFFFFFFF03
:10103000FFFFFFFFFFFFFFFFFFFFFFFFFFFFFFFFC0
:10104000FFFFFFFFFFFFFFFFFFFFFFFFFFFFFFFFB0
:10105000FFFFFFFFFFFFFFFFFFFFFFFFFFFFFFFFA0
:10106000FFFFFFFFFFFFFFFFFFFFFFFFFFFFFFFF90
:10107000FFFFFFFFFFFFFFFFFFFFFFFFFFFFFFFF80
:10108000FFFFFFFFFFFFFFFFFFFFFFFFFFFFFFFF70
:10109000FFFFFFFFFFFFFFFFFFFFFFFFFFFFFFFF60
:1010A000FFFFFFFFFFFFFFFFFFFFFFFFFFFFFFFF50
:1010B000FFFFFFFFFFFFFFFFFFFFFFFFFFFFFFFF40
:1010C000FFFFFFFFFFFFFFFFFFFFFFFFFFFFFFFF30
:1010D000FFFFFFFFFFFFFFFFFFFFFFFFFFFFFFFF20
:1010E000FFFFFFFFFFFFFFFFFFFFFFFFFFFFFFFF10
:1010F000FFFFFFFFFFFFFFFFFFFFFFFFFFFFFFFF00
:10110000FFFFFFFFFFFFFFFFFFFFFFFFFFFFFFFFEF
:10111000FFFFFFFFFFFFFFFFFFFFFFFFFFFFFFFFDF
:10112000FFFFFFFFFFFFFFFFFFFFFFFFFFFFFFFFCF
:10113000FFFFFFFFFFFFFFFFFFFFFFFFFFFFFFFFBF
:10114000FFFFFFFFFFFFFFFFFFFFFFFFFFFFFFFFAF
:10115000FFFFFFFFFFFFFFFFFFFFFFFFFFFFFFFF9F
:10116000FFFFFFFFFFFFFFFFFFFFFFFFFFFFFFFF8F
:10117000FFFFFFFFFFFFFFFFFFFFFFFFFFFFFFFF7F
:10118000FFFFFFFFFFFFFFFFFFFFFFFFFFFFFFFF6F
:10119000FFFFFFFFFFFFFFFFFFFFFFFFFFFFFFFF5F
:1011A000FFFFFFFFFFFFFFFFFFFFFFFFFFFFFFFF4F
:1011B000FFFFFFFFFFFFFFFFFFFFFFFFFFFFFFFF3F
:1011C000FFFFFFFFFFFFFFFFFFFFFFFFFFFFFFFF2F
:1011D000FFFFFFFFFFFFFFFFFFFFFFFFFFFFFFFF1F
:1011E000FFFFFFFFFFFFFFFFFFFFFFFFFFFFFFFF0F
:1011F000FFFFFFFFFFFFFFFFFFFFFFFFFFFFFFFFFF
:10120000FFFFFFFFFFFFFFFFFFFFFFFFFFFFFFFFEE
:10121000FFFFFFFFFFFFFFFFFFFFFFFFFFFFFFFFDE
:10122000FFFFFFFFFFFFFFFFFFFFFFFFFFFFFFFFCE
:10123000FFFFFFFFFFFFFFFFFFFFFFFFFFFFFFFFBE
:10124000FFFFFFFFFFFFFFFFFFFFFFFFFFFFFFFFAE
:10125000FFFFFFFFFFFFFFFFFFFFFFFFFFFFFFFF9E
:10126000FFFFFFFFFFFFFFFFFFFFFFFFFFFFFFFF8E
:10127000FFFFFFFFFFFFFFFFFFFFFFFFFFFFFFFF7E
:10128000FFFFFFFFFFFFFFFFFFFFFFFFFFFFFFFF6E
:10129000FFFFFFFFFFFFFFFFFFFFFFFFFFFFFFFF5E
:1012A000FFFFFFFFFFFFFFFFFFFFFFFFFFFFFFFF4E
:1012B000FFFFFFFFFFFFFFFFFFFFFFFFFFFFFFFF3E
:1012C000FFFFFFFFFFFFFFFFFFFFFFFFFFFFFFFF2E
:1012D000FFFFFFFFFFFFFFFFFFFFFFFFFFFFFFFF1E
:1012E000FFFFFFFFFFFFFFFFFFFFFFFFFFFFFFFF0E
:1012F000FFFFFFFFFFFFFFFFFFFFFFFFFFFFFFFFFE
:10130000FFFFFFFFFFFFFFFFFFFFFFFFFFFFFFFFED
:10131000FFFFFFFFFFFFFFFFFFFFFFFFFFFFFFFFDD
:10132000FFFFFFFFFFFFFFFFFFFFFFFFFFFFFFFFCD
:10133000FFFFFFFFFFFFFFFFFFFFFFFFFFFFFFFFBD
:10134000FFFFFFFFFFFFFFFFFFFFFFFFFFFFFFFFAD
:10135000FFFFFFFFFFFFFFFFFFFFFFFFFFFFFFFF9D
:10136000FFFFFFFFFFFFFFFFFFFFFFFFFFFFFFFF8D
:10137000FFFFFFFFFFFFFFFFFFFFFFFFFFFFFFFF7D
:10138000FFFFFFFFFFFFFFFFFFFFFFFFFFFFFFFF6D
:10139000FFFFFFFFFFFFFFFFFFFFFFFFFFFFFFFF5D
:1013A000FFFFFFFFFFFFFFFFFFFFFFFFFFFFFFFF4D
:1013B000FFFFFFFFFFFFFFFFFFFFFFFFFFFFFFFF3D
:1013C000FFFFFFFFFFFFFFFFFFFFFFFFFFFFFFFF2D
:1013D000FFFFFFFFFFFFFFFFFFFFFFFFFFFFFFFF1D
:1013E000FFFFFFFFFFFFFFFFFFFFFFFFFFFFFFFF0D
:1013F000FFFFFFFFFFFFFFFFFFFFFFFFFFFFFFFFFD
:10140000884207D0904205D251F8043B40F8043B93
:101410008242F9D8704700BF884204D2002340F8C6
:10142000043B8142FBD87047664B4FF42A01664A61
:1014300066482DE9F0475A641864654A99639546F1
:10144000BFF34F8FBFF36F8F21F030F8614B08204F
:10145000614A6249C3F854016148FFF7D1FF614A0C
:1014600061496248FFF7CCFF61496248FFF7D4FF4A
:10147000614C62494FF470000023614A086044F8EF
:1014800023200133B02BFAD15E4B80215E4A03F852
:10149000011B9342FBD14F4D4FF080385B494FF019
:1014A000FF325B4B0026DFF8A4A1DFF8A4911C609B
:1014B000C5F80481C5F800A1C5F8F480C5F8F0901E
:1014C0000B68544F43F4E0230B60FB693D4923F064
:1014D0007F0343F04003FB617B6A23F07F0343F00B
:1014E00040037B628A66CA660A674A6720F0E4FFA7
:1014F000494A4A4B6320A2630321E363484A494BAC
:10150000106000F160401E6042F8041C00F6A170FB
:101510004549464AC3F8082D0B68454A43F0807395
:101520000B601368434943F00103136003680B60C9
:1015300021F012FAC5F804813F48C5F800A1C5F8AA
:10154000F480C5F8F09021F0AFFBF96E3B4A41F40E
:1015500040513B4BF9661660C2F80861C2F8186149
:10156000C2F82861C2F838619A6BD20708D442F6F3
:101570001562344959651A659A6B42F001029A6303
:101580002F4A314C936843F00113936021F006F821
:1015900020F060FF21F078FB21F010FA20F088FFA6
:1015A0002368132BFCD921F097FA2368B3F5967FB3
:1015B000FBD320F07FFF21F063FB21F081FB30BFE4
:1015C000FDE700BF00C00A40FFAAAAAA070020004A
:1015D0000000062000800D4008C1010004F80260F0
:1015E00000000000C06E002010B904600000002060
:1015F000A0F70020DC940020006C002088ED00E0C3
:10160000310C010000E400E0A0E400E024ED00E083
:1016100008ED00E000C00F409D200100A120010066
:1016200014E000E018E000E0FCED00E00000202005
:10163000001000E048F500200046C32300400840A9
:1016400000400D400000C0564CF500201B10182033
:101650000C0D11134FF48C72002121F00DBB00BF53
:1016600018B14FF48C7110F079BA7047C02A2DE987
:10167000F0473AD0B2F5807F33D0802A03D06FF0A4
:101680001F00BDE8F0870A239846036000F10803B5
:101690008446520900274CF8043F01EB870E11F8ED
:1016A000275001379EF802609EF8014097424FEAAA
:1016B00006469EF803E046EA042444EA050444EAA8
:1016C0000E644CF8044FE8D3B8F10C0F11D0B8F108
:1016D0000E0F00F08180B8F10A0F47D00020BDE85E
:1016E000F0870E2303609846D0E70C2303609846EA
:1016F000CCE76B4AC8300121964601E05EF8041F32
:101700005E69183353F8184CC6F3072702EB166CC2
:1017100052FA86F517449CF8288095F828C097F867
:101720002850C6F3074745EA08451744654097F82F
:10173000288053F8147C85EA0C6453F8105C84EA22
:101740000824614053F8084C4F40196053F80C1CB2
:101750007D405F6069409D604C40D96066401C617F
:101760005E619842CAD10020BDE8F0874C4A00F182
:10177000A80C0121964601E05EF8041FD8681033DA
:1017800053F8104CC0F3072702EB106852FA80F5AB
:10179000C0F30746174498F828A095F828901644F7
:1017A00097F8285096F8288045EA0A4553F80C6CBB
:1017B00053F8087C654085EA096484EA082461409E
:1017C0004E40196077405E6078409F60D860634506
:1017D000D2D10020BDE8F087314AE8304FF001084F
:1017E000964601E05EF8048FDF69203353F8201C31
:1017F000C7F3072502EB176652FA87F4154496F8EB
:1018000028C094F8284095F82860C7F3074546EAB1
:101810000C461544714095F828C053F81C6C81EAB9
:10182000046153F8185C81EA0C2484EA080484EA11
:1018300006011C6053F80C6C81EA0504596053F8EA
:10184000141C9C60614053F8104C53F8085C52FA29
:1018500081FC02EB1169C1F30728D9609CF828C00C
:10186000C1F3074199F8289090448CEA040402EBF4
:10187000010C98F8281084EA09649CF828C084EACE
:10188000012484EA0C414E40196175405E616F404D
:101890009D61DF619842A5D10020BDE8F08700BFBF
:1018A000E82C02602DE9F04FC9B005460C461646FB
:1018B00000214FF48C7202A821F0DEF905F1080333
:1018C000324621466B6002A8FFF7D0FE0190002847
:1018D0006DD1DDF8089005F1180A039A4FEA09184E
:1018E00009F1FF3CC5F8009052F8083002EB080EF1
:1018F000BCF1000FAB60AEF1100BDEF80430EB6012
:10190000DEF808302B61DEF80C306B613FDDAEF1A4
:10191000140E14352A4805F11004714651F8043F9D
:1019200050FA83F700EB1366C3F30722C3F30743B0
:1019300097F8287096F82860024400EB8707034464
:1019400000EB860692F82820D7F82871D6F828658B
:1019500000EB820293F828307740D2F8282900EB78
:1019600083037A40D3F8283D534045F8043FAC4206
:10197000D4D1BCF1010CAEF1100E2546CBD14FEA0B
:101980000919A8F11003C9F110099A44CB44DBF8F6
:101990000030CAF80030DBF80430CAF80430DBF855
:1019A0000830CAF80830DBF80C30CAF80C3002A84E
:1019B0004FF48C7110F0D2F8019849B0BDE8F08F67
:1019C000E82C026003682DE9F04F5B1089B0D1F874
:1019D0000080059242681846079302F110041368CC
:1019E00001388D68069488EA0308044693680290DB
:1019F000D1F804E05D405068002CD368D1F80CA009
:101A00008EEA000E12698AEA030B019240F32B82E0
:101A1000069F7046DFF858A429465FFA88F2C0F3A3
:101A200007254FEA1B63C1F3074E0AEB82020AEB5C
:101A30008303166B0AEB8505D3F83024CBB25FFA2B
:101A40008BF40AEB830372400AEB8E0E1B6B060EBF
:101A50000AEB840403934FEA1169D5F830380AEB96
:101A60008605246B5FFA80FC82EA0306DEF8303CD0
:101A70000AEB8909C0F307407340FE68D9F8309437
:101A80004FEA18627440C8F307260AEB8000C1F3DE
:101A900007210AEB860684EA09040AEB8C0CD0F8CD
:101AA00030ECD6F830980AEB8202DCF830C00AEB52
:101AB0008101786884EA0909019EC8F30748D2F8D1
:101AC00030248CEA00005E40CBF307235040039A99
:101AD0000AEB8304BB68D5F83054CBF3074B534073
:101AE000D4F83048D1F830180AEB88080AEB8B0B91
:101AF0005D4089EA0E024140DBF830CC6540D8F801
:101B0000300C5FFA86FE81EA0C01130E6840C2F3C6
:101B1000074CCDB20196C0F3074B0AEB8E0E0AEBD1
:101B20008303C1F30729340EDEF830E0D3F83034F4
:101B30000AEB8B0B0AEB85050AEB8C0CDBF8306C9F
:101B40004FEA1168D5F830B08EEA030EC0F30725CE
:101B5000DCF8303C0AEB84045FFA80FC0396D4F88E
:101B600030440AEB88080AEB8C0C04930AEB8909D1
:101B70008BEA040B0AEB8505C1F30741D9F83098CD
:101B8000000ED5F830580AEB8101D8F830340AEB52
:101B900080007E69DCF83040C2F3072C8BEA060B2C
:101BA000D2B2BE695C403B690AEB8C0C74400AEB14
:101BB0008202019E8EEA0303D0F830048BEA050509
:101BC00083EA0909126BDCF83038C6F3072C42406F
:101BD000C6F307465C400AEB8C0CFB690AEB8606F1
:101BE000DCF830085A40D1F8303CD6F8301C42407E
:101BF000039E0498614082EA030B029B57F8204F32
:101C000089EA0608013B85EA0000019402937FF40B
:101C100004AF6FF07843079A86460D461A44134680
:101C2000069A02EB43130693069B5FFA8EF7C5F301
:101C300007244FEA186259682E0EEBB2C5F3074528
:101C40005FFA8BF0CBF3072C02950AEB82020AEBCA
:101C500087050AEB8000D2F830242D6B0AEB86064C
:101C6000076B4FEA1E605540D6F830645FFA88F281
:101C70007E404FEA1B670AEB8202694004960AEB3A
:101C80008000166B0AEB83030AEB8702D0F830540E
:101C90001B6BC8F30727D2F830240AEB840406989C
:101CA0005D400AEB8C0386EA020CCEF30722039117
:101CB000049ECBF30741D3F830B80AEB8203C26825
:101CC0000AEB8707CEF3074E0AEB8109724086685C
:101CD00001980AEB8E0E0399C8F30748D7F83078BD
:101CE0008CEA000CD4F830480AEB8808D3F83008A6
:101CF00085EA0603029D4C40DEF830EC7A40D9F8C4
:101D0000301C0AEB850582EA0E02D8F8307C61406F
:101D100083EA0B03D5F8304C8CEA000C83EA070009
:101D2000524B8CEA040CC2F30744C2F30728C1F3F8
:101D3000072E1C4453FA8CF69E4403EB126901945F
:101D400003EB08049EF828E0C0F30747039453FA16
:101D500082F41F4453FA80F80494C0F3072596F8E0
:101D6000282003EB1060069E53FA81FB99F8289017
:101D700003EB1C6A36691D440790724097F82800EF
:101D8000019C03EB116782EA0962CCF3072694F801
:101D90002840C1F3074182EA0E22CCF3074C02949B
:101DA000194482EA00429C441E44039B1446069A4E
:101DB00093F828E0506998F828800190019B906979
:101DC0009BF828B09AF828A088EA000097F82870B5
:101DD0008BEA030BD2F81C90049B8BEA0A6B079AE0
:101DE00080EA076095F8285092F8288080EA0E274C
:101DF000059A8BEA052B93F82830A646147000202C
:101E0000029C83EA090996F828608BEA04449CF84E
:101E1000285089EA086391F82810147187EA054769
:101E200083EA06231646724683EA01433772110A93
:101E3000150C3373120E7170210AB570F2703A0CE2
:101E40007171390A250CB272240E71721A0CB571B7
:101E5000190AF4713F0EB2731B0E7173F772F373AC
:101E600009B0BDE8F08FDFF808A0DDE6E82C0260DD
:101E7000E03D02602DE9F047089E984607461C6841
:101E8000DDF82490DDF828A0B1B182B10AF1FF3A63
:101E9000154654B3315D621C19F8013B013D83EADC
:101EA00001030AF8013F335502F00F04F1D1C8F8DD
:101EB00000400020BDE8F087002AF8D0154674B134
:101EC000335D611C19F8012B013D83EA02030AF816
:101ED000013B325501F00F04E9D0002CF0D132461D
:101EE00031463846FFF76EFDEAE73246314638465E
:101EF000FFF768FDCEE700BF002A45D02DE9F04787
:101F000086B01C46894682460F9B164603F101089F
:101F10000E9B5F1C19E017F8012C23788DF8142014
:101F2000534008F8013CDDF80500013EDDF80910DA
:101F300008F10108DDF80D2007F10107DDF8113087
:101F400020606160A260E3601AD0206801AD616822
:101F5000A268E3680FC5224621465046FFF732FDCE
:101F6000B9F1000FD7D02278B9F1010F17F8013C71
:101F700083EA020308F8013C08BF8DF81430D2E769
:101F8000002006B0BDE8F087002070472DE9F04F33
:101F9000156883B00F2DDDF830B0DDF83480DDF842
:101FA00038902AD81F460E468246019271B19DB1E3
:101FB0001BF80510013E18F8012B05F1010582EA16
:101FC000010205F00F0509F8012BF0D1019B00205B
:101FD0001D6003B0BDE8F08F5A4639465046FFF702
:101FE000F1FC07F1100212F8014D0134E4B2147053
:101FF000002CDDD19742F6D1DAE76FF02000E8E758
:102000002DE9F04F03688BB0D1F804805B10089283
:1020100042680993013B02F110041068029307948F
:102020001C465368D1F800E0002C88EA03038F684F
:102030008EEA000EC96890681E46D368126987EA66
:10204000000783EA0103019240F34082DDF81C900F
:10205000B446DFF884A41C465FFA8EF0C4F307216F
:102060004FEA1C62C7F30743FEB20AEB80000AEB9B
:102070008202D0F828010AEB8606D2F828250AEB5E
:1020800081015FFA8CF580EA020BD6F828010AEB91
:10209000830303900AEB8505D1F828094FEA1E61F6
:1020A000D3F8283D5FFA84F88BEA00000AEB81013F
:1020B000D5F828513A0E80EA030BD9F80430D1F84C
:1020C0002805CEF307215D40CEF307430AEB810ECE
:1020D000D9F80C100AEB8808C7F3072704910AEB1C
:1020E000820201990AEB8707D8F82881260E8BEA2D
:1020F000010B0499D2F82825C4F3074488EA0101AA
:10210000D7F828795540DEF828294840CCF3072E27
:102110006A400AEB8606039D0AEB8E0E7840D9F8DA
:102120000870DEF828190AEB840485EA070ED6F851
:102130002865D4F8284D0AEB83038EEA0606CCF313
:10214000074C6240D3F8285D0AEB8C0C7140130EEB
:102150006940DCF8287D5FFA8BF47840C1F3074CC6
:102160000AEB8303CBF307275FFA82FEC0F307284D
:10217000D3F828350AEB8C0C0AEB8404C0F307462D
:1021800003930AEB8E0EDCF8283D0AEB8808D4F89E
:1021900028410AEB8707DEF828C1050E0194C0B27A
:1021A000D8F828890AEB860604930AEB8505D7F848
:1021B0002879C2F30724D6F8286DC2F307420597A1
:1021C0000AEB8007039B0AEB840401980AEB820266
:1021D00006964340D5F82865D9F810000D0ED2F8C0
:1021E000282D43400AEB8505C8B2C1F30721D5F875
:1021F000285583EA08030AEB800E8CEA050C4FEAA7
:102200001B60DEF828510AEB81010AEB8000CBF35A
:10221000074B6E40049D0AEB8B0B83EA050ED9F841
:102220001450D4F828398CEA050CD9F81850D7F88E
:1022300028416E40059FD0F828558CEA070C5E4077
:10224000069B6C40D1F828098CEA030CD9F81C10C5
:1022500059F8203F4C40DBF8287D0193029B444015
:102260007740013B84EA020402937FF4F5AE6FF0FD
:10227000784209996646234611440A46079901EBBC
:10228000421207925FFA8EF5B146340EC7F3072863
:102290000AEB8505C3F3072CF0B2C7F30746390EE6
:1022A000CEF3072B0296FAB2D5F828611D0E0AEB81
:1022B0008404CEF307470AEB80000AEB8101D4F8CF
:1022C00028450AEB8202D0F828010AEB8505D1F8EF
:1022D0002815D2F828217440D5F8285541404FEAF6
:1022E0001E660397D8B26A40019D0AEB86060AEB88
:1022F0008000C3F307436C40079DD0F828710AEBB8
:102300008C00D6F828650AEB880E6D68C9F307487B
:1023100087EA060C029E0195C9F307250AEB86079A
:10232000079E0AEB8509019D0AEB8303D0F8280973
:102330006940B56801930AEB8B0B02950AEB88089C
:10234000029B4440DEF828595A40039BDBF8286979
:102350000AEB830E079BD7F8287D7140DB687C4031
:10236000D9F828B98CEA030C019B82EA0B02D3F856
:10237000280D8CEA0506D8F8283D4840C4F307210B
:102380005E40544BDEF828EDC0F307271944C6F32E
:10239000072A82EA0E0553FA80F211F8C81CDF19E9
:1023A00003EB156812F8C82C02919A44079953FA66
:1023B00084F918F8C88C03EB106C4969C6F3074B15
:1023C0000397C5F3074E4A4053FA85F703EB1661AE
:1023D0001AF8C8AC82EA0862C0F3074003EB14683D
:1023E000C5F30725C4F30744CDF804A0184419F831
:1023F000C8AC9B441CF8C89C9E4411F8C8CC1D4432
:10240000079953FA86F62344079C0490A46902981E
:1024100017F8C87C096982EA002267400398079C84
:102420008AEA010116F8C86C87EA0C6710F8C8AC94
:1024300081EA09610198E46987EA0A2A1BF8C8BCA5
:1024400081EA002118F8C88C6640049882EA0B42A1
:102450001EF8C8EC86EA086610F8C84C002081EA2D
:102460000E4E15F8C85C13F8C8CC089986EA052604
:102470008AEA0C4A0A710D4681F800E04FEA1E21F3
:1024800086EA044385F808A04FEA1E446970110AE1
:102490002B73AC70140C6971120E4FEA1A21AC71D7
:1024A0004FEA1E6EEA714FEA1A4469721A0C85F8F7
:1024B00003E0190AAC724FEA1A6AAA731B0E697319
:1024C00085F80BA0EB730BB0BDE8F08FDFF808A028
:1024D000D8E600BFD84E0260E82C026010B4012993
:1024E00014461A46214603D05DF8044BFFF788BD19
:1024F0005DF8044BFFF766BA2DE9F047160784B084
:102500000C9C0D9D59D1174680468A461E4669BBD4
:1025100042B303F1FF392068EE466168A268E368C0
:10252000AEE80F002B46002122464046FFF7D6FFBB
:102530006B1E494605F10F0E13F8010F11F8012F1C
:10254000734582EA00021A70F6D1EE46103F04F19C
:10255000100405F11005BEE80F0030607160B26034
:10256000F360D8D1002004B0BDE8F087002AF9D08C
:10257000013C03F1FF3949466A1E04F1100E14F8BC
:10258000010F11F8013F744583EA000302F8013F8F
:10259000F5D12B462A4651464046FFF79FFF286853
:1025A0006968103FAA6805F1100555F8043C3060D1
:1025B0007160B260F360DED1D4E76FF02100D2E742
:1025C000FFF700BAFFF71CBD2DE9F04FF7B000216F
:1025D000202283460DF1600A884620ACDFF8A891DE
:1025E000504620F049FB30A84FF48C72414620F051
:1025F00043FB4FEA680708F00106BD1CAD01BBF1C3
:10260000000F07D05A4A29465A48002E08BF4A46AA
:1026100020F05AFB00232A46514630A8236063600D
:10262000A360E36066BBFFF73DF9534B03EB07176D
:1026300010F1230F01D1C02D28D068B942F21075D6
:1026400002E0013D00F09D8123462246314630A83C
:10265000FFF744FF0028F4D00346BBF1000F04D07D
:102660004648049320F0ECFA049B30A84FF48C7198
:1026700004930FF073FA049B184677B0BDE8F08F0F
:10268000FEF7F4FF3E4B03EB0717D1E73D4820F080
:10269000D7FA08F10108B8F1060FAAD1BBF1000F73
:1026A00040F05A8100230DF120090CAE0493049BE5
:1026B0005F1003F00108BD1CAD01BBF1000F09D094
:1026C0002B4A2946304B3148B8F1000F08BF1A4653
:1026D00020F0FAFA00232A46514630A8C9F8003003
:1026E000C9F80430C9F80830C9F80C303360736099
:1026F000B360F36023606360A360E360B8F1000F30
:102700002ED0FEF7B3FF224B03EB0713059310F116
:10271000230F01D1C02D41D000289DD142F2107568
:1027200014AFB8F1000F40F01F8101944B460094A4
:102730001022414630A8FFF7DFFE00288CD1013D72
:10274000EFD105991022204620F07EFA002840F0B3
:102750005781BBF1000F24D00E4820F071FA20E021
:10276000FFF7A0F80C4B03EB07130593CFE700BF6F
:10277000881C00208C1C0020504F0260FC1C002094
:10278000804F0260A41C0020841C0020B41C002088
:10279000E04F0260AC1C0020B04F0260994820F06E
:1027A0004FFA049B0133062B049380D1BBF1000F39
:1027B00040F00D8100277D1007F0010605F10208A9
:1027C0004FEA8818BBF1000F08D08F4A41468F4B63
:1027D0008F48002E08BF1A4620F076FA8D4B0FCB9B
:1027E00089E80F008C4B4FEAD802504603EB4511A5
:1027F00020F01EFA00234246514630A80793FEF708
:1028000035FF10F1230F03D1B8F1C00F00F0A880FD
:1028100000287FF421AF002E40F0C1807F4BA646F8
:1028200003EB851503F1380805F5D4750FCDAEE837
:102830000F000FCDAEE80F000FCDAEE80F0095E80A
:102840000F008EE80F0002943146019407ABCDF8DB
:102850000090402230A8FFF70DFB00287FF4FCAE6B
:1028600041464022204620F0EFF9002840F0C88081
:10287000BBF1000F40F0BC800137062F9BD1BBF1AC
:10288000000F40F0B980654B00260DF1400905931B
:10289000751006F00108BBF1000F08D05A495B4BD8
:1028A0005F48B8F1000F08BF194620F00DFA4FEA53
:1028B000051E059B5B490022734407928E4403F575
:1028C0001A73A1F526770FCB89E80F009EE80F0059
:1028D0008AE80F008022514630A8FEF7C7FE034663
:1028E00000287FF4BAAE07EB8507204605EB4505C7
:1028F000D7F8C8723A46B8F1000F6CD12D014A4B97
:10290000591990331D4420F093F914AA4B460294B0
:102910003946009230A8019407AAFFF737FB034617
:1029200000287FF49AAE04903A462946204620F0CB
:102930008BF9002864D1049BBBF1000F53D1013601
:10294000062EA5D1BBF1000F3FF48FAE0A200493F1
:1029500020F0A6F9049B88E60A2020F0A1F9A1E660
:10296000284820F06DF987E796E80F0087E80F0008
:1029700094E80F0086E80F0097E80F0084E80F0046
:10298000D3E639461022204620F05EF9C0BBBBF1E9
:10299000000F3FF47EAE254820F052F979E6DFF8CB
:1029A00090E0A446BEE80F00ACE80F00BEE80F00C0
:1029B000ACE80F00BEE80F00ACE80F000EF5A07801
:1029C0009EE80F0008EB85188CE80F003BE70A2013
:1029D00020F066F9EEE62901134B5D189033194497
:1029E00020F026F991E7114820F02AF9049BA6E788
:1029F0000E4820F025F93FE70A2020F051F942E780
:102A000001232AE6A41C0020881C0020841C00202E
:102A1000CC1C00201050026020500260D84E026092
:102A2000E41C002070510260AC510260AC1C00201C
:102A3000104F02600368F0B5CD1A002D43DD1C78FD
:102A4000260608D45E1C06601C781460891BA1420F
:102A500039D30020F0BD04F07F04013C032C35D8AD
:102A6000DFE804F02A201302042D2CDD9F785E1D80
:102A700093F801E03F041D79DC7847EA0E632B43AD
:102A800043EA042414600660E0E7032D1BDD9C7814
:102A90001E1D5D782402DB7844EA05441C43146063
:102AA0000660D3E7022D0EDD5C78DE1C9B7843EADE
:102AB000042414600660C9E7012D04D05C789E1CD4
:102AC00014600660C2E76FF05F00F0BD6FF0630056
:102AD000F0BD00BF70B404680E1B002E0BDD26781D
:102AE0009E4204D10134046070BCFFF7A3BF6FF0B5
:102AF000610070BC70476FF05F00FAE770B5056861
:102B000082B04C1B002C06DD2C78012C07D06FF016
:102B1000610002B070BD6FF05F0002B070BD0135A2
:102B2000164601AA04460560FFF784FF0028F0D18D
:102B3000019B012B09D1236813F8011B003118BF39
:102B400001213160236002B070BD6FF06300E0E7E7
:102B50000368F0B5CC1A83B0002C06DD1C78022C7B
:102B600007D06FF0610003B0F0BD6FF05F0003B0FD
:102B7000F0BD0133174601AA06460360FFF75AFF6E
:102B80000028F0D1019B013B032B13D8316891F948
:102B90000020002A0EDB04463860019311F8015B27
:102BA000013B45EA04245A1C01933C603160F5D195
:102BB00003B0F0BD6FF06300D5E700BFF8B5036860
:102BC000CF1A002F05DD1F78032F05D06FF06100AD
:102BD000F8BD6FF05F00F8BD013304460E46036098
:102BE000FFF728FF0028F3D113681546002BF0D01B
:102BF0002268013B2B601278072A2A710CD82268C0
:102C000001322260AA60226813449E4223600CBFF6
:102C100000206FF06500F8BD6FF06300F8BD00BFE5
:102C200070B505684C1B002C05DD2C78032C05D0F5
:102C30006FF0610070BD6FF05F0070BD013504463C
:102C40000560FFF7F7FE0028F4D113681646012B44
:102C500003F1FF32326005D923685A1C22601B78C9
:102C6000002BE7D06FF0670070BD00BF2DE9F04387
:102C700099460368164683B0CA1A002A08DD1A78F6
:102C8000302A0BD06FF06108404603B0BDE8F083F6
:102C90006FF05F08404603B0BDE8F083013301AA3E
:102CA00005460F460360FFF7C5FE80460028EBD1BE
:102CB0002A68019B13449F421FD19742A7EB02034E
:102CC00016D91178002B3160E2DD13789945D9D1FE
:102CD000541C3946321D28462C60FFF7ABFED8B98C
:102CE0002B687268B3602B681A4497422A6007D831
:102CF0000023F3602B689F42C6D06FF06508C3E7DE
:102D0000102101201FF0E4FFF060064608B12A6898
:102D1000D3E76FF06908B7E78046B5E770B5056897
:102D200082B04C1B002C06DD2C78022C07D06FF0F3
:102D3000610002B070BD6FF05F0002B070BD013580
:102D4000164601AA04460560FFF774FE0028F0D17C
:102D5000019A3046216801F037F92268019B13443B
:102D6000236002B070BD00BF2DE9F041066882B05B
:102D7000C6EB010EBEF1000F0ADD96F800E0BEF1D1
:102D8000300F0BD06FF06106304602B0BDE8F08125
:102D90006FF05F06304602B0BDE8F0810136904624
:102DA00001AA044606600D461F46FFF743FE06468D
:102DB0000028E9D12368ED1A002DE9DD019D1A787C
:102DC000002DC8F80020E3DD1A78062ADAD11D4468
:102DD000013308F10402204623602946FFF72AFE4A
:102DE00006460028D0D12368D8F80420C8F8083057
:102DF00021688B189D4223601ED08E5C01333A46B9
:102E00002946204642F8046B2360FFF713FE70B991
:102E100022687B68BA60226813449D4223600CBF1D
:102E200000266FF06506304602B0BDE8F081064628
:102E3000304602B0BDE8F08138460C210EF08EFE1F
:102E4000A2E700BF10B584B0002401AB0294019446
:102E50000394FFF789FF48B9019B052B00D03BB9CC
:102E6000029B002B14BF6FF06700002004B010BD60
:102E70006FF06700FAE700BF70B5044670B10E4608
:102E8000154601E0A4694CB16368AB42FAD12A4609
:102E90003146A0681FF0D8FE0028F3D1204670BD4F
:102EA00068B110B5044680681FF0F6FE60691FF037
:102EB000F3FE20462021BDE810400EF04FBE7047C3
:102EC00038B504685CB10546A36920462B60FFF75E
:102ED000E7FF20461FF0E0FE2C68002CF4D138BD3F
:102EE0007F2A0346F0B40AD80468611A00296ADD13
:102EF000611E0120196004F8012CF0BC7047FF2A04
:102F000010D80468611A01295DDD651E8121022047
:102F10001D6004F8012C1A68541E1C6002F8011C84
:102F2000F0BC7047B2F5803F1FD3B2F1807F28D24A
:102F30000468611A032946DD601E160A150C8321F8
:102F40001860042004F8012C1A68541E1C6002F852
:102F5000016C1A68541E1C6002F8015C1A68541E49
:102F60001C6002F8011CF0BC70470468611A022959
:102F700029DD661E150A822103201E6004F8012C3B
:102F8000E7E70068411A04291DDD441E160A150CE6
:102F900084211C60140E00F8012C05201A68571EAD
:102FA0001F6002F8016C1A68561E1E6002F8015C70
:102FB0001A68551E1D6002F8014C1A68541E1C60E8
:102FC00002F8011C99E76FF06B0096E70368591A45
:102FD000002909DD012110B45C1E0460084603F8D5
:102FE000012C5DF8044B70476FF06B010846704789
:102FF00038B505688D420CD36C1A9C4209D31C4627
:1030000003461146281B224618601FF011FE204679
:1030100038BD6FF06B0038BDF8B5054610460E465A
:10302000174600F0CBFF2968B1422ED38B1B044614
:1030300098422AD8091A02463846296000F0FAFF59
:10304000A0B93B68012B12D0224631462846FFF733
:1030500047FF00280ADB2B6801349E1B002E14DD7D
:10306000591E02222044296003F8012CF8BD2B6868
:1030700093F90020002AE7DA9A1B002A05DD5A1E80
:1030800001342A6003F8010CDEE76FF06B00F8BD35
:1030900002680346501A002812DD002010B4541EA6
:1030A0001C6002F8010C1A68511A81420BDD541E93
:1030B000052102201C6002F8011C5DF8044B7047DA
:1030C0006FF06B0070476FF06B005DF8044B70475A
:1030D000F8B50568A94202D86C1AA34203D96FF06B
:1030E0006B042046F8BD0746E81A1C460E463860B9
:1030F00011461A461FF09CFD002CF2DB2246314699
:103100003846FFF7EDFE00280CDB3B680134991BC5
:103110000029E4DD591E062204443960204603F8E4
:10312000012CF8BD04462046F8BD00BFF8B5069D49
:103130008DB90468661A002E27DD661E066004F845
:10314000015C0468651A002D1FDD671E0526022537
:10315000076004F8016C0C460646FFF7B9FF00282B
:1031600015DB0544214630462A46FFF7B9FE002804
:103170000DDB336801351C1B002C06DD591E302287
:103180002844316003F8012CF8BD6FF06B00F8BDE6
:10319000F8B505686E1A002E1BDD131C05F1FF370C
:1031A0004FF00102044618BF012307600E465B4240
:1031B00005F8013CFFF794FE002809DB2368991B02
:1031C000002906DD591E01220230216003F8012C7E
:1031D000F8BD6FF06B00F8BD036870B55C1A002C89
:1031E0001EDD5C1E002A046003F8012C04DD036868
:1031F00093F90020002A16DB012632460C460546CC
:10320000FFF76EFE00280ADB2B680136191B002928
:1032100006DD591E02223044296003F8012C70BDDE
:103220006FF06B0070BD5A1A002AF9DD5C1E002297
:103230000226046003F8012CDFE700BFF8B505683B
:10324000A94202D86C1AA34203D96FF06B0420463E
:10325000F8BD0746E81A1C460E46386011461A4665
:103260001FF0E6FC002CF2DB224631463846FFF721
:1032700037FE00280CDB3B680134991B0029E4DD94
:10328000591E132204443960204603F8012CF8BD6E
:1032900004462046F8BD00BFF8B50568A94202D82B
:1032A0006C1AA34203D96FF06B042046F8BD0746A1
:1032B000E81A1C460E46386011461A461FF0B8FC44
:1032C000002CF2DB224631463846FFF709FE002883
:1032D0000CDB3B680134991B0029E4DD591E1622E2
:1032E00004443960204603F8012CF8BD044620460A
:1032F000F8BD00BF2DE9F84313F00704066818BFB6
:1033000001248E4204EBD3042DD30F4604F10109AE
:10331000711A494527D38046301B11462246C8F80A
:1033200000001D461FF084FCD8F80060C5EBC40304
:103330004A46751E39464046C8F8005006F8013C1A
:10334000FFF7CEFD00280CDBD8F800300234DF1B7D
:10335000002F08DD591E03222044C8F8001003F88E
:10336000012CBDE8F8836FF06B00BDE8F88300BF67
:10337000F8B50568A94202D86C1AA34203D96FF0C8
:103380006B042046F8BD0746E81A1C460E46386016
:1033900011461A461FF04CFC002CF2DB2246314647
:1033A0003846FFF79DFD00280CDB3B680134991B74
:1033B0000029E4DD591E042204443960204603F844
:1033C000012CF8BD04462046F8BD00BF2DE9F047AA
:1033D00082B0074600681E46894690460A9DFFF760
:1033E0004BFDF0B1036904469D4209D8AEB12A46AF
:1033F000314660691FF01CFC204602B0BDE8F08732
:10340000294601201FF064FC074640B360691FF0A5
:1034100043FC67612561002EE9D1204602B0BDE87A
:10342000F087202101201FF053FC0446B8B1C0F8FA
:103430000480414601201FF04BFC8246A06080B111
:10344000424649461FF0F4FB2561294601201FF042
:103450003FFC606150B13B683C60A361C6E700205F
:10346000CBE720461FF018FC5046C6E701905046B7
:103470001FF012FC20461FF00FFC019B1846BCE712
:103480002DE9F04F099D4D4CA4FB0554099D64089E
:1034900004EB440B5D4518BF0134B4F1804F80F05C
:1034A0008580A400013400287BD08C4294BF002189
:1034B0000121002975D1BBF1000F6FD08946DD1CB9
:1034C000041D3F4915F803EC09F1030915F8027CC6
:1034D0002B4615F8016C4FEA0E184FEA870CCB45C6
:1034E00008F0300801EB961A0CF03C0C4FEAAE0ED7
:1034F00001EB171706F03F0611F80EE005F1030582
:1035000017F808708E5D1AF80C80A44604F8037C46
:1035100004F1040404F808EC04F8068C04F8056CC3
:10352000D0D8099949451FD909F10109099C197891
:103530004C4522D95B780E01214D89109C0006F084
:10354000300605EB13136F5C04F03C019C5D0CF13D
:103550000303695C8CF801408CF802108CF8007051
:103560003D2103F1010C1970C0EB0C000023106029
:1035700018468CF80030BDE8F08F0C01104D891012
:103580003D2604F030040CF103036F5C295D8CF8D8
:1035900000708CF801108CF80260E1E7D94684468F
:1035A000BFE714606FF02900BDE8F08F4FF0FF33E4
:1035B0006FF029001360BDE8F08F00BFABAAAAAA84
:1035C000CC52026030B4029C0CB130BC58E72046AB
:1035D000146030BC704700BF2DE9F047DDF820E0F3
:1035E0009146BEF1000F00F09E8000229C46DFF85D
:1035F0005CA1904617461CF807300CEB07053C46CB
:10360000202B04D07DE015F8016F202E04D1013469
:10361000A645A4EB0703F6D8A6451DD0C4EB0E05BE
:10362000012D1CF8045001D90D2D5BD00A2D0FD0AF
:10363000002B5ED13D2D60D02E065AD4554495F80E
:1036400040307F2B55D00AB13F2B52D908F10108E9
:10365000671CBE45CFD8BE46B8F1000F63D008F056
:1036600007034FEAD80803EB430308EB48085B0065
:10367000C2EB4808073308EBD30300285DD08B4228
:1036800094BF00210121002957D1BEF1000F52D073
:1036900007460326E6440C46DFF8B0802A4D0EE0CC
:1036A0004244013492F8403003F03F02402B08BFFF
:1036B000013E042C42EA811125D0E6450CD01CF8CD
:1036C000012BA2F10A03DBB2162BE9D825FA03F38A
:1036D000DB07E5D5E645F2D1381AC9F8000000202D
:1036E000BDE8F087671C1CF807600A2EB1D0002BDC
:1036F000A4D06FF02B00BDE8F0870132022A9DD9DB
:10370000F7E7002388E766B10B0C012E3B7007D06A
:103710000B0A022E7B700BD0B97000240337CCE764
:1037200001370024C9E70020C9F80000BDE8F08790
:1037300002370024C1E77046CFE7C9F800306FF0C8
:103740002900BDE8F08700BF09004000CC520260AC
:1037500010B54024A4B058B92B4B03AA04A8009478
:103760008021FFF78DFED8B10124204624B010BD82
:1037700026481FF0A9FA03AA04A80094224B80212E
:10378000FFF77EFE28B9582204A921481FF05CFAF1
:1037900000B301241F481FF053FA204624B010BD87
:1037A000582204A91A481FF04FFA0028DCD15820EB
:1037B00003AA174B8021009004A8FFF70DFF0028F3
:1037C000D2D1224604A910481FF03EFA0446002830
:1037D000CAD1CAE710481FF077FA582103AA0C4B48
:1037E000009104A88021FFF7F7FE0028D1D12246DE
:1037F00004A905481FF028FA04460028C9D1074843
:103800001FF01EFAB1E700BF8C530260041D0020B8
:10381000CC530260FC1C0020201D0020401D002015
:1038200050B30023F0B5A1F1040E15461E462F68D3
:103830000136FC1A2C605EF8041F8C42A4EB0104D4
:103840002CBF4FF0000C4FF0010C45F8044B9F4289
:103850002CBF63460CF10103B042E8D102EB8002B9
:103860004BB111689942A1EB030134BF012300233E
:1038700042F8041BF5D3F0BD704700BFF0B5864693
:1038800087B00020BEF10F0F0391029201930590C3
:1038900040F2D080F446ACF1100C03980299059ADE
:1038A000019B50F8044B4FF000050E68E3FB042524
:1038B000B71845F1000241F8047B50F8044B4FF073
:1038C00000050E68E3FB0425B71845F1000241F836
:1038D000047B50F8044B4FF000050E68E3FB042511
:1038E000B71845F1000241F8047B50F8044B4FF043
:1038F00000050E68E3FB0425B71845F1000241F806
:10390000047B50F8044B4FF000050E68E3FB0425E0
:10391000B71845F1000241F8047B50F8044B4FF012
:1039200000050E68E3FB0425B71845F1000241F8D5
:10393000047B50F8044B4FF000050E68E3FB0425B0
:10394000B71845F1000241F8047B50F8044B4FF0E2
:1039500000050E68E3FB0425B71845F1000241F8A5
:10396000047B50F8044B4FF000050E68E3FB042580
:10397000B71845F1000241F8047B50F8044B4FF0B2
:1039800000050E68E3FB0425B71845F1000241F875
:10399000047B50F8044B4FF000050E68E3FB042550
:1039A000B71845F1000241F8047B50F8044B4FF082
:1039B00000050E68E3FB0425B71845F1000241F845
:1039C000047B50F8044B4FF000050E68E3FB042520
:1039D000B71845F1000241F8047B50F8044B4FF052
:1039E00000050E68E3FB0425B71845F1000241F815
:1039F000047B50F8044B4FF000050E68E3FB0425F0
:103A0000B71845F1000241F8047B50F8044B4FF021
:103A100000050E68E3FB0425B71845F1000241F8E4
:103A2000047B059202910390BCF10F0F3FF633AF78
:103A30000EF00F0EBEF1070F68D90EF0070E0398B7
:103A40000299059A019B50F8044B4FF000050E684F
:103A5000E3FB0425B71845F1000241F8047B50F858
:103A6000044B4FF000050E68E3FB0425B71845F141
:103A7000000241F8047B50F8044B4FF000050E683B
:103A8000E3FB0425B71845F1000241F8047B50F828
:103A9000044B4FF000050E68E3FB0425B71845F111
:103AA000000241F8047B50F8044B4FF000050E680B
:103AB000E3FB0425B71845F1000241F8047B50F8F8
:103AC000044B4FF000050E68E3FB0425B71845F1E1
:103AD000000241F8047B50F8044B4FF000050E68DB
:103AE000E3FB0425B71845F1000241F8047B50F8C8
:103AF000044B4FF000050E68E3FB0425B71845F1B1
:103B0000000241F8047B059202910390BEF1000F80
:103B100015D003980299059A019B50F8044B4FF079
:103B200000050E68E3FB0425B71845F1000241F8D3
:103B3000047B059202910390BEF1010EE9D1029936
:103B4000059A0B68134441F8043B059A934234BF2D
:103B5000012200220592F4D307B0F0BDF0B44E6804
:103B60001EB38F68002307EB860656F8044D250C1C
:103B7000B742A4B245EA0343B3FBF2F502FB1533A7
:103B800044EA0343B3FBF2F402FB1433EDD10968BA
:103B9000002903DB03600020F0BC7047002BF9D044
:103BA000D31AF0BC0360002070473346F2E700BF31
:103BB00020B100230122836080E80C00704700BF21
:103BC00080B110B50446806830B1616889000DF09D
:103BD000C5FFA0681FF060F800230122A36084E8FD
:103BE0000C0010BD704700BF42F21073994223D8F9
:103BF0002DE9F0414668B14202D80020BDE8F081CD
:103C00000C460546042120461FF062F88046B0B1FC
:103C1000AF685FB1B600394632461FF009F8384642
:103C200031460DF09BFFA8681FF036F86C6000204D
:103C3000C5F80880BDE8F0816FF00F0070476FF0A5
:103C40000F00BDE8F08100BF2DE9F04146688E42CB
:103C50002ED9731E05460C460CD081689A0051F887
:103C6000230048BB0A4403E052F8040D18B90B4680
:103C7000591EF9D101239C424FF0040138BF1C4664
:103C800020461FF025F88046C0B1AF6857B1A200AA
:103C900039461EF0CDFF3846B1000DF05FFFA86831
:103CA0001EF0FAFF6C600020C5F80880BDE8F081C6
:103CB000BDE8F041FFF798BF3346DCE76FF00F0037
:103CC000BDE8F08188423AD08A68F0B50E4683B0EC
:103CD000002A36D04D6807466B1E0BD052F82310D1
:103CE0009C0041B9224403E052F8045D05BB234621
:103CF0005C1EF9D101257A683368AA423B600FD374
:103D0000521BB868AD000021920028441EF0B4FF99
:103D10002A46B168B8681EF08BFF002003B0F0BDE2
:103D200029463846FFF760FF0028F7D1AD00EFE7DE
:103D30001D467A683368AA423B60E1D2F0E7002072
:103D400070470192FFF73CFF019A1046E6E700BF7B
:103D5000F0B585B005460C46006801AB6968AA68F5
:103D60001E46D4F800C0D4F804E0A768C5F800C027
:103D7000C5F804E0AF6007C307CE20606160A260B1
:103D800005B0F0BD2DE9F0410C4649681646804665
:103D9000FFF72AFF98BB73422568D8F8001046EA5F
:103DA00003026368C2F3C012C2F1010705FB02F50A
:103DB00001FB0751C8F8001083B1A668D8F80810B5
:103DC000043E01EB830E56F8045F0C6805FB02F518
:103DD00004FB075441F8044B8E45F4D1D8F8041085
:103DE0008B420CD2D8F8082002EB830302EB81014E
:103DF0001A6807FB02F243F8042B9942F8D1BDE898
:103E0000F08100BF88423BD0F8B50C4649681546A2
:103E10000646FFF7E9FE00B1F8BD71682046FFF7DE
:103E2000E3FE0028F8D16A423168206815437368C0
:103E3000C5F3C015C5F1010705FB01FE07FB01F144
:103E400000FB05113160226802FB07E22260ABB182
:103E5000A268B168043A01EB83060B6852F8040FBC
:103E600007FB03F405FB03F300FB054041F8040BDB
:103E7000B142106800FB07331360EED10020F8BD9B
:103E80000020704770B50E4601210546FFF7ACFED5
:103E9000044688B96A680146A86892001EF0ECFEE4
:103EA000002E86EAE671AA68B4BF4FF0FF33012303
:103EB000A1EBE67111602B60204670BD4368B1EB49
:103EC000431F0AD283684A0901F01F0053F82230C9
:103ED00023FA00F000F0010070470020704700BF97
:103EE000012A22D8F8B5436805464F091646B1EBBA
:103EF000431F0C4602D392B91046F8BD04F01F01CF
:103F0000AD680124002055F8273006FA01F204FAC2
:103F100001F123EA01031A4345F82720F8BD791C73
:103F2000FFF762FE0028E9D0F8BD6FF0030070478C
:103F300003464068A0B170B49D680026043D314638
:103F400055F8044F002203E0202A01F1010108D0B6
:103F500024FA02F3013213F00103F5D0084670BCD5
:103F600070470136B042EBD11846F8E74368DBB141
:103F7000013B1ED080689A0050F82310B1B902446A
:103F800002E052F8041D89B9013BFAD101682023EF
:103F900000204FF0004202E00130202803D00A4206
:103FA0004FEA5202F8D01B1A184670475B012033C3
:103FB000EEE7826820231168EAE700BF08B5FFF743
:103FC000D5FF0730C00808BDF8B50C4612F0030154
:103FD0004368174618BF0121064601EB92059D4232
:103FE0000BD0FFF7EDFD0023012229463046736018
:103FF0003260B360FFF7F8FDD0B900213046FFF71B
:1040000041FFB0B99FB1B268E1190546EB0011F864
:10401000014DAE08013503F01803AF4204FA03F373
:1040200052F8264043EA040342F82630EED1F8BDA8
:10403000F8BDF8BDF8B514460D460746FFF796FFE4
:104040000730C608B44217D32246002128461EF086
:1040500013FE7EB12A1900239808B968DC000133E9
:1040600051F8205004F01804B34225FA04F402F881
:10407000014DF1D10020F8BD6FF00700F8BD00BF81
:10408000F8B50D460646FFF771FF72682B186C09EC
:1040900005F01F05B3EB421F34D8DCB173689C42B6
:1040A0003CD26FF04042B0681A4400EB840700EB4A
:1040B0008303121B00EB820252F8041943F8041D1B
:1040C000BB42F9D1234600EB8303002243F8042DC1
:1040D0009842FBD1A5B17068844211D2B268002128
:1040E000C5F1200602EB840302EB8004186800FA95
:1040F00005F20A4320FA06F143F8042B9C42F5D15D
:104100000020F8BD13F01F01304618BF012101EB5C
:104110005311FFF769FD0028BFD0F8BD002BD9D09F
:10412000B068D0E7F0B443684D099D4205D8CA068F
:1041300001F01F0605D09D4203D10021F0BCFFF71E
:10414000A1BECDB15A1B0BD08468214604EB850477
:1041500001EB820754F8045B41F8045BB942F9D1E2
:10416000934209D98168002401EB820201EB8301AB
:1041700042F8044B9142FBD18EB183B18468C6F101
:104180002005002004EB830353F8041D21FA06F2F6
:104190009C4242EA000201FA05F01A60F4D10020C4
:1041A000F0BC7047436870B473B16FF040448268EC
:1041B0001C4452F8245002EB84021DB11BE052F85B
:1041C000044DC4B9013BFAD14A68002A46D06FF0C9
:1041D00040448D68144455F8243005EB84011BB12C
:1041E0003EE051F8044D94B9013AFAD1181C18BFB9
:1041F000012070BC70474A684AB36FF040448D6834
:10420000144455F8246005EB8401002EECD09A424A
:104210001DD39A421ED8BBB16FF0404481681C4444
:10422000A20051F8240055F8244011442A44844245
:104230000DD307D90EE051F8044D52F8040D844215
:1042400005D807D3013BF6D1184670BC7047012052
:1042500070BC70474FF0FF3070BC70471046C8E725
:104260000023D6E72DE9F04F5C6887B00134119D3B
:10427000AC4272D8129C2668002E6ED01F460C46A7
:1042800093468246AA003046002102931EF0F4FCB9
:104290002368D7F80480129A4345126828BF434622
:1042A00004920393B8F1000F54D008F101030026E3
:1042B00015469B00019602EB03090593019E2A46D1
:1042C000DAF80830DBF8001053F8264033460F6860
:1042D0002E680133039807FB0467109E0193234661
:1042E000FFF7CCFA06FB07F702992A463B46404601
:1042F0008968FFF7C3FA002345F8044B49F8043FE7
:10430000019B9845DAD1059B049A043B1A44049218
:10431000059A0499DAF808001EF08AFC029C5046BF
:104320002146FFF73FFF002809DB4046DAF8082066
:10433000A168FFF775FA002007B0BDE8F08F129B67
:104340004046DAF808101A68FFF76AFA002007B04A
:10435000BDE8F08F04230593DAE76FF00300EBE785
:10436000436870B473B16FF0404482681C4452F8E3
:10437000245002EB84021DB11EE052F8044DDCB95A
:10438000013BFAD14A6882B16FF040448E68144410
:1043900056F8243006EB84041BB150E054F8045D59
:1043A000BDB9013AFAD11BB91A46104670BC704724
:1043B000026870BC104670474A68002AF8D06FF057
:1043C00040448E68144456F8245006EB8404002DB3
:1043D000E7D09A42ECD39A4225D802680968002AAD
:1043E00001DD002929DB002901DD002A22DB002B69
:1043F000DAD06FF0404480681C44A10050F824508B
:1044000056F8244008443144AC42CED307D90FE0DB
:1044100050F8045D51F8044DA542C6D808D3013BBD
:10442000F6D11A46C1E70A68524270BC104670477E
:104430005242BAE74FF0FF32B7E70122B5E7002357
:10444000C9E700BF0B4610B583EAE37284B0002BC6
:104450004FF00104A2EBE37201A9B4BF4FF0FF33A8
:10446000234602940092CDF80CD00193FFF778FF19
:1044700004B010BD90422DE9F041074664D0884257
:10448000144603D0FFF71EFC0646C8B90123656831
:104490003B6075B16FF04042A3682A4453F8221084
:1044A00003EB820319B10EE053F8041D59B9013D25
:1044B000FAD138460021BDE8F041FFF795BB06462A
:1044C0003046BDE8F08129463846FFF78DFB0646A9
:1044D0000028F5D1A068B6463446B968043800E033
:1044E000C6460B680EF1010850F8042FE418144476
:1044F0002CBF0123002341F8044BA24294BF1C4669
:104500005C1C45450A46EBD8002CD9D00EF10205BB
:104510004FEA88080BE01368013508F104082344CA
:10452000A34242F8043B34BF01240024C8D26B1ECE
:1045300079689942EFD829463846FFF755FB00289D
:10454000BDD1BA684244E6E70C469FE72DE9F04149
:10455000884684B00546114640461746FFF722FEBE
:10456000002838DB00230122AF4201AE0192029302
:10457000039325D0A84505D041462846FFF7A2FB66
:104580000446B0B9012378682B6010B36FF0404344
:10459000B968034451F8232001EB83031AB104E006
:1045A00053F8042D0AB90138FAD1AA680024FFF79C
:1045B00037F93046FFF704FB204604B0BDE8F08130
:1045C00039463046FFF77EFB04460028F1D13746D6
:1045D000D0E7B968E9E76FF00900EEE7F8B50E68D3
:1045E0000746136803FB06F3002B04DBFFF742FFCB
:1045F00000B93E60F8BD0D46114614462846FFF747
:10460000D1FD002807DB224629463846FFF79EFFEA
:104610000028EED0F8BD2A4621463846FFF796FF1F
:104620000028E7D176423E60F8BD00BFF8B50E68BD
:104630000746136803FB06F3002B0EDD0D461146FB
:1046400014462846FFF7AEFD00280CDB224629461B
:104650003846FFF77BFF20B1F8BDFFF70BFF0028BE
:10466000FAD13E60F8BD2A4621463846FFF76EFF74
:104670000028F1D176423E60F8BD00BF134630B548
:10468000002B85B083EAE3744FF0010501AACDF851
:104690000CD0A4EBE374B4BF4FF0FF332B4602956C
:1046A00000940193FFF79AFF05B030BD134630B573
:1046B000002B85B083EAE3744FF0010501AACDF821
:1046C0000CD0A4EBE374B4BF4FF0FF332B4602953C
:1046D00000940193FFF7AAFF05B030BD2DE9F04F1C
:1046E000074689B0002301208F4291460290059031
:1046F00003930493069307935ED002AB884601931D
:104700004F450DF1140B60D0D8F804507DB16FF017
:104710004042D8F808302A4453F8221003EB8203B1
:1047200019B104E053F8042D0AB9013DFAD1D9F8C2
:1047300004407CB16FF04042D9F80830224453F86D
:10474000221003EB820319B104E053F8042D0AB9D7
:10475000013CFAD129193846FFF746FA824648B19A
:104760005846FFF72DFA0198FFF72AFA504609B08C
:10477000BDE8F08F01463846FFF784FB82460028EB
:10478000EED18CB16FF040462644B600D9F808301F
:104790002846BA689B593244D8F80810FFF76EF8DB
:1047A000013CA6F10406F1D1D8F80020D9F8003078
:1047B00003FB02F33B60D3E702A80190FFF782FA04
:1047C000824658B9DDF804809AE739465846FFF723
:1047D00079FA82460028C3D1D94695E70DF1140B2A
:1047E000BEE700BF8B1E0E2B00F2D3802DE9F04FE9
:1047F0000C468BB04FF00009012605461046924644
:104800000F460496CDF81490CDF818901EF040FA9B
:10481000102C804632D049462846FFF733FB01462C
:1048200000283DD1B8F1000F00F0AD8083460DF1B6
:104830001009BBF1000F00F0AF801AF80B20A2F1B5
:104840003004A2F14101E0B2092888BFFF24052904
:10485000A2F1610198BFA2F13704052998BFA2F126
:104860005704A7421FD86FF0050148460191FFF792
:10487000A7F9019908460BB0BDE8F08FB0F1804F61
:1048800080F084808100284611F01C0F14BF33464D
:104890004B4603EB5111FFF7A7F90146002831D031
:1048A0000DF11009E1E703AB294607AA4846079630
:1048B000089609930397FFF711FF01460028D4D10A
:1048C0002B6807AA4946012B10D003AB2846039456
:1048D000079608960993FFF7A9FE01460028C4D160
:1048E0000BF1010BD845A4D10021BEE70793284660
:1048F000089303AB03940993FFF770FE0146002869
:10490000EED0B2E72846FFF7BDFA01460028C7D12E
:10491000B8F1000F37D00AEB080301938300B8F118
:10492000010F4FEAD00608F1FF3803F01C033CD01A
:10493000019A013012F801ED0192AEF13002AEF1B0
:104940004109AEF1610C5FFA82FBBBF1090F88BF30
:10495000FF22B9F1050F98BFAEF13702BCF1050F88
:1049600098BFAEF15702944202FA03F302D80DF158
:10497000100978E7AA6852F826703B4342F82630BF
:10498000B8F1000FCAD10DF11009ADE76FF00300C7
:1049900071E76FF0030070479AF800202D2A7FF42A
:1049A0004CAF4FF0FF322A609AE79AF800202D2A88
:1049B000BED14FF0FF330DF110092B6055E700BF5A
:1049C00000B585B00123009201AA01930293CDF8AE
:1049D0000CD0FFF783FE05B05DF804FB2DE9F04F26
:1049E000A7B04FF0010B0024814620AE019118467C
:1049F00023A91D4617462094CDF88CB0CDF890B071
:104A00002596FFF7ADFC00286FD029463846CDF833
:104A100050B015941694CDF85CB018941994CDF854
:104A200068B01B941C94CDF874B01E941F94CDF8FC
:104A300080B021942294FFF7B5FBA04220DB0DF15A
:104A4000500839460DF15C0A4046FFF73BF9044631
:104A500080B31AAB0DF1740B00934046FFF7B0F82A
:104A60005046FFF7ADF80098FFF7AAF85846FFF751
:104A7000A7F83046FFF7A4F8204627B0BDE8F08F2E
:104A8000B9F1000F05D021464846FFF7FBF904466F
:104A900038B9019B2BB339460198FFF713F9044647
:104AA000F8B11AAB0DF150080DF15C0A0DF1740B61
:104AB0000093D2E729465046FFF704F90446002840
:104AC000C7D11AAB7968CDF85CB0023118460093B3
:104AD000CDF850B0FFF788F8044648B10DF1740BDB
:104AE000BBE7002027B0BDE8F08F6FF00B00C4E7F4
:104AF00001460098FFF7C6F90DF1740B0446002833
:104B0000ABD102215846FFF76FF804460028A4D124
:104B100003213046FFF768F8044600289DD150462F
:104B2000FFF724FA00F01F001F2800F0C280C0F138
:104B30001F03404619460793FFF7A2FA04460028D0
:104B40008BD107995046FFF79BFA0446002884D181
:104B5000159B5046189A0293013B0392013A049325
:104B60009B1A05925A010A9311460692FFF788FA9A
:104B7000044600287FF471AF0A9B9B001C460BE0A3
:104B8000DDF870E05EF8043001334EF80430FFF7D2
:104B90004DFD002840F08F8051464046FFF7E0FB76
:104BA0000028524641464046EADA06995046FFF749
:104BB000B9FA044600287FF450AF05986FF04042E0
:104BC0006FF078438F4980000E94CDF83C900A90A6
:104BD000029810970244034401440A98119504383E
:104BE0008900CDF808A00C9003980391121A1B1AA3
:104BF00092005B0114460693049B059A934240F28F
:104C0000AE80039B16990433199A0A980D93125893
:104C1000CB581C9D9342C0F085804FF0FF332B5141
:104C20002B5913AF039A0133DDF83490043ADDF8C1
:104C300008A02B510B922DE0199B0C9A9A580A99B7
:104C4000026023AA5B5859461C9D436058462B5965
:104C500001252597239513932495FFF73FFD0146E2
:104C600058BB3046FFF70EF928BB049A229BAA4294
:104C7000169D01D00B9AA858039A314618605846E1
:104C8000AA585A6055F809209A60FFF769FB002876
:104C900015DD1C9D2B5900215846013B2B51FFF778
:104CA000F1F840B9059B1F98002BC5D1059A199BB7
:104CB000C5E707944CE70446CFE60446CDE61C9BC7
:104CC0000125514623AA1B595846CDF808A0239523
:104CD000139324952597FFF701FD002840F08D8060
:104CE00006995846FFF7CCF9002840F086805A46CE
:104CF00041464046FFF79AFC00287ED1139023A935
:104D00004046239524952597FFF72AFB00285FDB73
:104D1000049B043C013B0493069B203B06930B9BA6
:104D2000039369E703982F190858AAB10993002340
:104D30000893DDE9089A4B4649EA0009484651467E
:104D40001DF096FF00234FF0FF328B4208BF8242D6
:104D500000D21046386063E74FF0FF30FAE7DDF825
:104D60003C900E9C109F119DDDF808A0B9F1000F3A
:104D70000BD000994846FEF7A5FF00289BD12B6871
:104D80003A6803FB02F3C9F80030019B002B3FF4A3
:104D900064AE07994046FFF7C5F900288BD13B6800
:104DA0004146019F14933846FEF78CFF002882D1BC
:104DB000012513AB139023A93846239524952593F9
:104DC000FFF7CEFA00287FF448AE3D60044644E683
:104DD00002995846FEF776FF78B906995846FFF7CC
:104DE0004FF950B95A4641464046FFF7F7FB20B904
:104DF0001C9A1359013B13518AE7DDF808A00446B9
:104E00002BE600BFFEFFFF3F70B51C4684B00126B5
:104E100084EAE475002C01AB0296A5EBE475B4BFFF
:104E20004FF0FF343446CDF80CD000950194FFF7D5
:104E3000D5FD04B070BD00BF2DE9F04184B0002560
:104E4000012604468846104601A917460296CDF869
:104E50000CD08DE86000FFF783FAA8422ADB4246B7
:104E600028463B462146FFF7B9FD00BB054602E058
:104E7000FFF7B4FBD8B901A920460296CDF80CD0B3
:104E80008DE86000FFF76CFA00283A46214620467C
:104E9000EEDB02E0FFF7CAFB48B939462046FFF7D0
:104EA0005FFA00283A4621462046F3DA002004B093
:104EB000BDE8F0816FF00900F9E700BF131E15D0BF
:104EC00017DB012B30B4044604D0022B06D030BCD3
:104ED000FEF744BE0020206030BC70478B68002085
:104EE0001B6803F00103236030BC70476FF00B00B8
:104EF00070476FF0090070478B1E0E2B44D82DE9C8
:104F0000F04186B0164607460C460A46014601A8FF
:104F1000FFF7D4FF20BB4FF0010802AD014603AB01
:104F20003A4638460294CDF80C80CDF810800595AD
:104F3000FFF754FD034698B903A938460293CDF80C
:104F40000C80CDF810800595FFF70AFAA0B9019BF7
:104F5000092B08D9326837330020511C3160137097
:104F600006B0BDE8F081326830330020511C31605A
:104F7000137006B0BDE8F081214638463246FFF78F
:104F8000BBFF0028E3D0EBE76FF00300704700BFE2
:104F90002DE9F0438C1E85B00E2C00F282800C4669
:104FA00080461D461646FEF7E1FF032C25DC431C18
:104FB000033003F001031844A84275D8D8F8002044
:104FC000002301210096013202930191039360D0E6
:104FD000102C17D001AF41463846FEF773FE054648
:104FE00000283FD1019B013358D021466A463846FC
:104FF000FFF782FF054658B334E04008102C08BF85
:105000004008D4E7D8F8041009B36FF040400027F7
:10501000DFF8A0E00844800004235D1ED8F80820D3
:10502000CC184FEAC50C135823FA0CF303F00F0CFD
:1050300013F0FF034FEA23131BD1D7B9022C18D06A
:105040002B46002DE9D10139A0F10400E4D101AFD4
:10505000009B0022591C154600911A70009B9E1B54
:105060000C9B1E603846FEF7ABFD284605B0BDE838
:10507000F083009A01271EF8033002EB07091EF89F
:105080000C40CDF800901370009BDA1900921C7050
:10509000D6E772182D230092337099E7012301930C
:1050A000A3E76FF00300E1E70C9B18606FF00700C7
:1050B000DCE700BF441C002083681B68DB0729D5A0
:1050C0002DE9F04186B00546144F03240DF1080880
:1050D000012608E0FFF7F2FEA0B9019BABB157F83B
:1050E000044F002C0EDD03A9284602940396049673
:1050F000CDF81480FFF734F900282246294601A88C
:10510000E8DC012006B0BDE8F0816FF00D0006B0CC
:10511000BDE8F0816FF00D00704700BF28540260B9
:105120002DE9F04FA7B04FF0000801259A4617ACC3
:105130000590079118461AA90692CDF85C801A9539
:105140001B951C94FFF70CF94045309E40F3E88016
:10515000DAF808301F68FA0740F1E2801AA90698C9
:10516000CDF85C801A951B951C94FFF7F9F8002880
:10517000C0F2D680BD1C03236D0005F008053D4438
:1051800005FB07F2013BC2F1020202FB05F5F7D174
:105190004FF0010B194630221AA80F931DAC109343
:1051A0001293139315931693CDF838B0CDF844B0FD
:1051B000CDF850B01DF060FDDAF80430059803EB2F
:1051C0000B084146FEF710FD8146F0B111AF0DF11D
:1051D00050082046FEF7F4FC2046FEF7F1FC384666
:1051E000FEF7EEFC4046FEF7EBFC2EB1B3681BB1B8
:1051F000484627B0BDE8F08F0DF1380B5846FEF752
:10520000DFFC484627B0BDE8F08F41462046FEF758
:10521000EBFC11AF814610B10DF15008D9E74FEA10
:1052200048013846FEF7E0FC81460028F4D1079B90
:105230000DF150081B680893013374D0002E00F064
:10524000B980B368002B7BD00DF1380B30687168E2
:105250005B46B26807C3DDF81C9051464846FFF72D
:105260007FF80028C0F28180494652462046FFF769
:10527000E3FD81460028ACD16B42129813A91A466F
:1052800007930291534600920FA9019010AA20465D
:10529000FEF7E8FF814600289BD159460598FEF7A6
:1052A00011FD8146002894D113A926AA129B0DA8AE
:1052B000029101250799DDF814B0009118A942F870
:1052C000340D5846019353460B920D95179518953A
:1052D000FEF7C8FF814600287FF47BAF5A4603469D
:1052E00006980832406809925A46CB46A1460432D5
:1052F00004460A92BBF1000F00F097800BF1FF3BD0
:10530000069A926852F8245025FA0BF505F001052B
:1053100085F00102002B63D1002A61D00023E9E768
:105320006FF0030065E707994046FEF7CBFC814626
:1053300000287FF44EAFCDF81C80CDF850B07DE74B
:105340000DF1380B01215846FEF79CFD8146A8B1AE
:105350002046FEF735FC2046FEF732FC3846FEF7C5
:105360002FFC4046FEF72CFC40E707992046FEF74D
:10537000A9FC814600287FF42CAF7DE7DAF8041001
:1053800058468901FEF77CFE814600287FF421AF54
:10539000524659465846FFF74FFD814600287FF494
:1053A00018AF002E3FF457AF5B4607CB30607160FB
:1053B000B26050E70DF1380B01215846FEF762FD4F
:1053C00081460028DAD02046FEF7FAFB2046FEF799
:1053D000F7FB3846FEF7F4FB4046FEF7F1FB0DE71E
:1053E000012B00D132BB129813AA0799534602929F
:1053F00000910190099A0A990598FEF733FF38BB8E
:105400006900129A13AB0598294401921AAA079DC4
:105410000293534602EB8101009501F10802043129
:10542000FEF720FFA0B9012364E7A4B1013C4FF0CF
:105430001F0B65E7129813AA079953460292009131
:105440000190099A0A990598FEF70CFF0028EAD006
:105450004C468146BDE613A9129B4FF0010E0DADDF
:1054600002914C46079901935346009118A90B9A53
:1054700005981995CDF834E0CDF85CE0CDF860E002
:10548000FEF7F0FE814600287FF4A3AE089B0133AF
:105490007FF49FAE069A5368002B3FF49AAE936850
:1054A0001B68DB077FF595AE059A089910461160D9
:1054B0005146FFF793F881468BE600BFB1F5007FB8
:1054C0001BD870B5ADF5007D154606460A460C465C
:1054D00018466946A847054640B168464FF4007132
:1054E0000CF03CFB28460DF5007D70BD2246304691
:1054F0006946FEF769FD0546EFE76FF00300704768
:105500002DE9F04F00239BB00124054609938846FE
:105510000A9301460C9391460D9317AA0F9308A87E
:105520001093129313931593169307AB08940B944F
:105530000E94119414940794179418941993FFF7E8
:1055400075F88346002837D1099F8FB10A9E01461E
:10555000043E56F8044F002203E0202A01F1010125
:1055600025D024FA02F3013213F00103F5D00F46DF
:105570000BAE08A93046FEF7A5FB834618B314AB63
:1055800011AC0DF1380A029308A8FEF719FB30465A
:10559000FEF716FB5046FEF713FB2046FEF710FB06
:1055A0000298FEF70DFB58461BB0BDE8F08F0130A6
:1055B000B842CED11F46DBE714AB0BAE11AC0DF1F8
:1055C000380A0293E0E739463046FEF7ABFD8346E2
:1055D0000028D4D12846FEF7C9FC40F21353984264
:1055E00016D840F25133984200F2C88040F2892325
:1055F000984200F2C680B0F5AF7F80F0CD80F928E8
:1056000000F2CD80962834BF1B231223049301E0BF
:1056100002230493002311AC0397059369684B465A
:10562000424620468900FFF749FF8346002840F0A4
:105630009D8008A92046FEF793FE002810DB204637
:10564000FEF794FC824608A8FEF790FC0AF10101DF
:10565000091A2046FEF766FD8346002840F0868042
:10566000139A4FF0200A039F136843F0030313605B
:1056700069684B46424620468900FFF71FFF002815
:1056800073D12046FEF772FC834608A8FEF76EFC35
:10569000834563D8BAF1010A08A920466BD0FEF70A
:1056A0005FFE0028E4DA012317A920460793179329
:1056B000189307AB1993FEF753FE0028D8DD14ABFF
:1056C000039714AF3246009321462B46204602979B
:1056D000FFF726FD834600284AD108A92046FEF799
:1056E0003FFE002850D0012317A9204607931793A7
:1056F000189307AB1993FEF733FE002844D0039BA1
:10570000012B50D94FF0010A039F19E00EA8FEF7B4
:10571000E5FF2A460EA9002859D12046FFF78CFB49
:1057200017A9002853D101232046079317931893F4
:1057300007AB1993FEF714FE002833D0574531D03C
:105740000EAB08A920460AF1010A0393FEF708FEF2
:10575000224621460028D9D1039729E0C0EB0B014E
:105760002046FEF7DFFC002894D0834614AB02935A
:105770000DF1380A08E76FF00D0015E703230493D5
:1057800048E70423049345E7059B049A01339A42B2
:1057900005937FF443AFEBE7082304933AE70C2328
:1057A000049337E7039708A92046FEF7D9FD58B9B7
:1057B000012317A9204607931793189307AB199352
:1057C000FEF7CEFD0028DFD16FF00D0BD0E7DDF83E
:1057D0000CA08346D8E600BF2DE9F0478EB0002329
:1057E0000124074605A815460294059408940393DE
:1057F00004930693079309930A93FEF763FA70B133
:10580000824608AC02A8FEF7DBF905A8FEF7D8F936
:105810002046FEF7D5F950460EB0BDE8F08708AC3B
:1058200029462046FEF74EFA82460028EAD1DDF8E6
:1058300018E0BEF1000F00F0D780079E0146043E3D
:1058400056F8045F002204E0202A01F1010100F073
:105850009E8025FA02F3013213F00103F4D0099E71
:10586000C6B10A9B4FF0000CA3F1040E60465EF82F
:10587000045F002204E0202A00F1010000F08D8086
:1058800025FA02F3013213F00103F4D0814228BF5C
:1058900001460E46314605A8FEF744FC8246002824
:1058A000B0D131462046FEF73DFC82460028A9D102
:1058B000012381460DF104081D46089305930BA9A9
:1058C00005A8CDF804900B950C95CDF83480FEF723
:1058D00047FD00287AD00699A1B1079B4FF0000A36
:1058E000A3F1040C50465CF804EF002203E0202AE8
:1058F00000F1010040D02EFA02F3013213F001034F
:10590000F5D0014605A8FEF70DFC824600287FF47D
:1059100079AF099991B10A9B8646A3F1040A5AF816
:1059200004CF002203E0202A0EF1010E2AD02CFA27
:1059300002F3013213F00103F5D071462046FEF761
:10594000F1FB824600287FF45DAF214605A8FEF7F3
:1059500007FD002828DB05A922460846FEF7F6FDCC
:10596000824600287FF44EAF012105A8FEF7DAFB3E
:1059700082460028A3D045E70AF1010A5145B2D179
:105980001946BFE701308842C9D11946D6E7013030
:1059900086457FF455AF194661E70CF1010CB4451B
:1059A0007FF465AF1E4675E705AA21462046FEF73F
:1059B000CDFD824600287FF425AF01212046FEF769
:1059C000B1FB824600283FF47AAF1BE73146204600
:1059D000FEF756FB824600287FF414AF3846214676
:1059E000FEF770F982460DE7714638E72DE9F04F72
:1059F000A5B001270E4614461EAD009021A9104601
:105A00001E97219722972395FEF7AAFC002840F3C2
:105A1000148100232246314606A80A930B930D9366
:105A20000E93109311931393149307930893169363
:105A3000179319931A931C931D931F9320930997FF
:105A40000C970F9712970697159718971B971E9705
:105A5000FFF7C2FE034660B30DF1240A0CAE0DF150
:105A600054080DF160090FAA0DF1480B01921BAF0C
:105A700050460093FEF7A4F83046FEF7A1F80198CF
:105A8000FEF79EF85846FEF79BF806A8FEF798F832
:105A90004046FEF795F84846FEF792F83846FEF77E
:105AA0008FF82846FEF78CF8009B184625B0BDE815
:105AB000F08F05AB21A906A805972197229723937C
:105AC000FEF74EFC10B16FF00D03C5E70DF1240A8F
:105AD000314622460CAE5046FFF7AEF90346002889
:105AE000BDD151463046FEF7EDF80DF1540803469E
:105AF0000028B6D121464046FEF7E4F80DF16009D2
:105B000003460028AFD121464846FEF7DBF803469E
:105B10000028A8D10FAB39460DF1480B1846019368
:105B2000FEF7B0F903460028A1D101465846FEF71A
:105B3000A9F91BAF034600289AD101463846FEF763
:105B4000A1F90346002893D101212846FEF79AF9CE
:105B5000034600288CD10394019C02900E9B1B6885
:105B6000DA0726D46CE0FEF7DDFA42463946002813
:105B700061D11D9B38461B68DB0703D4209B1B6843
:105B8000DB070AD5FEF72AFD52462946002852D1E6
:105B90002846FEF74BFD00284DD101213846FEF77F
:105BA000C1FA0121002846D12846FEF7BBFA002899
:105BB00041D11A9B012148461B68DB07D3D54946D2
:105BC0003046FEF7CDFB002864DB4A4631463046BE
:105BD000FEF72CFD00282ED13A4621462046FEF73E
:105BE00025FD40BB2A4659465846FEF71FFD10BB0F
:105BF000029B21A93046059301232193229305ABF3
:105C00002393FEF7ADFB0028A8D1039C0290029BD2
:105C100021A93846059301232193229305AB2393B1
:105C2000FEF79EFB002822463946384624DAFEF766
:105C3000D5FC0028EBD003461AE76FF0030035E7E8
:105C400001213046FEF76EFA0028F4D1119B1B6843
:105C5000D80735D4149B1B68D90731D401212046BD
:105C6000FEF760FA0028E6D101215846FEF75AFAFD
:105C700000283FF473AFDEE721463846FEF770FB9D
:105C8000002822463946384629DBFEF7CFFC00289B
:105C9000F2D0D0E7324649464846FEF7C7FC002816
:105CA000C9D1224639463846FEF7C0FC0028C2D189
:105CB0005A4629462846FEF7B9FC002898D0BAE78C
:105CC000424621462046FEF789FC0028B3D15246C1
:105CD00059465846FEF7AAFC0028BFD0ABE700980B
:105CE000FDF7F0FF0346C3E62DE9F04188B04668B2
:105CF00080680124002301AD0F46049005A902A885
:105D00009046039602940594069401930795FEF736
:105D100027FB38B305A902A80194059406940795BA
:105D2000FEF71EFBF0B1022305A902A80594069414
:105D300007950193FEF714FB18B9002008B0BDE8E1
:105D4000F08102A8FFF7B8F920B10128F5D008B01A
:105D5000BDE8F0814246394602A8FFF7D1FB08B002
:105D6000BDE8F0816FF00D00E8E700BF2DE9F04FCE
:105D700040F6FD77A1F1030E8DB0BE45169E00F2F0
:105D8000C68011F01F0A02924FF001021D464FF02B
:105D90000003044618BF92468B4607930AEB511A3C
:105DA0000893DFF890914FEA8A0706924FEA4A1A61
:105DB000A7F104080197C1EB0A03039333462A466F
:105DC00001992046FFF77AFBB0B9A36853F8082081
:105DD0004A45F3D9D3451AD3D3F800E03246029F9F
:105DE00029464EF0010C2046C3F800C0BFB9FFF7AA
:105DF0007BFF10F10E0FE1D0034606AF384601934A
:105E0000FDF7DEFE019B18460DB0BDE8F08F03994B
:105E10002046FEF787F90028EED1A368DCE74EF0B4
:105E200003070322214604A81F60FDF797FE0346DF
:105E300000286AD1049B002B6CD0012B55D006AFF3
:105E400021463846FDF73EFF03460028D6D1012102
:105E50003846FEF767F903460028CFD14FF00C0A09
:105E60004FF001080DF1140922E013F10E0F09AAF9
:105E700021462046C2D1CDF814A0CDF82480CDF81B
:105E80002880CDF82C90FEF7A9FB03460028B5D159
:105E9000062309AA394638460593CDF82480CDF863
:105EA0002880CDF82C90FEF799FB03460028A5D159
:105EB0002046FFF701F903460028D6D13846FFF700
:105EC000FBF803460028D0D1324629462046FFF78A
:105ED00017FB03460028C8D1324629463846FFF74B
:105EE0000FFB03460028C0D188E74FF0040E05AF32
:105EF00009AA2146204609930A93CDF814E00B978E
:105F0000FEF76CFB0346002899D006AF76E76FF0EA
:105F1000030079E70820012305AF09AA059021466F
:105F2000204609930A930B97FEF758FB0346002877
:105F3000EBD184E733F304B52DE9F04F9FB0002394
:105F4000012482467E4A06A81021069409940C94E6
:105F50000F94129415941894079308930A930B9333
:105F60000D930E9310931193139314931693179309
:105F700019931A93FEF736FC20B3834609AC0CAD97
:105F80000FAE15AF0DF160080DF14809BAF1000F21
:105F90002AD106A8FDF714FE2046FDF711FE28467B
:105FA000FDF70EFE3046FDF70BFE4846FDF708FEF6
:105FB0003846FDF705FE4046FDF702FE58461FB085
:105FC000BDE8F08F09AC5F4A10210CAD2046FEF70A
:105FD00009FC834640B30FAE15AF0DF160080DF11B
:105FE0004809BAF1000FD4D0594657481CF06CFE4E
:105FF00006A8FDF7E5FD2046FDF7E2FD2846FDF782
:10600000DFFD3046FDF7DCFD4846FDF7D9FD38469B
:10601000FDF7D6FD4046FDF7D3FD0A201CF040FEFB
:1060200058461FB0BDE8F08F484A102128460FAEF1
:10603000FEF7D8FB834628B115AF0DF160080DF1CE
:106040004809A3E72A4606A9304615AFFEF746FBE6
:10605000834620B10DF160080DF1480996E73C4AEE
:1060600010213846FEF7BEFB83460028F2D1BAF174
:10607000000F19D139463046FEF772F938B10DF1EB
:1060800060080DF1480906A84FF0010B82E70DF1F9
:1060900048092B4606AA30464946FEF79FFC834630
:1060A00020B30DF1600874E72A481CF00DFE394654
:1060B0003046FEF755F948B10DF160080DF1480979
:1060C00025481CF0BDFD4FF0010B8DE70DF148098F
:1060D00022481CF0B5FD2B46494606AA3046FEF77D
:1060E0007DFC834608B30DF160087DE71C4A102152
:1060F0003846FEF777FB83460028D2D10DF16008C1
:10610000184A10214046FEF76DFB834600287FF4B5
:106110003DAFBAF1000F40F0B18039463046FEF78E
:106120001FF908B34FF0010B33E70D4A1021384631
:10613000FEF758FB83460028E0D00DF1600825E704
:10614000481D0020CC1D002098200020501E00205B
:10615000B41E0020941F0020FC1C0020AC1C00205A
:10616000B01F0020D41F002041464846FEF7F8F833
:10617000002888D1CDF800A02B46224606A930463B
:10618000FEF7CEFF834600287FF403AF724A10214A
:106190003846FEF727FB834600287FF4FAAE3946DF
:1061A0003046FEF7DDF800287FF46DAF2A4606A9D9
:1061B0003046FFF71BFC834600287FF4EAAE674AAF
:1061C00010213846FEF70EFB834600287FF4E1AE2F
:1061D00039463046FEF7C4F800287FF454AF604BD0
:1061E0000022C346B8462F4625461C46029254F864
:1061F000081C3046FDF746FE0346002840F0A58007
:1062000054F8041C4846FDF73DFE4A460346314615
:10621000002840F09A8006A8FFF7DEFA1BA9034683
:10622000002840F0928022680123039006A882EAA9
:10623000E27E002A1C9305ABAEEBE27EB4BF4FF0CA
:10624000FF3201221D93CDF814E00C341B92FEF7AF
:1062500087F8039B00286BD1029A0132032A02922D
:10626000C5D12C463D464746D8469B46BAF1000F5D
:106270003FF48FAE3B481CF0E3FCB9E63A481CF013
:1062800023FD39463046FEF76BF800287FF418AF3F
:1062900041464846FEF764F8834600287FF410AF75
:1062A00030481CF0CDFCCDF800B02B46224606A9A4
:1062B0003046FEF735FF834600287FF495AE264A28
:1062C00010213846FEF78EFA834600287FF45EAE32
:1062D00026481CF0F9FC39463046FEF741F8002804
:1062E0007FF4EEAE1F481CF0ABFC2A4606A93046F0
:1062F000FFF77CFB834600287FF476AE174A102117
:106300003846FEF76FFA834600287FF43FAE184800
:106310001CF0DAFC39463046FEF722F800287FF4FC
:10632000CFAE10481CF08CFC12481CF0CDFC56E798
:106330002C463D464746D846BAF1000F3FF4A3AE7F
:1063400002990D481CF0C0FCBDE62C463D46474670
:10635000D8469B461AE600BFC0200020202100201E
:10636000D0560260AC1C00203420002050200020B9
:106370006C20002084210020882000202DE9F003DB
:106380000B680468496840686340214D4840C3F386
:10639000074705EB136155FA83F605EB10682F44A8
:1063A00091F80011C3F3072C96F8006298F80033B7
:1063B00055FA80F897F8009346EA0166C0F307277C
:1063C00098F80011C0F3074846EA09462F4441EA0D
:1063D000036115F8083015F80C0041EA034197F8FD
:1063E000003246EA0020146841EA032380EA336160
:1063F000506883EA314381EA3321634080EA010532
:1064000083EA312182E82200BDE8F003704700BF33
:10641000EC5602604FF48A7200211CF02DBC00BFC4
:1064200018B14FF48A710BF099BB70472DE9F04F0A
:10643000C5B01646041D0746019240220D460021B4
:106440000DEB02001CF018FC20464FF4887200216E
:106450001CF012FCC02E00F01B82B6F5807F00F00D
:106460001782802E04D06FF0230045B0BDE8F08F76
:1064700003234FF004094FF0150810263B6000235A
:1064800002936A1E0DF13F010023013312F8010F40
:10649000B34201F8010FF8D3019BC02B00F0038237
:1064A000744904AD4FF0CC0C4FF07F0E66279E234D
:1064B0000020CDF80CC04FF08B0BF4464FF0900A43
:1064C000BE463B222F46A026054608461946CC2349
:1064D0000CE0067A0830417890F802E090F803C0AA
:1064E0000279437990F806A090F807B009040837BC
:1064F0001B0441EA066604A943EA026346EA0C0269
:1065000043EA0B0342EA0E2243EA0A2341F835200C
:10651000013547F8043C062DDBD14022002120A89C
:106520001FAD1CF0A9FB0DF161060DF141000378D0
:10653000043010F8051C1B0410F8022C43EA016318
:1065400010F8031CB04243EA020343EA012345F872
:10655000043FECD120A924A851F8043BCA68814229
:1065600083EA0203CB61F7D104A92AAA28A827ADA0
:10657000FFF704FF2AA806A928AAFFF7FFFE29466D
:106580002BA851F8042F51F8203C884283EA0203DB
:106590000B60F6D12AAA08A928A8FFF7EFFE28AABF
:1065A0002AA80AA9FFF7EAFE019B802B12D923A98A
:1065B00051F8042F0B698D4283EA02030B62F7D175
:1065C0000CA92EAA2CA8FFF7D9FE2CAA2EA80EA93A
:1065D000FFF7D4FE029B0121219A0DF1C00E4FEA74
:1065E000031A254B0D46319203EB0A07209B239A91
:1065F00076463093229B33923293C5EB05130135D7
:10660000E1B103F01F033199309AC3F120009A40A1
:10661000C1404A403261319A32999A40C1404A4061
:106620007261329A33999A40C1404A40B261309ABD
:106630003399C24001FA03F35340F361052D06F18B
:1066400010060AD017F8011FC5EB05130135002904
:10665000D7D1052D06F11006F4D1029943AF8B0076
:106660001A4603937346511800224FEA011B03494F
:10667000594407E0EC5A02601C5B02603C5B02601C
:1066800011F9012F561C02D0186844F822009F42CD
:1066900003F10403F4D1019B802B42D9249B0AF11E
:1066A000040C8649764630930F25269B8C44259A08
:1066B0003293279B3192339305F01F031CF8012B73
:1066C0000F35C3F12001C2B13098319A9840CA40C9
:1066D000424032613198329A9840CA4042407261D9
:1066E0003298339A9840CA404240B2613398309A07
:1066F00000FA03F3CA405340F3614B2D06F1100634
:10670000DAD10BF113016E4A44A87346114411F912
:10671000012F551C02D01D6844F8225004339842C2
:10672000F5D1289B0AF1090C644D0122299976467E
:106730002A98AC44309315462B9B31913393C5EB8B
:10674000051332900135E2B103F01F033199309AFD
:10675000C3F120009A40C1404A403261319A3299D7
:106760009A40C1404A407261329A33999A40C1407E
:106770004A40B261309A3399C24001FA03F3534060
:10678000F361052D06F110060AD01CF8012BC5EBAC
:1067900005130135002AD7D1052D06F11006F4D1D5
:1067A0000BF12802464973460A4401E012F9019FA1
:1067B000B9F1FF3F02D0196844F829109F4203F154
:1067C0000403F3D1019B802B43D92C9B0AF10C05C8
:1067D0003A4977462D9A0F260D4430932E992F9BD8
:1067E00031923291339306F01F0315F8012B0F36C7
:1067F000C3F12001C2B13098319A9840CA4042405A
:106800003A613198329A9840CA4042407A6132984F
:10681000339A9840CA404240BA613398309A00FA9D
:1068200003F3CA405340FB614B2E07F11007DAD146
:106830000BF13B02224B44A81A4412F9013F591CA8
:1068400003D0DEF8001044F823100EF1040E70455A
:10685000F3D10298039A430011461A4A03440144B3
:106860001B0102EB810203F1D0008033204423445A
:1068700001E012F9018FB8F1FF3F02D054F828105F
:10688000196004339842F4D1002045B0BDE8F08F80
:106890000423019A4FF0FF394FF019083B600123A0
:1068A000D6080293EDE50DF14F030DF1570113F8F2
:1068B000012FD2438B421A72F9D1F1E51C5B0260C1
:1068C0003C5B0260DC5B02602DE9F041C6B00C4627
:1068D000154600214FF48A72804601A81CF0CCF9BD
:1068E0002A46214601A8FFF7A1FD0746002842D10C
:1068F000019B02A808F1140E08F11C02A3F1040682
:10690000C8F80030B6FA86F67609F31CF6009B014B
:1069100006F1160100EB030CC358DCF80400ACF1DF
:106920000805C8F80430ACF11003C8F80800DCF81A
:106930000840DCF80C00C8F80C40C8F810009C684F
:106940000139D86802F1080242F8104CA3F108039B
:1069500042F80C0CF3D17342153605EBC3030EEB72
:10696000C606A3F1B800A83B07C853F8043CB060C2
:10697000F1603261736101A84FF48A710BF0EEF897
:10698000384646B0BDE8F0812DE9F04192F805C0E7
:106990001D4692F804E084B0547A4FEA0C4792F80E
:1069A000088000F1140647EA0E6C5178240492F82E
:1069B00007E0537B090444EA08674CEA0E0E947919
:1069C0001B0492F800C092F80C804EEA042E41EAB3
:1069D0000C6C8168D47A43EA08638EEA010ED17B9D
:1069E0003C43977A0B43D17844EA0724C7684CEAC2
:1069F000010192F80EC092787C4043EA0C230769AB
:106A000041EA022142687B40076881EA020CCDF826
:106A100004E002940393CDF800C0002F4BD034461D
:106A2000B84619E0206B40340099019A0840039B56
:106A300082EAF072019254F80C0C1043484002991B
:106A4000009054F8042C1A434A40029254F8081C4F
:106A50000A4083EAF273039302AA2146684608F1CA
:106A6000FF38FFF78BFC6A4604F1080102A8FFF724
:106A700085FC02AA04F110016846FFF77FFC6A4614
:106A800004F1180102A8FFF779FC02AA04F1200121
:106A90006846FFF773FC6A4604F1280102A8FFF775
:106AA0006DFCB8F1000FBDD106EB8716029C039B6D
:106AB000103E9DE800503268002084EA02070297E9
:106AC0003C0E726853400393B168F2688CEA01018E
:106AD000EB718EEA0202EF704FEA116EE9720E0C52
:106AE000EA73090A85F808E06E724FEA126E160C16
:106AF000A972120A85F80CE0190E6E73AA731E0CA7
:106B000029711B0A390C6E713A0AAB712C706970CD
:106B1000AA7004B0BDE8F0812DE9F047160784B0F3
:106B20000C9C0D9D59D1174680468A461E4669BB6E
:106B300042B303F1FF392068EE466168A268E3685A
:106B4000AEE80F002B46002122464046FFF71CFF0F
:106B50006B1E494605F10F0E13F8010F11F8012FB6
:106B6000734582EA00021A70F6D1EE46103F04F136
:106B7000100405F11005BEE80F0030607160B260CE
:106B8000F360D8D1002004B0BDE8F087002AF9D026
:106B9000013C03F1FF3949466A1E04F1100E14F856
:106BA000010F11F8013F744583EA000302F8013F29
:106BB000F5D12B462A4651464046FFF7E5FE2868A8
:106BC0006968103FAA6805F1100555F8043C30606B
:106BD0007160B260F360DED1D4E76FF02500D2E7D8
:106BE0002DE9F047089E9A4681461C68DDF824800E
:106BF0000A9FA9B17AB1013F15465CB3315D621CB1
:106C000018F8013B013D83EA010307F8013F3355C2
:106C100002F00F04F1D1CAF800400020BDE8F0876F
:106C2000002AF8D0154674B1335D611C18F8012BA9
:106C3000013D83EA020307F8013B325501F00F04DE
:106C4000E9D0002CF0D13346324601214846FFF707
:106C50009BFEE9E73346324601214846FFF794FEA2
:106C6000CCE700BF2DE9F84FDDF828909346146873
:106C70000B9FDDF8308089B182461E460D4694B1E7
:106C800019F80420013D17F8013B04F1010483EADF
:106C9000020304F00F0408F8013BF0D1CBF80040E8
:106CA0000020BDE8F88F32464B4601215046FFF7E1
:106CB0006BFE06F1100212F8013D0133DBB21370D6
:106CC000002BDDD19642F6D1DAE700BF2DE9F04F77
:106CD0004FF0000AFDB02022069051461FA80DF18A
:106CE0002C0B0DF13C091BF0C7FF4FEA6A06069B0F
:106CF0000AF00107B41C002B40F046814FEA8418CB
:106D0000E30000240593B04B03EB8615C03303EB7F
:106D100046130793059A29461FA81BF089FF424690
:106D20001FA937A8002F40F00C81FFF7CDFD079B6E
:106D3000DC46A64A234402EB040E186859684E4606
:106D40009A681034DB682035ACE80F00DEF80000EC
:106D5000DEF80410DEF80820DEF80C300FC65A46C4
:106D6000394627AB37A8FFF70FFE1022494627A860
:106D70001BF06AFF002840F06181202CCAD1069BDD
:106D8000002B40F01C810AF1010ABAF1060FACD1C8
:106D9000069B002B40F0708100230893089B5C1039
:106DA00003F001030593A51C069B002B40F0FB801C
:106DB000AE01874B0FCB8BE80F00854B0FCB89E8DB
:106DC0000F00844BEA001FA803EB44111BF030FFB7
:106DD000059B32461FA937A8002B40F0E180FFF742
:106DE00073FD04EB440400267B4B03EB0413344691
:106DF00007937A4B5F46079A5D4603EB040C059BAD
:106E000002EB040A4E46CDF82490002B40F0A380FC
:106E100013AD9BE80F0085E80F00DAF80000DAF800
:106E20000410DAF80820DAF80C300FC7DCF800009C
:106E3000DCF80410DCF80820DCF80C300FC627ABB7
:106E40001022059937A8019313ABCDF800B0103488
:106E5000FFF762FE1022494627A81BF0F5FE002826
:106E600040F0EC80302CC4D1069B0546002B40F04E
:106E7000EC80089B0133062B08938FD1069B002BD7
:106E800040F0068100274FF01009DFF878B13C464A
:106E90004E46DDF818A0059507F001085048013767
:106EA000BAF1000F07D04F494F4BB8F1000F08BFA0
:106EB00019461BF009FF250100224C490DF15C0E1B
:106EC0000BEB05030A920D4403F5F1630FCB8EE83B
:106ED0000F0095E80F001FAD85E80F00294604EB71
:106EE0004405802237A8FFF7A1FA414B2D01324615
:106EF00027A87C105919B8F1000F40F085801BF0CD
:106F000097FE27AB1BAA3146029337A8019317AB14
:106F100000920AAAFFF7A6FE364B324627A8591957
:106F20001BF092FE002840F08980BAF1000F40F07B
:106F30009080062F0BEB840300F09380D3F8086950
:106F4000AAE742461FA937A8FFF770FA1F4BDC4695
:106F5000079A2344EFE699E80F0013AE86E80F0086
:106F6000DCF80000DCF80410DCF80820DCF80C3059
:106F70000FC5DAF800004D46DAF80410DAF80820F8
:106F8000DAF80C300FC55AE7174B4FEA8418154A48
:106F900041461948002F08BF1A461BF095FEAFE680
:106FA000FFF744FA1DE70599AE010F4B0D4A134850
:106FB000002908BF1A4631461BF086FEF9E6104844
:106FC0001BF03EFEDFE600BF045C0260245D026051
:106FD000445D0260545D0260B45D0260445E026024
:106FE000DC210020881C0020841C0020A45E02609C
:106FF000D45E0260645F0260A4210020C0210020F2
:10700000AC1C0020EC560260234B324627A85919CD
:107010001BF00EFE27AB1BAA3146029337A8019343
:1070200017AB00920AAAFFF71DFE1C4B324627A899
:1070300059191BF009FE00283FF477AF069BFBB9F6
:10704000012528467DB0BDE8F08F15481BF0F8FDFE
:107050000FE713481BF0F4FD062F0BEB84037FF4BE
:107060006DAF069B059D002BEBD00A201BF018FE90
:1070700028467DB0BDE8F08F0A201BF011FE8BE69C
:10708000012508481BF0DCFD28467DB0BDE8F08FE7
:107090000A201BF005FEF5E6645F0260D45E026024
:1070A000AC1C0020FC1C00202DE9F04F9BB0079386
:1070B0002A9B0390022BDDF89890289E00F099817E
:1070C000102B00F296812A9BDB0700F19281249B12
:1070D000073B062B00F28D81B9F57F4F00F28981C5
:1070E0002A9BB9F1000F9DF890409246A3F102024D
:1070F0008B4608BF0023C4F10E0118BF402352087D
:10710000C4F10F041AAF43EAC2030DF13900CAB249
:107110000799E4B215460992249A2B43C5F10F054D
:10712000089407F8303D04951BF082FD791912AAE6
:107130005346279D02F8013D8A424FEA1323F9D1B5
:107140002795002B40F055810DF137011A4612ACFE
:107150009E46084606910DF147011293139305913F
:107160001493159301E014F801EF10F8013F013278
:107170008EEA0303102A01F8013FF4D112AB0DA8E7
:10718000279500901946039800F0F4FC0446002867
:1071900040F00C81B9F1000F71D04B46C9F30728BC
:1071A0000E940DF13A000E2B7C60BC6028BF0E23BC
:1071B000FC6025991A460A938DF839908DF838802D
:1071C0001BF036FD059B22463846279D194601E0F7
:1071D00010F8018F13F8014F013288EA0404102AD5
:1071E00001F8014FF4D10DAB2795039D009312AB2D
:1071F0002846194600F0BEFC002840F0D7800A9AC5
:10720000B9EB020319463AD01346259ACDF828B0B7
:1072100004461344CDF82CA028960DF15708994642
:10722000AB46DDF818A00E46102E354649463846C6
:1072300028BF10253C607C602A46BC60FC601BF0C7
:10724000F7FC5046059911F8012F10F8013F414510
:1072500083EA02030B70F6D10DAB1022584600935F
:1072600012AB194600F086FC002840F09F80761B88
:10727000A944D9D1DDF828B0DDF82CA0289E9DF8CE
:1072800024300DF1680907990DF15900249A09F885
:10729000103D1BF0CDFC249B0021089A581C48444B
:1072A0001BF0EAFC01238DF86730BAF1000F58D0CB
:1072B0000DF15708279D5446102C28BF1024BBF110
:1072C000000F21D1294622463846C7F800B0C7F83A
:1072D00004B0C7F808B0C7F80CB01BF0A9FC0698BA
:1072E000059911F8012F10F8013F414583EA020387
:1072F0000B70F6D10DAB10220398009312AB194618
:1073000000F038FC002851D10DAB102249460398FB
:1073100000933B4600F02EFC002847D103461AAAF2
:10732000295C1A44013312F8302CDBB24A409C42EB
:1073300032541846F3D8BBF1010F3AD0049B2644CF
:107340002544C4EB0A0A1AAA09EB030112F8013D0D
:107350000133DBB213700BB99142F7D1BAF1000FD0
:10736000A9D1049B00224B4419461AAB03F8012D06
:107370009942FBD10DAB49460398102200933B463E
:1073800000F0F8FB90B90DF15701059B069813F832
:10739000014F10F8012F994282EA04021A70F6D1C7
:1073A0002A9A12A929981BF043FC00201BB0BDE8C3
:1073B000F08F00233146224638463B607B60BB603D
:1073C000FB601BF035FC0698059911F8012F10F8A9
:1073D000013F414583EA02030B70F6D10DAB102249
:1073E0000398009312AB194600F0C4FB0028A5D007
:1073F000DCE76FF00C001BB0BDE8F08F40220021ED
:107400001BF03ABC2DE9F04105461746084601221B
:1074100019461E4600F0A6FAA8B143690446102B8F
:1074200011D1284600F0B6FA2146284600F0C2FAEB
:1074300008B1BDE8F0813246394628460123BDE84F
:10744000F04100F0E3BA6FF00C00BDE8F08100BF3E
:1074500010B5044600F09EFA40212046BDE81040D9
:107460000AF07CBB30B589B0119D9DB106951C46D4
:107470000E9D13460A46109903950D9D05910295A0
:107480000F990C9D049100218DE83000FFF70CFE50
:1074900009B030BD6FF00C00FAE700BFF0B589B05D
:1074A0000F9E119C0E9F109D02960494139E129C99
:1074B000009313460A46002101970395059406960A
:1074C000FFF7F2FD09B0F0BD2DE9F0418CB0884620
:1074D0000121129F08AD139E159C01970296149FDF
:1074E000179E00931346059542460397049406960B
:1074F000169DFFF7D9FD80B996B1014603460CAA47
:10750000695C1A44013312F8102CDBB24A409E42E7
:10751000194640EA0200F2D820B90CB0BDE8F0816B
:107520003046FAE7204641460AF018FB6FF00E009D
:10753000F3E700BFF0B50A9C05AD95E8E0401CB14B
:10754000BDE8F040FFF7C0BF6FF00C00F0BD00BF1A
:107550002DE9F04FA5B040220021814614A81BF070
:107560008BFB14A88023534A0221FFF74BFF00BB7B
:10757000514F082304264FF0010A089307F10C032A
:1075800007F130053446099307F118034FF0070B54
:10759000B8460A9307F124030B93B9F1000F67D1A2
:1075A00096B9B9F1000F7FD10124204625B0BDE87E
:1075B000F08FB9F1000FF7D0012440481BF084FB95
:1075C000204625B0BDE8F08F0CAF3D4B0899224610
:1075D00003933B19029114A83A49059301910021A4
:1075E0000696CDF800B00497374BFFF75DFD0028F5
:1075F000D7D1A219294638461BF026FB0028D0D146
:107600002A19089805965B462E4E2146019014A82B
:107610000492A6F12402039702950096FFF754FF07
:107620000028BED122463846A6F118011BF00CFBFB
:1076300004460028B5D1B9F1000F31D1BAF1030FDA
:1076400005F120051BD0099B0AF1010A58F804BF77
:107650001A4652F8043F08930A9B099253F8044FC4
:107660000A930B9B53F8046F0B93B9F1000F97D05B
:10767000514616481BF028FB002E92D0A4E714A810
:1076800000F088F914A840210AF068FAB9F1000F57
:107690008BD00A201BF004FB204625B0BDE8F08FFC
:1076A0000B481BF0CDFAC9E70A4801241BF0C8FAC1
:1076B0007BE700BF0060026010600260F8210020DC
:1076C000AC600260C4600260A06002600C22002016
:1076D000AC1C0020FC1C0020891A0BD030B4002404
:1076E000CDB2234601330444DBB2A55499421C4673
:1076F000F8D830BC704700BF48B3F0B4B2FA82F497
:10770000640934BB431813F8016CB6FA86F38F1B77
:107710005B091760B14238BF43F0010389B10138FA
:107720002246974210F8014F02F101028CBF00255A
:1077300001257440914214FB05F443EA0403DBB2D3
:10774000EFD1002B044808BF0020F0BC704703486D
:1077500070470248F9E700BF009EFFFF009FFFFF50
:10776000891A8023012983540BD930B401240025C0
:10777000234601330444DBB2A55499421C46F8D891
:1077800030BC704770B48D1A012D0AD90124013A1A
:107790000026234601330444DBB2A6549D421C4616
:1077A000F8D8084400F8015C70BC704740B3F0B4EE
:1077B000B2FA82F464092CBB4D1E475DB7FA87F319
:1077C000CE1B5B091660B9422CBF194643F001017C
:1077D00085B1013823469E4210F8014F03F10103A1
:1077E0008CBF002201229D4214FB02F241EA0201F9
:1077F000C9B2F0D10029044808BF0020F0BC70478E
:10780000024870470148F9E7009EFFFF009FFFFF15
:107810008A4206D202440144002302F8013B8A4214
:10782000FBD1704728B1B2FA82F0400908B9116063
:1078300070470148704700BF009FFFFF20B3F0B4BE
:10784000B2FA82F56D090DBB1560D9B146182F4605
:10785000802016F8014D0139002C0CBF3C4647F042
:10786000010484EA0703274601FB03F4254315605E
:10787000347814FB03F34340D8B20029E9D108B9A6
:10788000F0BC70470248FBE7024870470148F7E741
:10789000009EFFFF009FFFFFE0B170B4B2FA82F5D7
:1078A0006D09CDB9156091B108442E4610F8013D1F
:1078B000002B0CBF334646F0010383EA06041E4644
:1078C00001FB04F3013945EA03051560EED1002000
:1078D00070BC7047014870470048F9E7009FFFFF00
:1078E000094803686BB9094A094913782BB141F873
:1078F000043B12F8083F002BF9D1002201230A6053
:1079000003600348704700BF40F5002070A9026083
:10791000A0F6002070B578B1084C656855B10646F0
:1079200001E0656835B13146A86808341BF094F968
:107930000028F6D1284670BD0546FBE770A9026015
:10794000074B5A6852B11978814204D106E013F806
:10795000081F814202D0DA68002AF8D11046704729
:1079600070A9026030B4084C636853B19D69083453
:107970002D788542F8D15D688D42F5D15D789542CC
:10798000F2D1184630BC704770A902604022002135
:107990001BF072B968B110B50446C06B18B123680A
:1079A0009B691B6A984720464021BDE810400AF0B9
:1079B000D5B87047E9B170B5B0FA80F406466409ED
:1079C000ACB90D46402221461BF056F9AB69DB6984
:1079D0009847F06378B16B783560022B01D0204670
:1079E00070BD064A2046064BF260336170BD054803
:1079F00070BD04487047044870BD00BFD976006070
:107A0000F9760060009FFFFF809EFFFFF0B130B469
:107A10000468C4B12569AD0712D5012B4260037219
:107A200009D06578033D022D05D963B9A369C06B00
:107A30009B6930BC1847A369C06B5B6930BC1847B1
:107A400065689542E9D0024830BC704700487047ED
:107A5000009FFFFF0346002827D002685278022AC1
:107A600023D1042923D8DFE801F0080E141A0300FB
:107A70000020104AD8601A6170470F4900200F4A51
:107A8000D9601A6170470E4900200E4AD9601A6108
:107A900070470D4900200D4AD9601A6170470C49A2
:107AA00000200C4AD9601A6170470B4870470B4898
:107AB000704700BF25780060D9760060F9760060D5
:107AC000617700603D78006085770060AD77006089
:107AD0001178006099780060009FFFFF809FFFFF92
:107AE000C8B138B50368A3B199B1102A0FD81C6981
:107AF000E4070AD4DD68AA420BD304462A4628309C
:107B00001BF096F8A563002038BD1546F5E703483D
:107B100038BD034838BD0248704700BF809FFFFF53
:107B2000009FFFFF28B103681BB100234362184682
:107B300070470148704700BF009FFFFFB0B1036866
:107B4000A3B15B78062B01D00020704730B51546F5
:107B500083B00C46836B90F9081000F12802C06BCB
:107B60008DE8300005F03CFC03B030BD00487047A4
:107B7000009FFFFF2DE9F04F85B00E9D002800F01B
:107B800082800F4604460168002D7CD01646B1FA6B
:107B900081F25209002A76D148782A600128D1F86A
:107BA000149024D0062800F08780B9F1000F00F06F
:107BB000D0809F4298465ED0022826D0032800F04D
:107BC0008480052874D1896904F11402E06B04F102
:107BD0002803CDF808808DE8840004F124020C69A4
:107BE0003146A04700B92E6005B0BDE8F08F4E4584
:107BF0007ED189693A462E604D68E06B94F9081091
:107C0000AC4605B0BDE8F04F604794F90830002B52
:107C10003BD0012B606A03D1C0EB09039E423CD3E9
:107C2000002867D1002E45D0B6FBF9FA09FB1A6A85
:107C3000BAF1000F00F08480CAEB0606524604F148
:107C40001400B9191AF0F4FF636A53446362002EFA
:107C500030D094F90810226804F12803E06B94698D
:107C600032468DE88001A468A0470028BCD12B686B
:107C70001E442E60B8E7636A2BB9B6FBF9F309FB23
:107C80001363002B98D03448AEE7E368606A002B9A
:107C9000C2D0C0EB09039E42C2D8204432463946C6
:107CA00014301AF0C5FF636A00201E4466629BE729
:107CB0002A4899E7002097E73A463146E06B2E6064
:107CC00005B0BDE8F04F05F051BCD1F818E004F163
:107CD000280294F9081004F12403E06B8DE8840174
:107CE0003246DEF80C40A04700287FF47DAF7AE7EB
:107CF0001B4879E7C0EB090A204439465246143044
:107D00001AF096FFA64694F9081004F128035EF8CD
:107D100014CB4A46E06BDCF818C0CDF800E0CDF893
:107D20000480DCF808B0D84700287FF45DAF2B68EA
:107D3000C8445744CAEB06064B442B60606271E7A7
:107D400094F90810002986D1E368002B83D0CA4635
:107D500072E7044848E700BF009FFFFF809FFFFFD6
:107D6000809DFFFF809CFFFF002872D02DE9F0412D
:107D7000046882B0002A6ED0B4FA84F35B09002B49
:107D800069D165781360EB1E042B1DD9A5F1090399
:107D9000B3FA83F35B09BBB92678483E012E17D9A5
:107DA000012D3DD0022D52D10E4690F90810074604
:107DB000154601290ED06269436A9A4238D0C268DA
:107DC000002A42D1002B40D1002002B0BDE8F08152
:107DD0001846FAE7C3681BB3816B00F11408002949
:107DE00031D07A6A404698473B68F86B99695A697E
:107DF0008C6897F90810019607F12803CDF80080E8
:107E0000A0470028E1D197F90830BBB939683B6930
:107E100001B149692A46304602B0BDE8F041184731
:107E2000436A0E48002B08BF002002B0BDE8F08175
:107E3000A36907F11408C06B9C68DCE73B6803B1D9
:107E40005B692B60C0E7E168CBE70448BDE7044805
:107E5000BBE7044870470348B7E700BF809DFFFFBA
:107E6000809FFFFF009FFFFFB8B130B404688CB162
:107E7000B1FA81F35B096BB990F90850012D09D172
:107E80006478062C02D0184630BC7047C06B30BCFA
:107E900005F0E4BB024830BC70470148704700BFA2
:107EA000009FFFFF60B330B5046885B034B390F92C
:107EB00008501DBB6478062C02D0002005B030BDF0
:107EC000102A1BD80C46C06B6946154605F0C6FB48
:107ED0000028F3D1002DF0D021466C464A1911F844
:107EE000015B14F8013B914283EA050340EA030079
:107EF000C0B2F4D10028E0D00248DFE70248DDE755
:107F000001487047009DFFFF009FFFFF30B585B01F
:107F10001D460446FFF7E4FD60B9F4B12368E3B100
:107F20000A9B2946606220460093089A099BFFF746
:107F300021FE08B105B030BD0A9B204603AA19688E
:107F4000099B1944FFF710FF0028F3D10A9B1A6818
:107F5000039B13440A9A1360ECE7014805B030BD57
:107F6000009FFFFF2DE9F0431D4603689046079EE2
:107F70005B78089F062B099CDDF828E00B9ADDF85A
:107F800030C0DDF8349016D0082B11D1C06B4346B9
:107F900014600A46CDF830902146CDF82CC0CDF8BB
:107FA00028E0099708960795BDE8F043FFF75ABA0D
:107FB0000B48BDE8F083C06B0B46146001212246DC
:107FC000CDF834C0CDF83090CDF82CE00A97099662
:107FD0000895CDF81C80BDE8F04305F0CDBB00BF8F
:107FE000809FFFFF30B51C46036887B05B78062B87
:107FF0001ED0082B19D113460E9AC06B15460C9A49
:108000002A600A460D9D109903950B9D05910295D6
:108010000F990A9D04910C998DE83000FFF78AFAB8
:1080200010F10F0F1CD007B030BD0E4807B030BDA7
:1080300013460E9AC06B15460C9A2A600A46109D8C
:108040000D9903950F9D059102950B990A9D049139
:108050000C998DE8300005F0B7FB10F1120FE2D15A
:108060000148E0E7809FFFFF009DFFFFFAF736BA67
:1080700010B45DF8044BFAF73FBA00BF30B430BC1F
:10808000F9F7F8BE30B430BCF9F780BFF9F70ABC95
:10809000F9F7ECBA13460A46022105F0F1B800BF21
:1080A00013460A460221FFF7ADB900BFFEF76CBCCC
:1080B00010B45DF8044BFEF72FBD00BF30B430BCE8
:1080C000FEF78EBD30B430BCFEF7CCBDFEF7FCBB76
:1080D000FEF7ACB913460A46052105F0D1B800BF3A
:1080E00013460A460521FFF78DB900BF11461A460F
:1080F00000F0EEB811461A4600F062BA10B45DF80E
:10810000044B00F001BA00BF10B45DF8044B00F05E
:10811000A9BC00BF00F0BCBE00F0B4BE00F020BFA0
:1081200000F00EBF00F072BF00F060BF10B5044653
:1081300000F090F82046BDE810401AF0ADBD00BF39
:1081400010B5044600F07AF82046BDE810401AF059
:10815000A3BD00BF10B50446FFF77AF92046BDE87D
:1081600010401AF099BD00BF10B5044605F064FB3D
:108170002046BDE810401AF08FBD00BF10B5044680
:10818000FEF74EF92046BDE810401AF085BD00BF4D
:1081900010B50446F9F764FA2046BDE810401AF01D
:1081A0007BBD00BF10B54FF4C07101201AF090FDE7
:1081B000044608B100F048F8204610BD10B58021F3
:1081C00001201AF085FD044608B100F033F820467E
:1081D00010BD00BF10B5402101201AF079FD044602
:1081E00008B1FFF70BF9204610BD00BF10B54FF4E2
:1081F000C47101201AF06CFD044608B105F03AF88C
:10820000204610BD10B54FF48A7101201AF060FDB0
:10821000044608B1FEF7FEF8204610BD10B54FF435
:108220008C7101201AF054FD044608B1F9F712FAD6
:10823000204610BD802200211AF01EBD10B1802101
:1082400009F08CBC704700BF4FF4C07200211AF0D7
:1082500013BD00BF18B14FF4C07109F07FBC704767
:10826000431E0549073013F8012F520883428A5CE8
:108270001A70F8D1704700BFA4B0026010B4431E5A
:10828000084C073013F8012F5108615C914205D169
:108290009842F7D100205DF8044B704701205DF84B
:1082A000044B7047A4B0026070B5084C054604F159
:1082B000800608222046294614441AF0C5FC18B14D
:1082C000B442F6D1002070BD012070BD24B102601F
:1082D0002DE9F04F91F805C000F110074D7890306E
:1082E0004FEA0C4691F800E02D0491F804C0CC79D7
:1082F00046EA0C6C8E7845EA0E6ECD784CEA0404A2
:1083000091F806C04EEA05057E4B44EA0C2C45EA7E
:1083100006258CEA151101F00F3185EA01148CEA6B
:10832000010C8CEA144189B28CEA010684EA01410D
:1083300081EA960C0CF0333C81EA0C0186EA8C0C45
:1083400081EA1C2404F0FF148CEA042C61404FEAFB
:10835000FC7581EA050C0CF0AA3C81EA0C0185EA67
:108360000C0C4FEAF17457F8101C103757F81C6CBE
:108370008CEA010E57F8185C86EA3C1657F8141C74
:108380000EF03F0BCEF3052906F03F0ACEF3054869
:1083900003EB8B0BCEF3056E03EB8A0AB842DBF8D6
:1083A00000B103EB8909DAF800A203EB8808D9F8D9
:1083B000009303EB8E0E8BEA0A0BD8F800A4C6F3E9
:1083C0000528DEF800E58BEA090BC6F3054903EB47
:1083D0008808C6F305668BEA0A0B03EB8909D8F80F
:1083E00000A603EB86068BEA0E0ED9F80087D6F8B6
:1083F00000688EEA0A0E8EEA080E8EEA060684EA05
:10840000060485EA040581EA3411C5F3052905F05F
:108410003F08C5F3054AC5F3056503EB890901F07B
:108420003F0E03EB8808C1F30526D9F8009303EB50
:108430008A0AD8F8008103EB8505DAF800A403EB7B
:108440008E0E89EA0808D5F80055C1F30549C1F335
:10845000056188EA0C0CDEF800E203EB81018CEA8E
:108460000A0803EB8606D1F800C803EB890988EAFD
:108470000508D6F80066D9F8005788EA0E0181EAA7
:10848000060181EA050181EA0C0C7FF46CAF4FEA2A
:108490007C0C002084EA0C0303F0AA3384EA030175
:1084A0008CEA030C4FEA71048CEA142303F0FF13E7
:1084B00084EA03218CEA030C8CEA910303F0333342
:1084C0008CEA030C81EA830383EA1C4189B28CEABB
:1084D00001444B4083EA141101F00F314B4084EA10
:1084E00001110C0ED1701E0ED3710D0C1470090AFF
:1084F00016711C0C55701B0A917054719371BDE874
:10850000F08F00BFA4B002602DE9F043560783B09E
:108510000A9C0B9D51D1012916460746994628D041
:108520001AB303F1FF3820686B4661682A4603C31B
:1085300021463846FFF7CCFE6A1E434605F1070E7A
:1085400012F8010F13F8011F724581EA0001117042
:10855000F6D16B46083E04F1080405F1080503CB8B
:10856000C9F80000C9F80410DDD1002003B0BDE84F
:10857000F083002AF9D0013C03F1FF3841466A1E1E
:1085800004F1080E14F8010F11F8013FA64583EA23
:10859000000302F8013FF5D12A462946384608353E
:1085A000FFF796FE55F8082C55F8043C083EC9F82C
:1085B0000020C9F80430E1D1D7E76FF03100D5E7EA
:1085C0002DE9F04F96464B794A7883B006460D78F0
:1085D000120401901B0400F1100A087942EA0565B3
:1085E000CA7806F1900C43EA0060CB792A438D7873
:1085F0000343887942EA0525AF4C43EA002383EA26
:10860000151101F00F314B4085EA011283EA124146
:1086100089B283EA010082EA014181EA900303F012
:108620003333594080EA830381EA132202F0FF12B8
:1086300083EA022351404FEAF37281EA020303F016
:10864000AA33594053404FEAF1715AF8100C0AF11D
:10865000100A5AF81C5C58405AF8186C85EA331511
:108660005AF8142C00F03F0BC0F3052705F03F0823
:10867000C0F3054904EB8B0BC0F3056004EB8808DD
:10868000D445DBF800B104EB8707D8F8008204EB8F
:108690008909D7F8007304EB80008BEA0808D9F841
:1086A00000B4C5F3052988EA0708D0F8007504EB83
:1086B000890988EA0B00C5F30548C5F3056580EA1A
:1086C000070004EB8808D9F8007604EB850580EAFA
:1086D0000700D8F80077D5F8005880EA070080EA4C
:1086E000050081EA000181EA06004FEA3115C0F376
:1086F000052800F03F06C0F3054782EA050204EBB7
:108700008808C0F3056004EB8606D8F8008304EB04
:108710008707D6F8006104EB8000D7F8009402F0D8
:108720003F0788EA0608D0F80005C2F3052604EBE7
:10873000870788EA0303C2F30548D7F8007204EB01
:10874000860683EA090304EB8808D6F80066C2F3BC
:10875000056283EA0003D8F8000704EB820283EA8B
:108760000703D2F8002883EA060383EA000383EABA
:1087700002037FF46AAF019A02F5887A01E04FEABA
:1087800031155CF80C2C0CF1100C5CF8200C5540E9
:108790005CF8186C48405CF8142C05F03F08E24582
:1087A00000F03F0BC0F3052704EB8808C0F3054930
:1087B00004EB8B0BC0F3056004EB8707D8F800824D
:1087C000DBF800B104EB8909D7F8007304EB8000F3
:1087D0008BEA0808D9F800B4C5F3052988EA070828
:1087E000D0F8007504EB890988EA0B00C5F3054849
:1087F000C5F3056580EA070004EB8808D9F8007620
:1088000004EB850580EA0700D8F80077D5F8005812
:1088100080EA070080EA050083EA000383EA060095
:108820004FEA3315C0F3052800F03F06C0F30547B3
:1088300082EA050204EB8808C0F3056004EB8606B3
:10884000D8F8008304EB8707D6F8006104EB8000BA
:10885000D7F8009402F03F0788EA0608D0F8000530
:10886000C2F3052604EB870788EA0101C2F3054835
:10887000D7F8007204EB860681EA090104EB880848
:10888000D6F80066C2F3056281EA0001D8F8000755
:1088900004EB820281EA0701D2F8002881EA06018E
:1088A00081EA000181EA02017FF469AF019A1E4664
:1088B00002F5C87004E000BFA4B002604FEA3615AC
:1088C0005AF80C3C0AF1100A5AF8207C5D405AF81C
:1088D000182C77405AF8143C05F03F09504507F032
:1088E0003F0BC7F3052804EB8909C7F3054C04EBDC
:1088F0008B0BC7F30567D9F8009204EB8808DBF807
:1089000000B104EB8C0CD8F8008304EB87078BEAEA
:10891000090BDCF80094C5F3052CD7F800758BEA39
:10892000080BC5F3054804EB8C0CC5F305658BEA11
:10893000090B04EB8808DCF800C604EB85098BEA18
:10894000070BD8F80057D9F800788BEA0C0888EAAA
:10895000050585EA070581EA050182EA010283EA45
:108960003113C2F3052802F03F0CC2F30549C2F3EC
:10897000056204EB880803F03F0704EB8C0CC3F39B
:108980000525D8F8008304EB8909DCF800C104EB65
:108990008202D9F8009404EB870788EA0C0CD2F81D
:1089A0000025C3F30548C3F305638CEA0606D7F830
:1089B000007204EB830386EA090C04EB8505D3F807
:1089C000006804EB88088CEA020CD5F80056D8F849
:1089D00000278CEA070383EA050383EA020386EA99
:1089E00003067FF46BAF4FEA7603002081EA0304AD
:1089F00004F0AA3461405C404FEA710284EA122319
:108A000003F0FF1382EA03215C4084EA910303F040
:108A100033335C4081EA830383EA144292B284EAEE
:108A20000241534083EA111202F00F32534081EAAF
:108A30000212110E8EF803201D0E8EF80730140C52
:108A40008EF80010120A8EF80450190C8EF80140AE
:108A50001B0A8EF802208EF805108EF8063003B03F
:108A6000BDE8F08F2DE9F043560783B00A9C0B9DBB
:108A700051D1012916460746994628D01AB303F169
:108A8000FF3820686B4661682A4603C32146384692
:108A9000FFF796FD6A1E434605F1070E12F8010F17
:108AA00013F8011F724581EA00011170F6D16B467F
:108AB000083E04F1080405F1080503CBC9F80000DD
:108AC000C9F80410DDD1002003B0BDE8F083002A0E
:108AD000F9D0013C03F1FF3841466A1E04F1080E4B
:108AE00014F8010F11F8013FA64583EA000302F8CC
:108AF000013FF5D12A46294638460835FFF760FD83
:108B000055F8082C55F8043C083EC9F80020C9F86F
:108B10000430E1D1D7E76FF03100D5E72DE9F04F10
:108B200091F801E008304A7900250F784FEA0E43AA
:108B30000C79120443EA076ECB79CF7842EA0462DB
:108B40008C794EEA07071A4391F802E042EA0424BE
:108B5000CB4E47EA0E2383EA141202F00F32534041
:108B600084EA021283EA020101F010314B405140C5
:108B7000C1F3436E0A0F03F00F04C3F3036C06EB5B
:108B8000820206EB8E0ED2F8408906EB840406EBD7
:108B90008C0CDEF840E95F0FD4F80099C1F3430272
:108BA000DCF8004906EB87074EEA081CC1F3432EA8
:108BB00006EB8208C3F3032244EAC904D7F80099FC
:108BC00006EB8E0ED8F8407944EA091406EB8202CF
:108BD000DEF84099C1F3434E4CEAC708D2F80029A9
:108BE000C3F3034C06EB8E0E44EA820748EA89047D
:108BF000DEF8408906EB8C02C1F3031EC3F3431C6D
:108C000044EA480406EB8E0ED2F80029DEF84089CB
:108C100047EA4202C1F3033E06EB8C07C3F3433C31
:108C2000C1F30351D7F80079C3F3435306EB8C0C1F
:108C300006EB8E0E42EAC717DCF8009906EB8303B9
:108C4000DEF8402944EAC81406EB8101D3F800C9D4
:108C500044EA821447EA8913D1F8402943EA4C13C5
:108C600044EA421223F0704322F07042082D18BFEC
:108C7000012D40F3FA800F2D00F0F7809C0E910E2D
:108C800044EA830341EA820223F0704322F07042F7
:108C9000D90302F400771E0102F480791C0701F069
:108CA000005C4FEA434B06F0105604F080544FEA44
:108CB000833A0BF0805B4FEA834826439C024BEAE1
:108CC0000C0C0AF0006A04F0006E46EA09094CEA4E
:108CD000070C9F0549EA0A0908F002784CEA0E0CD5
:108CE00007F080664FEA930E49EA08084FEA831AB4
:108CF0004CEA06070EF000794FEA432B5E000AF0BB
:108D0000807A47EA09074FEAC32C48EA0A0A06F0C4
:108D1000807E0BF400181E044FEA530B47EA0E0E38
:108D20004AEA080806F400160BF4801B04F48024B9
:108D30004EEA060E4FEAC30948EA0B0B0CF4801CFE
:108D40004FEA830801F400314BEA040B4EEA0C0CA5
:108D500008F4003609F4002E9F0A01354FEA9319F2
:108D60004BEA06084CEA0E0C07F48037560B09F460
:108D7000802948EA07074FEA12184CEA090906F465
:108D800000564FEA131C08F480583E4349EA01019B
:108D90000CF4803C4FEA821E970846EA08080EF45D
:108DA000006E41EA0C0107F400575608140248EA25
:108DB0000E0839434FEA923E06F4806604F480546C
:108DC00040F608090EF4007748EA06060C430EEA5E
:108DD00009094FEA52184FEA522C3E4344EA09016E
:108DE00008F02008970A0CF4806C4FEAC21E46EA8D
:108DF000080607F010074FEAD20941EA0C010EF409
:108E0000807E4FEAD21A46EA070841EA0E0E09F0C0
:108E10000806970C0AF0200A48EA060809F011092A
:108E200007F00407960E4EEA0A0E940048EA070778
:108E300006F002064EEA090E04F00404510D3E430A
:108E40004EEA0404C2F3006701F00201102D46EA65
:108E5000070600F1080041EA040140F8106C40F8F0
:108E60000C1C7FF403AFBDE8F08FDC0ED10E44EA9A
:108E7000430341EA420223F0704322F0704207E7C5
:108E8000A4B0026008B5FFF749FE002008BD00BF8E
:108E900038B50446FFF742FE04F140052046221D86
:108EA00023469C6F083052F8041C083B42F8044CDF
:108EB0000832D3F88440C3F8801050F8041C40F8FE
:108EC000044CA842C3F88410EBD1002038BD00BF89
:108ED000F8B515460C4607461146FFF71FFE05F18B
:108EE000080104F18000FFF719FE3B46A646214623
:108EF00038460022856FAEF1080E0838083344F872
:108F000022500831D0F8845041F8045CDEF800515A
:108F100053F8046C9D67DEF80451DD6757F8225062
:108F2000C3F8FC60C3F8F85054F82260023251F8DC
:108F3000045C202AC1F8F860C1F8FC50DAD1F8BD11
:108F400000B5E1B00A466946FFF7C2FF68464FF434
:108F5000C07108F003FE002061B05DF804FB00BFA3
:108F600000B5E1B00A4601466846FFF7B1FF684622
:108F70004FF4C07108F0F2FD002061B05DF804FB11
:108F800070B516460D4604461146FFF7C7FD05F1BC
:108F9000800006F10801FFF7C1FD06F1100104F59C
:108FA0008070FFF7BBFD29462046A4F180052346CB
:108FB0000A46D3F87841083B083908301460083273
:108FC000D3F8844142F8044CD1F800418467D1F8C9
:108FD0000441C467D3F88040C2F8F840D3F8844015
:108FE0009D42C2F8FC40E4D170BD00BF00B5E1B0C5
:108FF0000A466946FFF7C4FF68464FF4C07108F09F
:10900000ADFD002061B05DF804FB00BF00B5E1B02C
:109010000A4601466846FFF7B3FF68464FF4C07141
:1090200008F09CFD002061B05DF804FB0021802267
:109030002DE9F04FADF5697D0E468246DFF82C93A1
:1090400008A802ACDFF8288319F016FE28A84FF410
:10905000C072314619F010FE771006F0010BBAF11C
:10906000000F0FD07A1C002FBC48C2EBC2020CBF0D
:1090700020213321BBF1000F0CBF4B464346D200E9
:1090800019F022FEB64A731E92E8030084E803003A
:10909000042B00F29080DFE813F089007D0071005E
:1090A0000500400188AD28A9AE4A2846FFF768FFB1
:1090B00028464FF4C07108F051FD42F2107503E0EC
:1090C000FFF706F9013D0BD02246214608A8002FE4
:1090D000F6D02246214628A8FFF772FA013DF3D1C7
:1090E000BBF1000F40F000819F490822204601EBB0
:1090F000C70119F0A9FD002840F00981BAF1000F5D
:1091000040F0F4800136062EA6D1BAF1000F40F0EF
:1091100020814FF0000B0DF1180804AD4FEA6B07EA
:109120000BF00109BAF1000F10D07A1C002F8F4B01
:10913000C2EBC2028E4E0CBF202133218D48B9F103
:10914000000F18BF3346D20019F0BEFD8A4A0BF15A
:10915000FF3392E80300503A88E8030085E80300F3
:1091600092E8030084E80300042B00F2AC80DFE8FF
:1091700013F0A500AF0072002700E40088AD28A816
:10918000784A2946FFF7A4FE28464FF4C07108F03C
:10919000E5FC92E788AD28A9724A2846FFF798FEB9
:1091A00028464FF4C07108F0D9FC86E76D4908A83D
:1091B000FFF7B4FC81E76B4908A8FFF769FE7CE77D
:1091C00088AE28A9674A3046FFF7DAFE30464FF4EA
:1091D000C07108F0C3FCB9F1000F4AD142F2107619
:1091E00004E00094FFF790F9013E0FD043460822B7
:1091F000394608A80194002FF3D043460094082272
:10920000002128A8FFF72EFC013EEFD15B49082280
:10921000204601EBC70119F017FD002877D1BAF1FC
:10922000000F40F086800BF1010BBBF1060F7FF4BD
:1092300075AFBAF1000F40F0A98008A8802108F0AE
:109240008DFC28A84FF4C07108F088FC50460DF53D
:10925000697DBDE8F08F88AE28A8424A3146FFF705
:1092600037FE30464FF4C07108F078FCB9F1000FBA
:10927000B4D042F2107988AE11E00094FFF744F9BF
:10928000B9F1010995E8030086E8030094E80300BA
:1092900085E8030096E8030084E803002AD04346EB
:1092A0000822012108A80194002FE6D0434600942B
:1092B0000822012128A8FFF7D5FBE1E7294908A8E2
:1092C000FFF72CFC87E7274908A8FFF7E1FD82E7B5
:1092D00088AE28A9234A3046FFF7FAFD30464FF4FE
:1092E000C07108F03BFC76E72549FEE6254819F0F9
:1092F000A7FC07E795E80300234B082284E8030056
:1093000003EBC701204619F09FFC002887D0BAF173
:10931000000F41D14FF0010A8FE788AD28A8114A0C
:109320002946FFF72DFE28464FF4C07108F016FCC1
:10933000C3E6144819F084FC75E788AE28A8094AEA
:109340003146FFF71DFE30464FF4C07108F006FCB1
:1093500041E70A2019F0A4FCDBE600BFA8240020A6
:1093600024BA02602CBA026044BA0260841C002055
:10937000881C0020C024002074BA026094BA0260E5
:109380005CBA0260AC1C00207CBA02600A204FF07C
:10939000000A19F085FC50E702484FF0010A19F065
:1093A0004FFC4AE7FC1C00200B6870B5D41A012C56
:1093B00015DD1C789E1C5B78921B0E6043EA04242A
:1093C00094420CDC0D4622463146FAF7FDFD18B9F1
:1093D0002B681C442C6070BDA0F5445070BD014842
:1093E00070BD00BF80CFFFFF70B586B006460D464A
:1093F0006846FAF7DDFB03A8FAF7DAFB68460221B4
:10940000FAF740FD044640B16846FAF7D9FB03A8D5
:10941000FAF7D6FB204606B070BD2946022203A803
:10942000FBF744F904460028EED169463046FAF7C6
:1094300097FF002805DB304603A9FAF791FF0028C3
:10944000E2DD014CE0E700BF80CFFFFF7C2200217E
:1094500019F012BC2DE9F041061D05460C461746D1
:109460003046FFF7A1FF18B103461846BDE8F0816A
:109470003A46214605F11000FFF796FF0028F3D188
:1094800005F134083A4621464046FFF78DFF002893
:10949000EAD140463146FFF7A7FF044608B103462C
:1094A000E3E73046FAF78AFD23462860DDE700BF90
:1094B0002DE9F04F041D87B006468B46204600215B
:1094C00017469846FAF7BEFF00283DD006F11C0962
:1094D0004FF00C0A119B5946109A4846FBF7EEFFD5
:1094E00018B129E0FAF71EFE30BB21464846FAF7CC
:1094F00037FF00284FF001014846F3DABAF1010ABC
:1095000020D02146FFF770FF0028E3D106F14C037D
:1095100006F1280A06F1100B054600934A4650460C
:1095200059462346FBF7FCFD30B921465046FFF76C
:109530005BFF58B1054601E0A0F54655284607B047
:10954000BDE8F08F264DF9E7264DF7E7BB1C204616
:109550000293FAF733FD81465846FAF72FFD029041
:109560005046FAF72BFD4A460390B91C2046FAF7FD
:1095700061FD0028E0D1BB1C4FEA192287F8019059
:1095800058464B443A70029A991C05930491FAF795
:1095900051FD059B0028CFD10299BC1C0498039A69
:1095A00000EB010B090A504604F809100BF1020AFE
:1095B0009DF8084051465C70FAF73CFD0028BBD18D
:1095C000039802998244020A049BC7EB0A075A5483
:1095D0008BF80100C8F80070C6F80090AEE700BF35
:1095E00080CEFFFF80CFFFFF002A18BF0029F8B50B
:1095F0001AD0C8B1071D054616463846FAF762FB71
:10960000044618B1A4F556542046F8BD314605F17C
:109610001000FAF757FB04460028F3D13846FAF752
:10962000CDFC28602046F8BD004CEDE780CFFFFF61
:1096300068B162B110B50468A24206D83430FAF7B6
:10964000C3FC18B1A0F5485010BD024810BD014838
:10965000704700BF80CFFFFF2DE9F04F83B0002897
:1096600053D0B3FA83F46409002C4ED10568AB42A1
:109670004BD8051D06468846214628461F46934678
:10968000FAF7E0FE002840D006F11C044FF00C0968
:109690000D9B41460C9A2046FBF710FF18B12EE0B7
:1096A000FAF740FD58BB29462046FAF759FE002834
:1096B0004FF001012046F3DAB9F101092BD0294618
:1096C000FFF792FE82460028E2D106F14C0306F134
:1096D0002808224606F11001009340462B46FBF76E
:1096E0001FFD60B929464046FFF77EFE08B182465D
:1096F00007E03A4659464046FAF79CFC08B1A0F507
:109700004A5A504603B0BDE8F08FDFF810A050462B
:1097100003B0BDE8F08FDFF808A0F2E780CFFFFFCD
:1097200080CDFFFF2DE9F04F87B000286ED0046890
:1097300094426BD8061D00F1340904460F46484692
:1097400031469846FFF750FE20B10446204607B048
:10975000BDE8F08F03A8FAF72BFA109B002B00F05E
:10976000908004F11C0A04F1700550462946FAF76E
:10977000F7FD00283CD104F1580501212846FAF7ED
:1097800061FE002840F0A5804FF00C0B3046FAF740
:1097900015FC119B0146109A2846FBF78FFE18B165
:1097A0002BE0FAF7BFFC40BB31462846FAF7D8FD5C
:1097B00000284FF001012846F3DABBF1010B00F05D
:1097C000A880FAF73FFE0028E0DD04F1640B324682
:1097D00029465846FCF70AF978B904F14C0033469B
:1097E0005246594600905846FBF79AFC00B304E0F5
:1097F00028465146FAF766FA50B1A0F54C5403A832
:10980000FAF7DEF9204607B0BDE8F08F424C9DE73D
:1098100004F1580501212846FAF734FB0028ECD161
:1098200004F1640B01215846FAF72CFB0028E4D11F
:109830002A46494603A8FAF751FF0028DDD103A9BB
:1098400032460846FBF7F8FA0028D6D104F1400565
:109850004C34524633460094284603A9FBF760FC7B
:109860000028CAD15A4629462846FAF737FF002869
:10987000C3D1324629462846FBF7DEFA0028BCD180
:1098800013E0494603A8FAF71DFA0028B5D104F100
:109890004C0104F14005334604F11C0200912846B6
:1098A00003A9FBF73DFC0028A7D12846FAF786FB61
:1098B000024639462846C8F80020FAF7BBFB0446A2
:1098C00003A8FAF77DF9002C3FF440AFA4F54C54FF
:1098D0003CE72A4629462846FAF700FF00288CD1A3
:1098E000324629462846FBF7A7FA002885D104F11D
:1098F000640B5A4659465846FAF7F0FE00287FF4A2
:109900007CAF324659465846FBF796FA00288FD06E
:1099100073E7024C73E700BF80CFFFFFF2CCFFFF7D
:1099200010B504467030FAF74BF904F16400FAF709
:1099300047F904F15800FAF743F904F14C00FAF73B
:109940003FF904F14000FAF73BF904F13400FAF76B
:1099500037F904F12800FAF733F904F11C00FAF79B
:109960002FF904F11000FAF72BF9201DFAF728F966
:1099700020467C21BDE8104008F0F0B82DE9F04108
:109980008EB006460C4608A8059205F0B7FF05996B
:1099900019B1631813F8013C63B32144302306AABC
:1099A00007A80794F9F796F8B0B1A0F54E5508A8A6
:1099B00006F07AF94DB928460EB0BDE8F08110F5F1
:1099C000845F53D008A806F06FF93046FFF7A8FF70
:1099D00028460EB0BDE8F081079C371D069B07A8FE
:1099E0003A461C442146F9F799F9054698B1A5F580
:1099F0004E55DCE705AA0193009308A8029223467E
:109A00001B4A1C4905F080FF05460028D7D109995B
:109A1000089C0591C1E706F11002214607A8F9F755
:109A20007DF905460028E2D1079B9C4216D00BA881
:109A3000FAF7BEF80BAA214607A8F9F76FF9804696
:109A40000BA8FAF7BDF8B8F1000F02D0A8F54E55F3
:109A5000ADE7079B9C4201D0074DA8E73846FAF7CF
:109A6000ADFA306008A806F01FF9A4E7059994E75D
:109A7000D8240020F42400201ACCFFFF10B5A0B099
:109A800004467C22002101A819F0F6F86CB9FB22EB
:109A90000F4901A8FFF772FF041C18BF012401A899
:109AA000FFF73EFF204620B010BD0A4819F00CF920
:109AB000FB22074901A8FFF761FF044620B10648D1
:109AC000012419F0BDF8EAE7044819F0B9F8E6E70F
:109AD000ACBA026014250020FC1C0020401D0020B0
:109AE00002F09EB92DE9F0418CB016460546884635
:109AF00003A81F4601F074F93146284601F0AAFD7B
:109B0000044630B103A801F093F920460CB0BDE83B
:109B1000F081139B2846129A03A9019333460092C1
:109B20003A4602F095F804460028EBD103A801F06C
:109B300043FC28B9404603A9FAF7C4F80446E1E714
:109B4000004CDFE780B0FFFF4FF49A72002119F05C
:109B500093B800BF08B310B5044601F079F904F1D9
:109B6000880001F065F904F1AC0001F061F904F13D
:109B7000E00001F05DF904F5827001F059F904F19B
:109B80007C00FAF71DF804F1D000FAF719F804F593
:109B90009470BDE81040FAF713B870472DE9F04310
:109BA00085B0002837D0856D0446002D33D000F1F4
:109BB000880699460D9B90460F463246009300F169
:109BC0007C010C9B02F02CF9054618B1284605B023
:109BD000BDE8F0834B46424602A9204601F014FD41
:109BE00020B10546284605B0BDE8F083029B31460A
:109BF000D4F8DC20204608EB0306C3EB090403ABD2
:109C00000194009601F0BCFC0028EAD1029A039B63
:109C100013443B60DAE7014DD8E700BF80B0FFFF97
:109C200070B515460A680C460646AA1A01F0C0FC33
:109C300000B170BD2368224606F1AC013046EB1A34
:109C4000BDE8704001F082BC70B5144605460E4672
:109C500001F058F948B9012C10D0BCB906F18801BF
:109C600005F1880001F036F900B170BD06F17C0104
:109C700005F17C00BDE87040FAF724B806F18801D0
:109C800005F1AC00BDE8704001F024B90048ECE7F4
:109C900080B0FFFF2DE9F04182B01E46DDF824E0E0
:109CA000089BE8B1876D0446D7B100F188071546D7
:109CB0008846CDF800E000F17C013A4602F0B0F8A9
:109CC00010B102B0BDE8F081D4F8DC20434639463B
:109CD00020460996089502B0BDE8F04101F050BC5D
:109CE0000048EEE780B0FFFF30B583B0019170B15E
:109CF00015460C46134600F1AC0101AA01F026FC02
:109D000018B90199091B8D4201D103B030BD01483A
:109D1000FBE700BF80B0FFFF2DE9F04182B0DDF826
:109D200020E0DDF824C040B300F1D0081D461746FE
:109D30000E46CDF804C000F17C03CDF800E04146AA
:109D400000F1AC020446FFF7CDFE10B102B0BDE851
:109D5000F0814046FAF732F9A8420ED8A26D394692
:109D6000404612F0070318BF012303EBD202326012
:109D700002B0BDE8F041FAF75DB90148E6E700BF7F
:109D800080B0FFFFF8B5C46D05460E46084607349F
:109D90001146E4089C4228BF1C462246FAF714F9F3
:109DA0000746C0B9E400E96D8C420DD84C35304609
:109DB0002946FAF7D5FA00280DDB2A463146304607
:109DC000BDE8F840FAF732BC611A3046FAF7AAF952
:109DD0000028EBD007463846F8BD00BF2DE9F04F0C
:109DE000456D97B0DDF88C80002D00F0CA800C46E0
:109DF00005460121184699469346FAF723FB0028A9
:109E000045DB05F14C0648463146FAF7A9FA002829
:109E10003DDA0C230DA8029300F0E2FF04A8F9F745
:109E2000C7FE07A8F9F7C4FE0AA8F9F7C1FECDF8E6
:109E30008C80B046239E0C2702E0FAF703FB50BB50
:109E40000DAA04A900962846229B01F0E9FF42468C
:109E50000DA9D0B92046FAF7EFFFB0B9013F01468E
:109E60002046EAD1484B0DA8029300F0E1FF04A878
:109E7000F9F7A6FE07A8F9F7A3FE0AA8F9F7A0FECE
:109E8000029B184617B0BDE8F08F0346EBE73F484A
:109E900017B0BDE8F08F219B07A9209A2846FFF74D
:109EA00071FF03460028DED14FF01F0AEF6D3346E5
:109EB000229A0AA80737FF083946FBF7FFFA00285D
:109EC000E3D1E96D0AA8C1EBC701FAF72BF901212B
:109ED0000028DAD1BAF1010A0AA850D0FAF7B2FA8A
:109EE000002841460AA8E1DBFAF73AFA0028DDDA51
:109EF0004A4621465846FAF7F1FB03460028B2D1FC
:109F000007A95A460846FAF769FB03460028AAD172
:109F100007A90AAA0846FAF7E1FB03460028A2D1DE
:109F200004A90AAA0846FAF7D9FB034600289AD1E1
:109F3000424604A95846FBF759FD0346002892D132
:109F400007AA59465846FAF7C9FB034600288AD1A2
:109F5000424659465846FAF76FFF0346002882D119
:109F6000029A013A02923FF47DAF014603905846AF
:109F7000FAF768FA039B00283FF45DAF73E70248E5
:109F800080E703487EE700BF00B3FFFF80B3FFFF19
:109F900080B0FFFF2DE9F047B8B0064688469146ED
:109FA0009DF808011F46F46D04F080F9002841D0A7
:109FB0000734824604A8E408F9F7FAFD1FA803F065
:109FC000C5FE07A922463846FAF734F8054648B1D7
:109FD0001FA804F013F804A8F9F7F2FD284638B0DA
:109FE000BDE8F087419B04A9409A3046FFF7CAFEBE
:109FF00005460028ECD107AB224604A81919FAF748
:10A0000019F805460028E3D1630007AA51461FA8A6
:10A0100003F0F4FE084C419A1FAB4099304603937D
:10A020003B4601924A46009141460294FFF7D6FE14
:10A030000546CDE70148D2E7E9DF006080B0FFFFC9
:10A040002DE9F04399B005461F4688460FA8914672
:10A0500000F0C6FE03A8F9F7ABFD06A8F9F7A8FDC6
:10A0600009A8F9F7A5FD0CA8F9F7A2FD6B6D002B67
:10A0700000F0878001212098FAF7E4F9002807DB37
:10A0800005F14C0620983146FAF76AF9002813DBEF
:10A090003D4C0FA800F0CCFE03A8F9F791FD06A8EF
:10A0A000F9F78EFD09A8F9F78BFD0CA8F9F788FDE3
:10A0B000204619B0BDE8F08301212198FAF7C2F9D2
:10A0C0000028E5DB31462198FAF74AF90028DFDA63
:10A0D0003946284601F0BEFA04460028D9D14B463D
:10A0E000424603A92846FFF74DFE04460028D0D17A
:10A0F0003246219906A8FBF779FC04460028C8D10E
:10A1000006AA03A909A8FAF7E9FA04460028C0D16B
:10A1100009A932460846FAF78FFE04460028B8D14E
:10A1200006AA20990CA8FAF7D9FA04460028B0D15B
:10A130000CA932460846FAF77FFE04460028A8D14B
:10A140000CAA019705F12803284600920FA909AA35
:10A1500001F0E2FD044600289BD10FA801F02CF984
:10A16000002895D10FA932460846FAF765FE044645
:10A1700000288ED120990FA8FAF7F2F8002888D08D
:10A1800086E7024895E700BF00B2FFFF80B0FFFFFF
:10A19000F0B5A7B004460F4615461E4605A8F9F7C8
:10A1A00007FD08A8F9F704FD04F17C032046029797
:10A1B000019608AA009505A9FFF7ECFE044640B1F8
:10A1C00005A8F9F7FDFC08A8F9F7FAFC204627B026
:10A1D000F0BD0DF1950326AD08AA0BA945F8883D01
:10A1E0002846F8F719FF061E21DB05AA0BA9284609
:10A1F000F8F712FF002818DB06440BA92846324660
:10A20000F8F76EFE071E14DB0BA928463022F8F77C
:10A21000DDFE031E0FDB3E4404992C981E4432469B
:10A2200018F006FD2D9B1E60CAE70446C8E73446B9
:10A23000C6E73C46C4E71C46C2E700BF70B584B021
:10A2400000249DF82450089E009313460A46294690
:10A25000019603940294FFF79BFF04B070BD00BF0A
:10A26000F0B58BB004460E461746109D04A8029325
:10A270001D44F9F79DFC07A8F9F79AFC294602A8A6
:10A28000302303AAF8F726FC50B9029A039B134423
:10A290009D4210D104AA294602A8F8F73FFD60B1FB
:10A2A000A0F59F4404A8F9F78BFC07A8F9F788FCF0
:10A2B00020460BB0F0BD0E4CF4E702A807AA2946D1
:10A2C000F8F72CFD0028EBD107AB20463A46314683
:10A2D000019304AB009304F18803FFF7B1FE044639
:10A2E0000028DFD1029A034B954218BF1C46D9E7DC
:10A2F0001AB0FFFF00B4FFFF70B582B015461E46CE
:10A30000044602F06DFE10B1012002B070BD00964F
:10A310002B4604F1880204F17C01204601F080FD07
:10A32000003018BF012002B070BD00BF70B50546F7
:10A330000E4600F0E7FD044638B906F17C0105F150
:10A340007C00F9F7BFFC044620B1284600F0B2FDBE
:10A35000204670BD06F1880105F1880000F0BAFDC5
:10A3600004460028F1D1F3E700F050BD00F0A2BD93
:10A3700038B54B6E0446A3B303680D46002B29DBAA
:10A380002046F9F7F3FDAB6DB0EB430F27D86B6EAA
:10A3900020469847E8B9043508E0FAF753F82A460A
:10A3A000214660B12046FAF719F990B923680021D7
:10A3B00020468B42F1DB02E0FAF7C8F848B929469B
:10A3C0002046F9F7CDFF00282A4621462046F3DA39
:10A3D000002038BD0021FAF735F80028D0D0044815
:10A3E00038BD0A1D0146BDE83840FAF725BD00BF5B
:10A3F00080B0FFFF2DE9F0410E4686B007460021F0
:10A4000006F118052846FAF71DF810B906B0BDE8A0
:10A41000F0816846F9F7CCFB03A8F9F7C9FB684659
:10A420003A1D2946FBF7E2FA044648B16846F9F7B7
:10A43000C7FB03A8F9F7C4FB204606B0BDE8F081CE
:10A440006A46694603A8FAF749F904460028EDD19F
:10A45000394603A8FFF78CFF04460028E6D1DFF851
:10A46000948003AA31463046D8F800300133C8F84A
:10A470000030FAF733F904460028D7D13946304680
:10A48000FFF776FF04460028D0D1D8F800300C360C
:10A4900003AA013331463046C8F80030FAF71EF9F6
:10A4A00004460028C2D139463046FFF761FF044612
:10A4B0000028BBD1D8F800306A4631463046013317
:10A4C000C8F80030FAF70AF904460028AED1394638
:10A4D0003046FFF74DFF04460028A7D1D8F80030DA
:10A4E000012128460B44C8F80030F9F7CBFC04469C
:10A4F0009CE700BF08F1002070B584B0054601F16B
:10A500000C04164601A8F9F753FB291D224601A8A1
:10A51000FAF78CF8054668B901462046F9F792FF2C
:10A5200001A900280CBF002206F001022046F9F71D
:10A5300029FC054601A8F9F743FB284604B070BD85
:10A540002DE9F04FBD4C8DB006468846236868461D
:10A55000154601332360F9F72BFB03A8F9F728FB15
:10A5600006A8F9F725FB09A8F9F722FBB369002B28
:10A5700000F0FA802A46294603A8FAF7AFF8044605
:10A5800078B16846F9F71CFB03A8F9F719FB06A890
:10A59000F9F716FB09A8F9F713FB20460DB0BDE843
:10A5A000F08F314603A8FFF7E3FE04460028E8D108
:10A5B000DFF88C92032203A96846D9F800300133F2
:10A5C000C9F80030FAF7FCF904460028D9D1371D44
:10A5D00004E0F9F7BBFF04460028D2D139466846AB
:10A5E000F9F7BEFE00283A4669466846F1DA06F1F8
:10A5F000100A00215046F9F725FF002840F032816B
:10A6000005F10C0A06A852465146FAF767F80446C7
:10A610000028B6D1314606A8FFF7AAFE0446002856
:10A62000AFD1D9F80030012106A80B44C9F8003099
:10A63000F9F726FD044628B1A3E7F9F787FF04469A
:10A6400000289ED1394606A8F9F78AFE06A90028F7
:10A650003A460846F1DA0A4603A82946FAF73EF8D0
:10A66000044600288DD1314603A8FFF781FE044639
:10A67000002886D1D9F80030012103A80B44C9F87D
:10A680000030F9F7FDFC044630B17AE7F9F75EFFD8
:10A69000044600287FF475AF394603A8F9F760FE39
:10A6A00003A900283A460846F0DA06AA09A8114686
:10A6B000FAF714F8044600287FF463AF314609A87E
:10A6C000FFF756FE044600287FF45BAFD9F8003050
:10A6D000012109A80B44C9F80030F9F7D1FC044660
:10A6E00030B14EE7F9F732FF044600287FF449AF56
:10A6F000394609A8F9F734FE09A900283A46084660
:10A70000F0DA6A46694606A8F9F7E8FF0446002829
:10A710007FF437AF314606A8FFF72AFE044600282B
:10A720007FF42FAFD9F8003006A903AA01330846F9
:10A73000C9F80030F9F77AFF044600287FF421AF0A
:10A74000069B002106A88B4280F2E980F9F77AFE89
:10A750003A4606A9002800F0E28006A8F9F73EFF75
:10A7600004460028ECD00CE705F1180203A81146B6
:10A77000F9F7B4FF044600287FF403AF314603A87D
:10A78000FFF7F6FD044600287FF4FBAEDFF8B0903B
:10A7900003AA294606A8D9F800300133C9F80030C9
:10A7A000F9F71CFF044600287FF4EBAE371D05E0E7
:10A7B000F9F7CCFE044600287FF4E3AE394606A83C
:10A7C000F9F7CEFD06A900283A460846F0DA03AAB2
:10A7D000294609A8F9F72AFF044660B1D1E6F9F73E
:10A7E00031FE3A4609A958B109A8F9F7F7FE04461F
:10A7F00000287FF4C6AE099B002109A88B42EEDB3E
:10A8000009AA06A903A8F9F769FF044600287FF4FE
:10A81000B8AE314603A8FFF7ABFD044600287FF42D
:10A82000B0AED9F80030032203A968460133C9F855
:10A830000030FAF7C5F8044650B1A2E6E8E9002076
:10A8400008F10020F9F782FE044600287FF499AE53
:10A8500039466846F9F784FD00283A466946684655
:10A86000F0DACDE605F1180203A81146F9F736FF34
:10A87000044600287FF485AE314603A8FFF778FD33
:10A88000044600287FF47DAED9F8003003AA06A85C
:10A89000DFF8E0B101331146C9F80030F9F71EFFC7
:10A8A000044600287FF46DAE314606A8FFF760FD30
:10A8B000044600287FF465AEDBF80030524606A956
:10A8C00003A80133CBF80030F9F708FF044600284D
:10A8D0007FF457AE314603A8FFF74AFD044600282F
:10A8E0007FF44FAEDBF8003003AA694668460133B7
:10A8F000CBF80030F9F772FE044630B141E6F9F7C3
:10A9000025FE044600287FF43CAE39466846F9F738
:10A9100027FD00283A4669466846F0DA70E606A93F
:10A9200003AA0846F9F782FE044600287FF429AE00
:10A93000069B002106A88B420BDAF9F783FD3A4605
:10A9400006A930B106A8F9F749FE04460028EFD061
:10A9500017E603A906AA0846F9F768FE0446002888
:10A960007FF40FAE039B002103A88B420BDAF9F7AB
:10A9700069FD3A4603A930B103A8F9F72FFE044652
:10A980000028EFD0FDE503A96A460846F9F7A6FEC0
:10A99000044600287FF4F5AD314603A8FFF7E8FC34
:10A9A000044600287FF4EDADD9F8003003A909AAC8
:10A9B00001330846C9F80030F9F738FE044600288C
:10A9C0007FF4DFAD039B002103A88B420BDAF9F77C
:10A9D00039FD3A4603A930B103A8F9F7FFFD044653
:10A9E0000028EFD0CDE505F11802514609A8F9F786
:10A9F00075FE044600287FF4C4AD314609A8FFF770
:10AA0000B7FC044600287FF4BCADD9F80030012122
:10AA100009A80B44C9F80030F9F732FB04460028B6
:10AA20007FF4AFAD394609A8F9F79AFC09A90028C7
:10AA30003A46084605DBF9F789FD04460028F1D0BF
:10AA40009FE506A94046F9F73DF9044600287FF442
:10AA500098AD03A908F10C00F9F734F90446002871
:10AA60007FF48FAD08F1180009A9F9F72BF9044616
:10AA700087E500BF08F100202DE9F04F012A8DB0D5
:10AA8000019140F2138180460C211046144618F0C3
:10AA90001FF905460090002800F00E8103A8F9F781
:10AAA00087F806A8F9F784F809A8F9F781F8019E54
:10AAB000284631681831F9F705F98346002840F037
:10AAC000DC8005F10C0A7D4F012556F8042FAAF110
:10AAD0000C01504601351832DFF8E091F9F7FEFD20
:10AAE00041468346002840F0C88050460AF10C0ACF
:10AAF000FFF73EFC8346002840F0BF803A68AC4236
:10AB000002F101023A60E0D104EB4405009B08F138
:10AB1000040203A8AD00A5F10C011944FAF766FF81
:10AB20008346002840F0A980A5F11806019A009BF1
:10AB3000671E02EB840A4D461E44002F00F09680EB
:10AB4000324603A906A8F9F7C9FD8346002840F05C
:10AB50009480414606A8FFF70BFC8346002840F08E
:10AB60008C80D9F8003003A95AF8042C0133084628
:10AB70001832C9F80030F9F7B1FD834600287CD1BE
:10AB8000414603A8FFF7F4FB8346002875D12B68E4
:10AB900001332B6006AA09A81146F9F79FFD8346E9
:10ABA00000286AD1414609A8FFF7E2FB8346002846
:10ABB00063D1D9F8003009AA5AF8041C01330846B9
:10ABC000C9F80030F9F78AFD8346002855D141467F
:10ABD0005AF8040CFFF7CCFB834600284DD15AF8F5
:10ABE000041C09AA2B680C31013308462B60F9F7C5
:10ABF00075FD8346002840D15AF8040C41460C30BC
:10AC0000FFF7B6FB8346002837D15AF8041C06AA82
:10AC10002B680C31013308462B60F9F75FFD834642
:10AC200058BB5AF8040C41460C30FFF7A1FB834691
:10AC300018BB2B68D8F8081001335AF8040C2B60A5
:10AC4000F9F702F88346C0B95AF8040CD8F808108E
:10AC50000C30F8F7F9FF834678B95AF8040D0C3E2A
:10AC60001830F8F7ADFF47B1013F66E703A906A822
:10AC7000F9F728F8834600288CD003A8009EF8F73F
:10AC80009FFF06A8F8F79CFF09A80025F8F798FF92
:10AC900001353046F8F794FF0C36AC42F8D10098F5
:10ACA00017F0FAFF58460DB0BDE8F08F0968FFF7BE
:10ACB000A1FB0DB0BDE8F08F0148F4E708F10020DA
:10ACC00080B2FFFF2DE9F84F0E46994682461546A1
:10ACD000C3F3450701F10C084FF0000B5FFA8BF44A
:10ACE000294630460BF1010BE41BB4FA84F46409E5
:10ACF0002246F9F747F805F10C012246243570B9D0
:10AD00004046F9F73FF850B9BBF1020FE6D14FEAE0
:10AD1000D91231465046BDE8F84FFFF7EDBBBDE80C
:10AD2000F88F00BF00487047A8BB026070B40B4D9D
:10AD30002B6883B90A4E032204240A49304601E0F5
:10AD400014460A7B013300F8014B0C31002AF7D17D
:10AD50000121F2542960024870BC7047B4F0002011
:10AD600060EC0020A8BB026004280CD00323074A33
:10AD700002E0834205D0137B0C32002BF9D1184638
:10AD80007047104670470148704700BFA8BB02607B
:10AD900018280DD00322074B03E05A88824205D0C1
:10ADA0001A7B0C33002AF8D11046704718467047BA
:10ADB00000487047A8BB026038B50546064C0748F6
:10ADC00003E014F80C0F30B1A068294617F044FFD7
:10ADD0000028F6D1204638BDA8BB02602C250020F3
:10ADE00068B110B50446F8F7E3FE04F10C00F8F77B
:10ADF000DFFE04F11800BDE81040F8F7D9BE704737
:10AE000018B17C22002117F037BF704778B17C223F
:10AE1000002110B5044617F02FFF04F17C00F8F76D
:10AE2000C7FE04F18800BDE81040FFF7D9BF7047A6
:10AE300068B110B50446F8F7C3FE04F10C00F8F74A
:10AE4000BFFE04F11800BDE81040F8F7B9BE704726
:10AE500070B3036E012B70B5044612D00430F8F7BE
:10AE6000AFFE04F11000F8F7ABFE04F11C00F8F798
:10AE7000A7FE04F12800FFF7DBFF04F14C00F8F710
:10AE80009FFE606F70B1A36F53B100252E4628441A
:10AE90000136FFF7CDFFA36F2435606FB342F6D8BC
:10AEA00017F0FAFE20467C21BDE8704006F056BE41
:10AEB000704700BF68B110B50446FFF7C9FF04F141
:10AEC0007C00F8F77DFE04F18800BDE81040FFF734
:10AED000AFBF704738B504460D46F8F7F3FE00B132
:10AEE00038BD05F10C0104F10C00F8F7EBFE002869
:10AEF000F6D105F1180104F11800BDE83840F8F763
:10AF0000E1BE00BF097802F06BB800BF10B50121A7
:10AF10000446F8F7B7FF00B110BD012104F10C00A1
:10AF2000F8F7B0FF0028F7D1014604F11800BDE89A
:10AF30001040F8F7A7BF00BF2DE9F04FDFF874E429
:10AF4000164697B08046DEF8002006F118040F463A
:10AF50000021013220461D46CEF80020F9F772FA92
:10AF6000002847D02B6A83B105F118090021484613
:10AF7000F9F768FA002844D02B6A33B1484601211A
:10AF8000F9F760FA002840F0DB8001A8F8F710FE1E
:10AF900004A8F8F70DFE07A8F8F70AFE0AA8F8F7C4
:10AFA00007FE0DA8F8F704FE10A8F8F701FE13A895
:10AFB000F8F7FEFD2246214601A8F9F78FFB8246ED
:10AFC00030B301A8F8F7FCFD04A8F8F7F9FD07A8CD
:10AFD000F8F7F6FD0AA8F8F7F3FD0DA8F8F7F0FD6D
:10AFE00010A8F8F7EDFD13A8F8F7EAFD504617B0E2
:10AFF000BDE8F08F29463846FFF76CFF17B0BDE873
:10B00000F08F31463846FFF765FF17B0BDE8F08F87
:10B01000414601A8FFF7ACF982460028D1D1DFF8FC
:10B020009093224601A904A8D9F800300133C9F849
:10B030000030F9F753FB82460028C2D1414604A8EC
:10B04000FFF796F982460028BBD1D9F8003001A954
:10B050002A4601330846C9F80030F9F73FFB82461B
:10B060000028AED1414601A8FFF782F982460028A8
:10B07000A7D1D9F8003004A905F10C020133084624
:10B08000C9F80030F9F72AFB8246002899D14146D9
:10B0900004A8FFF76DF98246002892D1D9F8003054
:10B0A00001A9324601330846C9F80030F9F7BEFA63
:10B0B0008246002885D108F104050BE0F9F7C2F9B2
:10B0C0002A4601A958B101A8F9F788FA8246002852
:10B0D0007FF477AF019B002101A88B42EEDB04A92E
:10B0E00006F10C0508462A46F9F7A0FA8246002820
:10B0F0007FF467AF08F1040B0BE0F9F7A3F95A46A8
:10B1000004A958B104A8F9F769FA824600287FF427
:10B1100058AF049B002104A88B42EEDB002101A85C
:10B12000F9F790F9014668B904A8F9F78BF90028F6
:10B1300075D1324639464046FFF702FA824640E76B
:10B140009A4854E7214601AA13A8F9F7C7FA82469C
:10B1500000287FF436AF414613A8FFF709F982466D
:10B1600000287FF42EAFD9F8003001AA07A8904C30
:10B1700001331146C9F80030F9F7B0FA82460028C9
:10B180007FF41FAF414607A8FFF7F2F88246002878
:10B190007FF417AF236801AA07A90AA80133236027
:10B1A000F9F79CFA824600287FF40BAF41460AA8C3
:10B1B000FFF7DEF8824600287FF403AF236807A973
:10B1C0003246013308462360F9F788FA82460028A0
:10B1D0007FF4F7AE414607A8FFF7CAF88246002879
:10B1E0007FF4EFAE2368022207A901A80133236090
:10B1F000F9F7E6FB824600287FF4E3AE08F1040489
:10B20000214601A8F9F7ACF801A900282246084612
:10B210000ADBF9F79BF982460028F1D0D1E63846DF
:10B22000FFF774FE8246CCE604AA0DA81146F9F792
:10B2300055FA824600287FF4C4AE41460DA8FFF7B8
:10B2400097F8824600287FF4BCAED9F800300DA9EB
:10B2500001AA01330846C9F80030F9F7E7F9824638
:10B2600000287FF4AEAE0D9B00210DA88B420BDAB7
:10B27000F9F7E8F822460DA930B10DA8F9F7AEF9B3
:10B2800082460028EFD09CE60DA90AAA0846F9F7E5
:10B29000CDF9824600287FF494AE0D9B00210DA8C5
:10B2A0008B420BDAF9F7CEF822460DA930B10DA882
:10B2B000F9F794F982460028EFD082E607A90DAA93
:10B2C0000846F9F7B3F9824600287FF47AAE079B67
:10B2D000002107A88B420BDAF9F7B4F8224607A938
:10B2E00030B107A8F9F77AF982460028EFD068E66E
:10B2F00007A904AA0846F9F7F1F9824600287FF465
:10B3000060AE414607A8FFF733F8824600287FF475
:10B3100058AED9F800300AA92A46254D013308460F
:10B32000C9F80030F9F7DAF9824600287FF449AE0F
:10B3300041460AA8FFF71CF8824600287FF441AE78
:10B340002B680AAA07A910A801332B60F9F76EF938
:10B35000824600287FF435AE109B002110A88B4256
:10B360000BDAF9F76FF8224610A930B110A8F9F7F7
:10B3700035F982460028EFD023E60DA93846F8F7C4
:10B38000A1FC824600287FF41CAE10A907F10C0036
:10B39000F8F798FC824600287FF413AE07F11800F6
:10B3A00013A9F8F78FFC82460BE600BF80B0FFFFC1
:10B3B00008F10020A8E9002008B500211830F9F7AD
:10B3C00041F8B0FA80F0400908BD00BF38B5044626
:10B3D0000D46F8F7C5FF70B905F10C0104F10C003A
:10B3E000F8F7BEFF38B905F1180104F11800F8F7B5
:10B3F000B7FF00B938BD014838BD00BF80B0FFFFBE
:10B4000070B51E4604460D46F9F7ECF900B170BD63
:10B410003246294604F10C00F9F7E4F90028F6D188
:10B4200004F118000121BDE87040F8F72BBD00BF02
:10B43000012A2DE9F843089FDDF824802FD80D4616
:10B44000814600211E4605F118001446F8F7FAFF60
:10B4500038B9B8F1000F38D0012338703360BDE837
:10B46000F88309F10400F8F7A9FD8146D4B9430037
:10B4700001339845336028D30423394602462846D1
:10B4800001F8013BF8F7D6FD50B909F1010105F1CA
:10B490000C004A463944BDE8F843F8F7CBBD0C48E8
:10B4A000BDE8F883431C984533600ED3002105F1B5
:10B4B0000C00F8F703FD3946831C4A46284601F87C
:10B4C000013BBDE8F843F8F7B5BD0248BDE8F88395
:10B4D00080B0FFFF00B1FFFF83B3F8B5147834B933
:10B4E000012B19D10846BDE8F840FFF70FBD1546FE
:10B4F00004301C460E46F8F761FD2B780746042BF6
:10B500001ED1430001339C4206D10246691C3046DD
:10B51000F8F75AFD10B1F8BD0A48F8BD791C3A4653
:10B5200006F10C002944F8F74FFD0028F3D106F18D
:10B5300018000121BDE8F840F8F7A4BC01487047A5
:10B540000148E8E780B0FFFF80B1FFFF012B12D96F
:10B5500070B414681646621C3260257845B15C1ED2
:10B56000A54205D854192B46346070BCFFF7B4BF10
:10B57000024870BC70470148704700BF80B0FFFFB1
:10B58000F0B583B0099C089E74B1013C771C1D4640
:10B5900001940097FFF74CFF20B92B6833702B689C
:10B5A00001332B6003B0F0BD0048FBE780B0FFFF24
:10B5B000022A21D90A68531C0B601378032B1BD174
:10B5C00030B4941CD51C0C6054780D60927842EA1B
:10B5D0000424182C0CD01946084B03E05A88A242C8
:10B5E00007D0197B0C330029F8D1054830BC7047CF
:10B5F000042130BC01F0F4BC02487047A8BB0260D3
:10B6000080B1FFFF80B0FFFF30B40578042D0CD06F
:10B6100003200E4C02E0854208D0207B0C34002829
:10B62000F9D1A0F59F4030BC7047084C0320022B95
:10B63000086008D91070002063881B0A5370638863
:10B64000937030BC70470248FBE700BFA8BB0260A4
:10B6500000B1FFFF2DE9F0410C4686B006460121FE
:10B6600004F11800F8F7EEFEB8BB336BCBB3F36B05
:10B67000BBB3014605462046F8F7E4FE00282CDB64
:10B6800004F10C0729463846F8F7DCFE002824DBD5
:10B6900006F1040820464146F8F762FE00281CDA4D
:10B6A00041463846F8F75CFE002816DA6846F8F797
:10B6B0007FFA03A8F8F77CFA3A4639466846F9F764
:10B6C0000DF8054688B16846F8F77AFA03A8F8F746
:10B6D00077FA284606B0BDE8F081474806B0BDE8D5
:10B6E000F081464806B0BDE8F08131466846FEF775
:10B6F0003FFE05460028E6D1414F2246214603A8D9
:10B700003B6801333B60F8F7E9FF05460028DAD1D2
:10B71000314603A8FEF72CFE05460028D3D13B682E
:10B72000B26901333B60002A47D003A906F1100239
:10B730000846F8F753FF05460028C4D104E0F8F79F
:10B7400005FF05460028BED1414603A8F8F708FECC
:10B7500003A9002842460846F1DA03A92246084612
:10B76000F8F7BCFF05460028ADD1314603A8FEF727
:10B77000FFFD05460028A6D13B6803A906F11C027F
:10B78000013308463B60F8F729FF054600289AD1A7
:10B7900002E0F8F7DBFE68BB414603A8F8F7E0FDDE
:10B7A00003A9002842460846F3DA6846124DF8F726
:10B7B000D7FD002808BF002585E703A90322084616
:10B7C000F8F774FF054600287FF47DAF0CE0F8F72A
:10B7D00039FE424603A90028BFD003A8F8F7FEFEB1
:10B7E000054600287FF46FAF039B002103A88B421E
:10B7F000EDDBB2E7054666E780B3FFFF80B0FFFFF1
:10B8000008F100202DE9F04F8846CBB019461E46BE
:10B8100091460546FFF71EFF0446002840F095803C
:10B82000286B00284ED0E86B00284BD004A805F107
:10B830004C0AF8F7BDF907A8F8F7BAF921465046BF
:10B84000F8F73CFB012840F08480EF6D24210220B2
:10B85000013717F03DFA834601907F0800287AD01F
:10B860003146FFF737FB044600287CD10BF1240654
:10B8700059463046FFF72EFB044678B9002F76D0A4
:10B88000834601E05F4572D03246314628460BF1CF
:10B89000010BFEF755FE0028F4D00446019D284612
:10B8A000FFF7C6FA3046FFF7C3FA284617F0F4F957
:10B8B00004A8F8F785F907A8F8F782F94046FFF7DA
:10B8C000B7FA20464BB0BDE8F08FFEF739FE019A7B
:10B8D00010A9002840F02A811BF807302846FFF7FE
:10B8E000F1F910AB42464146002840F01F8128463E
:10B8F000FFF722FB002840F01981013F42464146F4
:10B9000028467B1CE1D110A8FFF792FA029A414623
:10B910002846FEF7F1FD04460028BFD141462846DF
:10B92000FEF768FD019D04462846FFF781FA304680
:10B93000FFF77EFA284617F0AFF904A8F8F740F9A8
:10B9400007A8F8F73DF9002CB8D120464BB0BDE868
:10B95000F08FAC48B6E704A8AB4CF8F731F907A86C
:10B96000F8F72EF9AAE7019B03F1240696E70DF5F7
:10B97000947B012228464BF8C46D5946FFF77CF8AA
:10B98000044600288AD13346019A31462846FFF7FB
:10B99000D3FA0446002881D1012259462846199637
:10B9A000FFF76AF8044600287FF478AF014648465E
:10B9B000F8F784FA4946029004A8F8F783F9044698
:10B9C00000287FF46BAF4A46514607A8F8F72EFED1
:10B9D000044600287FF462AF029B07A904A813F174
:10B9E000FF3318BF01231A460293F8F7CBF9044638
:10B9F00000287FF453AF01467A1C584617F03CF9F3
:10BA0000002F3BD00395DA465D4695F8009021461D
:10BA100004A8F8F753FA40EA0909391901344FFA32
:10BA200089F904A8F8F74AFAA74249EA400005F85C
:10BA3000010BEAD1039D00234FF0010E9AF801108B
:10BA40000EF1010E9AF800C081EA03020B4077451F
:10BA500002F0010154B281F001001CFB00F14CEA3C
:10BA6000C0104AB204EA020182EA040243EA010376
:10BA70008AF801200AF8010BDBB2DFD210A8FFF729
:10BA8000AFF94AAB019A41463B44284613F8C43CFF
:10BA9000FFF718F9044618B110A8FFF7C9F9FDE639
:10BAA00008F1180901214846F8F7ECF90446002886
:10BAB000F2D1549B002B3FF420AFAB6D2A1D0AA896
:10BAC0004FF00C0A07330392DB081C46F8F770F8B6
:10BAD0000DA8F8F76DF8559B2146549A0AA8F9F776
:10BAE000EDFC18B120E0F8F71DFBE8B903990AA8AE
:10BAF000F8F736FC00284FF001010AA8F3DABAF192
:10BB0000010A7CD0F8F79EFC0028E4DD0AAA494629
:10BB10004846F8F7E3FD044650B10AA8F8F750F894
:10BB20000DA8F8F74DF8B7E70446F6E70446B3E783
:10BB300048462946FEF71CFC04460028EDD1DFF8F4
:10BB4000D0900AAA0DA8D9F8003011460133C9F8DF
:10BB50000030F8F7C3FD04460028DED129460DA8C1
:10BB6000FEF706FC04460028D7D1D9F800300DAA0C
:10BB7000414640460133C9F80030F8F7AFFD0446AE
:10BB80000028CAD129464046FEF7F2FB04460028A9
:10BB9000C3D1D9F800300DA90AAA01330846C9F863
:10BBA0000030F8F79BFD04460028B6D129460DA8C1
:10BBB000FEF7DEFB04460028AFD1D9F8003008F1CB
:10BBC0000C0A0DAA013351465046C9F80030F8F767
:10BBD00085FD04460028A0D150462946FEF7C8FB43
:10BBE0000446002899D1D9F800300AA80133C9F8D1
:10BBF0000030F7F7E5FF0DA8F7F7E2FF7DE6034C0D
:10BC00004AE700BF80B0FFFF80B2FFFF00B3FFFF35
:10BC100008F1002038B5036B93B1C36B83B10D46B7
:10BC2000044601212846F8F70DFC00280ADB04F140
:10BC30004C012846F8F794FB002803DA002038BDB1
:10BC4000014838BD014838BD80B0FFFF80B3FFFF19
:10BC50002DE9F04705460F4603F1180001211C4667
:10BC60001646DDF82080DDF82490F8F7EBFB88B964
:10BC700031462846FFF7CEFF08B1BDE8F087CDF882
:10BC800024902346CDF82080324639462846BDE828
:10BC9000F047B7E50048F0E780B0FFFFF0B5074692
:10BCA00083B00D461046012114461E46F8F7CAFB24
:10BCB00058B34FF0FF312046F8F7C4FB78B14FF08E
:10BCC000000E2246334629463846CDF804E0CDF82A
:10BCD00000E0FFF7BDFF0446204603B0F0BD31464B
:10BCE0002846FFF7F7F804460028F5D10C35014641
:10BCF0002846F8F7A7FB0028EED0391D2A4628462B
:10BD000003B0BDE8F040F8F791BC3146284603B0D7
:10BD1000BDE8F040FFF7DEB8F0B5046B8BB0B4B10E
:10BD2000C46BA4B115461E46044601A80F46FFF792
:10BD300057F82A46334601A92046FFF7AFFF0546CC
:10BD400040B101A8FFF774F828460BB0F0BD0D48CC
:10BD50000BB0F0BD119B3946109A2046FFF79EFFAD
:10BD600005460028EDD13B4601AA39462046FFF79B
:10BD7000E3F805460028E4D139462046FEF73AFBB1
:10BD80000546DEE780B1FFFF2DE9F04F056B83B07C
:10BD9000DDF83080DDF83490B5B3C46BA4B3C76D63
:10BDA000144606461F25073700F14C0B0193FF0888
:10BDB00000914FEAC70A4B46424639462046F9F7FA
:10BDC0007DFB10BBF16D2046C1EB0A01F8F7AAF923
:10BDD0000121D0B9013D20461AD0F8F733FB0028E5
:10BDE00059462046E7DBF8F7BBFA0028E3DA009B68
:10BDF000224601993046CDF83490CDF8308003B01A
:10BE0000BDE8F04FFFF724BF034803B0BDE8F08F53
:10BE1000024803B0BDE8F08F80B0FFFF00B3FFFF22
:10BE200010B582B0049C009313460A4600F1280125
:10BE30000194FFF7A9FF02B010BD00BF70B50C461A
:10BE400082B00146154620461E4601F0C9F850B999
:10BE5000019604F18803009504F17C0204F12801A5
:10BE60002046FFF791FF02B070BD00BF0378002BA2
:10BE700044D00A789A4241D12DE9F04301F1880774
:10BE8000ABB00C46054639468830F8F769FA002809
:10BE90003DD104F1940805F194004146F8F760FAA9
:10BEA000002834D104F1A00905F1A0004946F8F7B3
:10BEB00057FA054658BB264602A8FEF791FF7C229A
:10BEC00029460BA816F0D8FE16F8281B0BA801F07F
:10BED00087F804F17C0233460195009502A90BA86E
:10BEE000FFF7B6FE044658B102A8FEF7A1FF0BA863
:10BEF000FEF7AEFF20462BB0BDE8F0830C4870473C
:10BF0000394602A8F8F72CFA28B1094CECE70848A2
:10BF10002BB0BDE8F083414605A8F8F721FA0028C8
:10BF2000F3D1494608A8F8F71BFA0028DCD0ECE763
:10BF300080B0FFFF2DE9F04FA24EC1B0054609AC1D
:10BF40000FCE0FC496E803007C2284E80300002192
:10BF500021A816F091FE0FA8FEF742FF18A8FEF7E1
:10BF60003FFF06A8F7F724FE21A8012101F038F8C9
:10BF70000446D0B9002D44D1022106A8F7F782FF6C
:10BF80000446002800F00F8121A8FEF761FF0FA8EA
:10BF9000FEF74EFF18A8FEF74BFF06A8F7F710FEB6
:10BFA000204641B0BDE8F08F0446002C17DAB5B149
:10BFB0002146854816F088FE21A8FEF749FF0FA804
:10BFC000FEF736FF18A8FEF733FF06A8F7F7F8FDCF
:10BFD0000A2016F065FE204641B0BDE8F08F21A88A
:10BFE000FEF736FF0FA8FEF723FF18A8FEF720FF85
:10BFF00006A8F7F7E5FD002DEAD1204641B0BDE8DF
:10C00000F08F724816F060FE022106A8F7F73AFF9B
:10C0100004460028C9D12BAE0190009006AA3346F1
:10C0200018A921A8FFF714FE04460028BDD100235B
:10C03000DFF8A491DFF8A4811021654F06A8654AB6
:10C04000C9F80030C8F800303B60F8F7CBFB044675
:10C050000028AAD101903346009006AA0FA921A872
:10C06000FFF7F6FD044600289FD109ABD9F8002060
:10C070004FF0010A05939B4603923B68D8F80020D5
:10C080000493029200235BF8042F102106A8C9F83C
:10C090000030C8F800303B60F8F7A4FB3346044694
:10C0A00006AA0FA9002880D1019021A80094FFF7CB
:10C0B000CFFD044600287FF478AF474B039A1B68F6
:10C0C000934240F0B180454B029A1B68934240F086
:10C0D000AB803F4B049A1B68934240F0A5800AF165
:10C0E000010ABAF1060FCDD1002D7BD13A4B1021B8
:10C0F000384A06A81D60394B1D60354B1D60F8F7A6
:10C1000071FB044600287FF43FAF019518AB009502
:10C1100006AA0FA921A8FFF79BFD044600287FF47B
:10C1200033AFD9F800300126DFF8ACA00393D8F87C
:10C130000030DFF8A8B00293059C3B68049300230D
:10C1400054F8042F102106A8C9F80030C8F80030B0
:10C150003B60F8F747FB00287FF426AF019018AB4F
:10C16000009006AA0FA921A8FFF772FD00287FF40E
:10C170001BAFDAF80030039A93425ED1DBF800304F
:10C18000029A9A4259D1124B049A1B68934254D195
:10C190000136062ED3D10446002D3FF4F5AE1048EB
:10C1A00016F04EFD08E72BAE0190009006AA33462C
:10C1B00018A921A8FFF74CFD044600287FF4E4AE3F
:10C1C00035E700BF600400209820002038250020BB
:10C1D00008F100206C250020A8E90020E8E90020F3
:10C1E000AC1C0020194816F02BFD194816F06CFD08
:10C1F000184B194A10211C6006A8184B1C60184BDC
:10C200001C60F8F7EFFA044600287FF4CEAE0190E8
:10C2100018AB009006AA0FA921A8FFF719FD044644
:10C2200000287FF4C2AE7CE70DB90124ACE651468C
:10C230000C4816F049FD0124BEE6002DF5D031462C
:10C24000084816F041FD0124B6E600BFAC1C0020F2
:10C25000B0250020A8E900206C250020E8E9002096
:10C2600008F10020A02500202DE9F8430C21044608
:10C27000F7F7BAFC002840F0C780A2680746646858
:10C2800002F1180C02F1200102EB8404664656F814
:10C29000185C043656F8043C7D191D442CBF012758
:10C2A000002746F81C5CAB4288BF01378E42EED1B6
:10C2B00002F1280502F1300E0023A84658F8286C38
:10C2C00008F1040858F8049C9B194B442CBF012624
:10C2D000002648F82C3C994594BF3346731CF04522
:10C2E000ECD13B4497684FF00008D668DB1997699A
:10C2F0002CBF4FF00109C1463B4419EB0606936081
:10C300002CBF4FF00109C146BB42D7692CBF0023A7
:10C3100001231E449E422CBF4B4609F101033E44BB
:10C32000BE4238BF0133D66051F8186C043151F861
:10C33000047C18EB06063E442CBF4FF001084FF07A
:10C34000000841F81C6CB74288BF08F101088D4213
:10C35000EAD19844A946002159F8207C09F1040942
:10C3600059F8043CC91919442CBF0126002649F884
:10C37000241C8B4294BF3146711CF145ECD11669E7
:10C380004144536902F110078919D2F820804FF017
:10C39000000E2CBF012600264144F31811612CBF6A
:10C3A0004FF001094FF000098845D2F8248094BF6E
:10C3B0000026012633449E4294BF494609F10101FB
:10C3C0004344434538BF013153613E6876443E6083
:10C3D0002B68334447F8043B55F8048B43452CBF86
:10C3E0000023012376452CBF9E4603F1010E6745CD
:10C3F000EBD102F11C0371449C42916104D90022EB
:10C4000043F8042B9C42FBD8BDE8F8832DE9F04F9C
:10C4100093B0064601250D2405AB0190342200217E
:10C42000184604930295039416F026FC3046182112
:10C43000F7F7DAFB0090002840F02A82B3681C6806
:10C44000D3F830A05D6D54441E6DD86DA24505EB48
:10C4500004015A6894BF002401248D4288BF01342E
:10C4600071182CBF4FF0010E4FF0000E0F1A7444DC
:10C470001F60884294BF2146611E4C1C00F00C8254
:10C4800052182CBF4FF0010E4FF0000E4FFA8EFEE7
:10C49000596B9C6D0A449F68914288BF0EF1010E52
:10C4A0002244944288BF0EF1010E0244904288BF9C
:10C4B0000EF1010ECAEB020C924594BF7246AEF12A
:10C4C0000102C6EB0C0E664588BF013AC3F804E0D2
:10C4D00052B2002AC0F25382BA182CBF4FF0010C9E
:10C4E0004FF0000C4FFA8CFCD3F83890DF684A44C8
:10C4F000914588BF0CF1010C0244904288BF0CF1B9
:10C50000010CC1EB020E914294BF6246ACF10102F4
:10C51000C5EB0E0C754588BF013AC3F808C052B28E
:10C52000002AC0F22282BA182CBF4FF0010E4FF041
:10C53000000E4FFA8EFED3F83CC01F69624494454A
:10C5400088BF0EF1010E5244924588BF0EF1010ED4
:10C550003244964288BF0EF1010E2A44954288BFAC
:10C560000EF1010EC9EB0208914594BF7246AEF17F
:10C570000102C4EB080E444588BF013AC0EB0E0827
:10C58000704588BF013AC3F80C8052B2002AC0F24D
:10C59000E381BA182CBF012700277FB22A44D3F8C1
:10C5A00040E0D3F81480954288BF01372A44954271
:10C5B00088BF01377244964588BF01370A449142CB
:10C5C00088BF01375244924594BFBA4607F1010A29
:10C5D0003244964288BF0AF1010A2244944288BF3D
:10C5E0000AF1010ACCEB020B944594BF5246AAF122
:10C5F0000102C0EB0B07584588BF013AC0EB070AA0
:10C60000B84288BF013AC3F810A052B2002AC0F263
:10C61000998118EB02022CBF4FF0010A4FF0000A7B
:10C620004FFA8AFA22445F6CD3F81880944288BF8C
:10C630000AF1010A2244944288BF0AF1010A3A44ED
:10C64000974288BF0AF1010A4A44914588BF0AF11E
:10C65000010A0A44914288BF0AF1010A2A4495421C
:10C6600094BF51460AF1010182182CBF4FF0010B13
:10C670004FF0000BCEEB020A5944C3F814A09645C4
:10C6800094BF0A464A1E52B2002AC0F2538118EBE8
:10C6900002022CBF0121002149B20244D3F8488094
:10C6A000D3F81CA0904288BF01310244904288BF59
:10C6B00001314244904588BF01316244944588BFAE
:10C6C00001314A44914588BF0131A2182CBF4FF077
:10C6D000010B4FF0000BC7EB02095944C3F8189047
:10C6E000974294BF0A464A1E52B2002AC0F21881ED
:10C6F0001AEB02022CBF4FF0010A4FF0000A4FFA6A
:10C700008AFAD96CD3F820900A44914288BF0AF182
:10C71000010A7244964588BF0AF1010A62449445B1
:10C7200094BFD4460AF1010C82182CBF4FF0010BC4
:10C730004FF0000BC8EB020ADC44C3F81CA0904584
:10C7400088BFACF1010C4FFA8CFCBCF1000FC0F2B9
:10C75000DD8019EB0C0C2CBF4FF001094FF00009E4
:10C760004FFA89F9B4445A6A664588BF09F101094C
:10C77000BC44674588BF09F101091EEB0C0E2CBFB4
:10C780004FF0010A4FF0000AC1EB0E0CD144C3F880
:10C7900020C0714594BFCE46A9F1010E4FFA8EFE1E
:10C7A000BEF1000FC0F2A78012EB0E0C2CBF0122CD
:10C7B00000224FFA82FEAC449A6A654588BF0EF1AA
:10C7C000010EC444E04588BF0EF1010E17EB0C07C3
:10C7D0002CBF4FF001094FF00009C6EB070CCE4407
:10C7E000C3F824C0BE4294BF7746AEF101077FB2C2
:10C7F000002F76DB12EB070E2CBF0122002252B273
:10C80000A644DF6A744588BF01328E44714588BFF3
:10C81000013218EB0E082CBF4FF0010C4FF0000C4A
:10C82000C5EB080E6244C3F828E0454594BF1546A1
:10C83000551E6DB2002D4BDB7A192CBF0127002746
:10C840007FB20244019D904294BF3846781C324426
:10C850006D68964294BF0646461C89182CBF01227B
:10C8600000220F1B1644DF628C4294BF3446741EB4
:10C870000D2D64B224EAE4721A6307D903EB85052F
:10C880000022343343F8042B9D42FBD1002C0BDBF8
:10C89000009813B0BDE8F08FB2FA82FE013A4FEA79
:10C8A0005E1ECEF1000EF3E5039A6FF04043019E49
:10C8B00064421344049D324602A9304645F82340A1
:10C8C000F7F744FE0028E3D14FF0FF333360DFE792
:10C8D000C5F1000EEA1977454FF0FF3728BF002752
:10C8E000AFE7C7F1000C07EB020E62454FF0FF32D5
:10C8F00028BF002284E7CEF100090EEB020C4FF0B6
:10C90000FF3E4A4528BF4FF0000E54E7CCF1000A25
:10C91000CC44D1454FF0FF3928BF4FF0000921E743
:10C92000C2F100095244CA454FF0FF3A28BF4FF008
:10C93000000AE6E65142424488454FF0FF3128BFE5
:10C940000021AAE6C2F1000A4244D0454FF0FF3A66
:10C9500028BF4FF0000A65E6C2F100083A44474597
:10C960004FF0FF3728BF002718E6C2F1000E3A4407
:10C9700077454FF0FF3E28BF4FF0000EDBE5C2F1D8
:10C98000000C3A4467454FF0FF3C28BF4FF0000CC5
:10C99000AAE500BF2DE9F04F8FB006460125082417
:10C9A00006AB20220021039518460593049416F047
:10C9B00063F930460E21F7F717F90746002840F0D3
:10C9C000C080B3681968D3F81C90DA6A4945C9EB8E
:10C9D000010458682CBF00210121A24288BF013107
:10C9E000A41A49421C6049B2002940F0AE803C467E
:10C9F000D3F82080196B804588BF013CC8EB00004C
:10CA00009D68814288BF013C401A64B25860002C86
:10CA100040F0D9802046D3F824C05C6BAC4588BF79
:10CA20000138CCEB0505D3F80CA0AC4288BF013827
:10CA30002D1B40B29D60002840F0BD800190D3F8CE
:10CA400028E0D3F810B0D645CEEB090598BF0020FA
:10CA5000554488BF0120A94594BF4042C0F1010060
:10CA600012EB0509019DC3F80C9045EB000040B2A4
:10CA70000028C0F297801BEB00002CBF4FF0010B89
:10CA80004FF0000B4FFA8BFB8242C2EB08095D6945
:10CA900094BF002201224844804594BFC2F100089F
:10CAA000C2F1010808184BEB080818614FFA88F822
:10CAB000B8F1000F6DDB15EB08082CBF0125002530
:10CAC0006DB2C1EB0C0041459A6994BF0021012170
:10CAD0008044C44594BFC1F1000CC1F1010C14EBBA
:10CAE000080045EB0C0C58614FFA8CFCBCF1000FB0
:10CAF00046DB12EB0C0C2CBF0120002040B2C4EB33
:10CB00000E0264457168624494BF002401249A6156
:10CB1000964594BFC4F1000EC4F1010E0829864465
:10CB20004FFA8EFE2EEAEE72DA6107D903EB81022C
:10CB30002033002143F8041B9342FBD1BEF1000FC8
:10CB40000ADB38460FB0BDE8F08F4C42A04234BF3C
:10CB5000FF24002408444BE7049A6FF04044CEF1D0
:10CB60000003059D144403A93246304645F824309D
:10CB7000F7F7ECFC0028E4D14FF0FF333360E0E737
:10CB8000CCF10000944482424FF0FF3028BF0020D7
:10CB9000B5E7C8F10002A84495424FF0FF3528BF21
:10CBA00000258EE745425844AB454FF0FF3B28BF78
:10CBB0004FF0000B68E74542AA4534BFFF2500252A
:10CBC000824401953BE76042854234BFFF2000204C
:10CBD000254420E72DE9F04F8FB0054601260924B2
:10CBE00005AB24220021029618460493039416F004
:10CBF00043F828461021F6F7F7FF0190002840F08F
:10CC00009881AB681A68D3F82090D3F824804A44FE
:10CC1000D3F82CE01F6B914508EB020C586B94BFC6
:10CC200000240124CEEB0C029E6BE04588BF01344A
:10CC3000D11BE64588BF013C974294BF2246621E45
:10CC40000C1A884288BF013AC6EB040CA64294BF76
:10CC50001146511EC3F800C05A680029C0F26D8108
:10CC600051182CBF0122002252B24144D3F828C0EF
:10CC7000DC6B884588BF01326144D3F808A08C453D
:10CC800088BF0132C7EB010B8F4294BF1146511E82
:10CC9000C0EB0B02584588BF0139C6EB020B964228
:10CCA00094BF0A464A1EC4EB0B015C4594BF9346F1
:10CCB000A2F1010B59604FFA8BFBBBF1000FC0F2E0
:10CCC00086811AEB0B0B2CBF0121002149B2E344F2
:10CCD000D3F80CA0DC4588BF0131F344DE4588BFA2
:10CCE0000131C0EB0B02584588BF0139C6EB020B7E
:10CCF000964294BF0A464A1EC4EB0B015C4594BFA2
:10CD00009346A2F1010B99604FFA8BFBBBF1000F28
:10CD1000C0F254811AEB0B0B2CBF0121002149B248
:10CD2000F344D3F810A0DE4588BF0131F344DE455B
:10CD300088BF0131BB445F4588BF0131BB445F45BB
:10CD400088BF01318344584588BF0131C4EB0B02D1
:10CD50005C4588BF0139C9EB020B914594BF0A4677
:10CD60004A1EC8EB0B01D84588BF013AD96052B2C0
:10CD7000002AC0F219811AEB02022CBF4FF0010BFE
:10CD80004FF0000B4FFA8BFB3A445969974288BF2A
:10CD90000BF1010B3A44974288BF0BF1010B02449F
:10CDA000904288BF0BF1010B0244904288BF0BF107
:10CDB000010B3244964288BF0BF1010BC8EB020A0B
:10CDC000904594BF5A46ABF10102CCEB0A0BD44517
:10CDD00088BF013AC3F810B052B2002AC0F2DB801B
:10CDE0008A182CBF0121002149B20244D3F818A0AF
:10CDF000904288BF01310244904288BF01313244E1
:10CE0000964288BF01313244964288BF01312244A4
:10CE1000944288BF0131CCEB020B944594BF0A4683
:10CE20004A1ECEEB0B01DE4588BF013A596152B272
:10CE3000002AC0F2A7801AEB02022CBF4FF0010AB1
:10CE40004FF0000A4FFA8AFA3244D969964288BFF5
:10CE50000AF1010A3244964288BF0AF1010A2244CB
:10CE6000944288BF0AF1010A2244944288BF0AF121
:10CE7000010A3244964294BF56460AF10106024422
:10CE8000904288BF0136C9EB020A914588BF013E36
:10CE9000C8EB0A02D04594BFB046A6F101089A61DA
:10CEA0004FFA88F8B8F1000F62DB11EB08022CBFD3
:10CEB0000121002149B222446E68944288BF0131A9
:10CEC0002244944288BF01312244944294BF0C46CC
:10CED0004C1C4A44914594BFA14604F10109CCEB96
:10CEE0000201944594BFCC46A9F1010CCEEB01049C
:10CEF0008E4594BFE646ACF1010EE11BA74294BFFC
:10CF00007746AEF101070A1A884294BF3846781E68
:10CF1000DA61092E40B220EAE0721A6207D903EB07
:10CF200086060022243343F8042B9E42FBD10028BE
:10CF30000BDB01980FB0BDE8F08F4C421144A242C8
:10CF40004FF0FF3228BF00228FE6039A6FF0404473
:10CF50004342049E144402A92A46284646F8243037
:10CF6000F7F7F4FA0028E4D14FF0FF332B60E0E745
:10CF7000C8F1000608EB0102B1424FF0FF3128BFB3
:10CF8000002198E7514252448A454FF0FF3A28BFAA
:10CF90004FF0000A58E7C2F1000B0A4459454FF020
:10CFA000FF3128BF002120E7C2F1000B5244DA45CF
:10CFB0004FF0FF3B28BF4FF0000BE5E6CBF100013F
:10CFC000D3448A454FF0FF3128BF0021A8E6CBF1BA
:10CFD0000001D3448A454FF0FF3128BF002176E697
:10CFE000F8B50D460446FDF733FF6B1E2570032B85
:10CFF00065D8DFE803F0573A2D02334B0125334E55
:10D000000C2203F1300103F1600003F19007E360AB
:10D01000C03361626065201D2D492763E363666646
:10D020006560E561E564A562656325646564A26089
:10D0300022622265E262A263A164F6F797FFA0650F
:10D0400004F14C00F6F792FF2566E0650020F8BD7C
:10D05000204B0125204E082203F1200103F140005E
:10D0600003F16007E3608033D3E71C4B01251C4FBD
:10D07000082603F1200203F13C0103F15800E360AC
:10D0800074336262616507222063201D1049E363E7
:10D0900067666560E561E564A5626563256465644E
:10D0A000A660C5E70F4B01250F4E062203F11801BC
:10D0B00003F1300003F14807E3606033A9E720463D
:10D0C000FDF7C6FE0948F8BD8CBD02600DC40060C6
:10D0D000FC690020ECBC0260D5CB00605CBC026047
:10D0E00095C90060E4BB026069C2006080B1FFFFC7
:10D0F0002DE9F04F8E460F2191B01EF80FCF0F9201
:10D100000CEA01044FEA1C1C00EBC404CDE900AB9F
:10D11000D4E93023D4E9104525E01EF801CD0E9A5C
:10D12000534B0CF00F04CDF828804FEA1C1C53F829
:10D13000323000EBC4041B04DDE904670B93D4E92F
:10D140003023D4E9104556405F4032463B465646B0
:10D150005F4666406F4034463D46DDE90A6756400B
:10D160005F4032463B4626094FF000081709013957
:10D17000009604F00F06069700EBCC0C009F2C09DC
:10D18000CDF830804FEA027947EA05770194CDF86F
:10D1900020800097364F57F83660069F47EA03779E
:10D1A0001B09069707933304DDE90645DCE9306780
:10D1B0000D9374407D4026462F46DDE90CABDDE93A
:10D1C00000238AEA060A8BEA070B42EA080243EACE
:10D1D000090356465F46DCE9104562404C1C4FEAA5
:10D1E000161483EA05034FEA067504944FEA1214F5
:10D1F0000995029402F00F04029D0E9445EA03750E
:10D200000295049D45EA0B7504954FEA13150395A5
:10D210004FEA1715DDE908AB0595DDE902454AEA55
:10D22000040A4BEA050B7FF478AF0F9C390E3D0CD6
:10D23000E7704FEA172E21702746300EE671310C49
:10D24000E372E273360A65701D0E84F802E01C0C6E
:10D250003871180A7971130C110EBE71120A3D72E1
:10D260007C72B87239737B73BA7311B0BDE8F08FFA
:10D2700080BE02604FF4C472002115F0FDBC00BFF7
:10D280002DE9F04F04468BB093460846012219461B
:10D290001D46FAF767FB002800F09C80D0F814A028
:10D2A0008046BAF1100F40F095802046FAF772FBE5
:10D2B00041462046FAF77EFB10B10BB0BDE8F08F77
:10D2C0002A46594601232046FAF7A0FB05460028C6
:10D2D000F3D105A906AB52462046009119460595A3
:10D2E0000695079508950995FAF744FC86460028A7
:10D2F0006CD1089B4FF0000A099D4FF0040E93FA81
:10D3000083FB079B95FA85FC069A1DBA5B4611BA0A
:10D310004FF0000B40EA0C0228434FF0030C04F5D9
:10D320008075C4E92023C5E90001C4E930ABC4E934
:10D3300010AB02F0010AC7075B084FEA3202490846
:10D340004FEA30004FEA4A1B002604EBCE053B4370
:10D35000CBEB0A0A32437040BCF1010C4FEA0A6978
:10D360004FEA6E0E81EA0901C5E91023C5E93001D3
:10D37000DFD1022704F1C00304F1400C4FF0030E8B
:10D380003D460293EA00029E604601230CEB020137
:10D3900032442F46D1E90089D2E900ABF6E90245D3
:10D3A000013384EA0A0485EA0B05BB42E2E902453F
:10D3B000F0E9024584EA080485EA0905E1E9024545
:10D3C000ECD1BEF1010E4FEA4305DBD170460BB044
:10D3D000BDE8F08F6FF013000BB0BDE8F08F00BF19
:10D3E0002DE9F04F00268DB00796DDF858A0DDF846
:10D3F0005C80002B00F0B68005461C4600F5B87B2B
:10D4000000F5B0730F469146002100F5A072002090
:10D41000C5F860610C2C5E609E60DE60C5F87061CE
:10D42000CBF80460CBF80860CBF80C60C5F88071CD
:10D43000C2E900012A46E2E95201039200F0848029
:10D44000E20005F25F11CDF814B09B46100E0F46B6
:10D450000491110C8DF82F20120ACDF85C80A8469B
:10D46000089609968DF82C008DF82D108DF82E2039
:10D470000A96102C26463D4609F1FF3028BF10269B
:10D48000394606F25F1EC64411F8012F10F8013F1D
:10D49000714583EA02030B70F6D15A46594640465D
:10D4A000B144FFF725FEA41BE3D12F465B4645465A
:10D4B000DDF814B0DDF85C8008AE0499204601E088
:10D4C00016F8014F11F8012F01306240102807F8BB
:10D4D000012FF5D11A46194628460493FFF708FE96
:10D4E000049B07A81946102205F5A873009028464A
:10D4F000FAF740FB28BB039BC5F848815860B8F198
:10D50000000F1DD005F26F14464623460AF1FF3185
:10D51000102E28BF102606F26F172F4413F8010FA4
:10D5200011F8012F9F4282EA00021A70F6D15A4682
:10D5300059462846B244FFF7DBFDB8EB0608E3D1B5
:10D5400000200DB0BDE8F08FD9F800400122D9F8D5
:10D550000400D9F80810C5F860415860996085F852
:10D560006F21BEE76FF01300EBE700BF2DE9F04F2E
:10D570009A4689B00023164692450546884603938D
:10D5800003D9C2EB0A038B4264D32C464FF00F0C35
:10D590006FF01F0BF4E9500110EB080241F100039A
:10D5A0009C4508BF934555D38B4208BF824251D357
:10D5B000C4E90023B8F1000F42D005F5B07B05F5B2
:10D5C000B87947464C4649461022102F28BF1027ED
:10D5D00011F8013D013A01330C2ADBB20B7001D97D
:10D5E000002BF5D003AB102259462846009304AB1C
:10D5F000FAF7C0FA28BB3146D5F880213E440DF138
:10D600000F0E0AF1FF301AB922780B7853402370BD
:10D610000B7801311EF8012F534000F8013FD5F877
:10D620008021012A10D0B14204F10104EBD14A4615
:10D6300049462846BA44FFF75BFDB8EB0708C0D15E
:10D64000002009B0BDE8F08F94F800C083EA0C0315
:10D650002370E8E76FF01300F3E700BF2DE9F04F08
:10D66000D0F84C31161FD0F8447187B04FEAC30888
:10D67000D0F84041FF00D0F848310C2E47EA5477EB
:10D6800048EA537875D88B464FEAC40900F5A8716B
:10D69000064658464FEAC30A154615F0C9FA59EA34
:10D6A000070306D15AEA080303D1002007B0BDE8FA
:10D6B000F08F4FEA184C8DF80B804FEA1A6E8DF8F8
:10D6C0000FA04FEA1A4206F26F144FEA18638DF862
:10D6D00013704FEA18288DF817904FEA1A2A8DF820
:10D6E00009C08DF80A804FEA176C4FEA17488DF889
:10D6F0000CE03F0A8DF80EA04FEA196E8DF80D2050
:10D700004FEA194A8DF810C04FEA192902A821469C
:10D7100001948DF808304FF0000C8DF811802246EE
:10D720008DF812708DF814E08DF815A08DF8169014
:10D7300001E010F8013F12F8017F0CF1010C7B4071
:10D74000BCF1100F01F8013FF3D106F5B872013DAD
:10D7500030461146FFF7CCFC0BF1FF30AB4410F81C
:10D76000012F14F8013F584583EA02030370F6D1F4
:10D770009BE76FF0130099E72DE9F04383B01E4655
:10D7800017460B9D32460C9C00950DAD0194044646
:10D790000A9BDDF8408095E86002FFF721FE10B19A
:10D7A00003B0BDE8F08333462A4639462046FFF7EA
:10D7B000DDFE0028F4D14A464146204603B0BDE8CC
:10D7C000F043FFF74BBF00BF2DE9F0418CB00E4690
:10D7D0000021139C0DF1200E129D159F01950294BE
:10D7E000169D179C009313460395324605970494A3
:10D7F000CDF818E0149DFFF7BFFF88B99FB107F17E
:10D80000FF386A1E0DF11F01454412F8017F11F81F
:10D81000013FAA4283EA070340EA0300F5D120B999
:10D820000CB0BDE8F0813846FAE72046314604F0F6
:10D8300095F96FF01100F3E710B50446FAF7AAF86E
:10D840004FF4C4712046BDE8104004F087B900BF12
:10D850002DE9F04FBF4BADF50D7D4FF0800A1393CE
:10D8600003F5907308901493CDF824A0099B00242D
:10D87000139AA3F1C003A2460A92B3FA83F35B0999
:10D880001593B54B1193149B98464FF4C472002125
:10D890002AA815F0F1F9089B002B40F0D481AF4B7A
:10D8A00002212AA803EB44131A460B93099BFFF7A6
:10D8B000E7FC10F1230F034603D1159A002A40F02C
:10D8C000FA81002B40F0A381A54B16ACA5484FF080
:10D8D000100B53F82A7003F55273A34E4FEA8A09CE
:10D8E00053F82A1003F5D873069453F82A20A3F5A9
:10D8F000587300EB811100F5D87053F82A3000EB13
:10D900008212A0F5E47006EB831306F5527650F808
:10D910002A0056F82A600E9135460F961AAE1092DC
:10D920000D900191012103923A4600902AA8029598
:10D93000CDF814B004960C93FFF71EFF03460028A1
:10D9400040F0658112903A464146304615F07CF928
:10D95000129B002840F0CC815A460A992046129327
:10D9600015F072F9002840F0C3812AA8FAF712F8DE
:10D970004FF4C4712AA804F0F1F8089A002A40F084
:10D9800069814FF4C47208992AA815F075F9099BAA
:10D9900002210B9A2AA8FFF773FC0346002840F0E7
:10D9A00036810F9A01460D9D4FF0100B0E980C9B7F
:10D9B00002923A4601902AA806940496CDF80C806B
:10D9C0000095CDF814B0FFF7D7FE0346002840F0CD
:10D9D0001E813A461099304615F036F9002840F07D
:10D9E00087815A460A99204615F02EF98346002869
:10D9F00040F07E812AA8F9F7CDFF4FF4C4712AA820
:10DA000004F0ACF8089B002B40F035814FF4C47251
:10DA100008992AA815F030F9099B02210B9A2AA827
:10DA2000FFF72EFC0346002840F0F1800F9B0121F8
:10DA30000E9A2AA8019300920D9B0C9AFFF7D0FC36
:10DA40000346002840F0E380202F40F2D680109D4E
:10DA5000334620212AA82A46203FFFF787FD0346A8
:10DA6000002840F0D4802A4622AB39462AA820322A
:10DA7000FFF77CFD0346002840F0C98010222146B4
:10DA80002AA8FFF7EBFD0346002840F0C080344B86
:10DA90004146304653F809B05A4615F0D5F80028EB
:10DAA00040F0268110220A99204615F0CDF807464D
:10DAB000002840F01D812AA8F9F76CFF4FF4C471CB
:10DAC0002AA804F04BF8089B002B40F0E4804FF4A8
:10DAD000C47208992AA815F0CFF8119B02211F4D96
:10DAE0002AA81A68099B05EB4212FFF7C9FB0346F7
:10DAF000002840F08C8005F5816205F51C73014615
:10DB00002AA852F8097005F5227205F5846553F8C4
:10DB1000093002EB8717303A55F8095052F80920BE
:10DB20000097114F019507EB8212FFF759FC03464E
:10DB300000286CD1BBF1200F7BD93346424620210F
:10DB40002AA8FFF713FDABF12005034600285ED19C
:10DB50000CE000BF00BF026058CA0260A0C40260AF
:10DB600060C5026028C7026078C5026022AB294602
:10DB700008F120022AA8FFF7F9FC0346002846D145
:10DB8000102221462AA8FFF769FD034600283ED14E
:10DB90005E4B304653F80910A3F59F6353F80920F4
:10DBA00003F55E7303EB811115F04EF8002840F089
:10DBB0009F80204610220A9915F046F8002840F070
:10DBC00097802AA8F9F7E6FE4FF4C4712AA803F05B
:10DBD000C5FF089B002B40F08780119B0AF1010ACA
:10DBE0000A9A08F140080433BAF1060F02F1100254
:10DBF00011930A9262D01C6847E63346109A394660
:10DC00002AA8FFF7B3FC034600283FF437AF089A71
:10DC1000002A71D12AA80893F9F7BCFE2AA84FF46C
:10DC2000C47103F09BFF089B18460DF50D7DBDE800
:10DC3000F08F3346594642462AA8FFF797FC034621
:10DC400000289DD0E3E7324B52460999314815F040
:10DC50003BF824E6304814F0F3FF129B4FF4C472F3
:10DC60002AA8194615F008F82C4B5246099929485C
:10DC700015F02AF88BE6284814F0E2FF59464FF4D5
:10DC8000C4722AA814F0F8FF214B5246099924487F
:10DC900015F01AF8C0E6204814F0D2FF39464FF4C8
:10DCA000C4722AA814F0E8FF1C4B524609991C487C
:10DCB00015F00AF811E71B4814F0C2FF139A099BEC
:10DCC000603240331392149AB3F5A07F099302F5A2
:10DCD000C07214927FF4CAAD089B9BB9002318460A
:10DCE0000DF50D7DBDE8F08F0B4814F0A9FF74E72A
:10DCF000089A0123002A8DD00B48089314F0A0FF46
:10DD0000089B87E70A2014F0CBFFE7E758CA0260B8
:10DD1000881C00200C270020AC1C0020841C002044
:10DD200028270020A41C0020FC1C002070B5064DF4
:10DD300014460B462E6834448119184614F078FFB7
:10DD400000202C6070BD00BF50F50020642200212F
:10DD500014F092BF41657047016570478165704757
:10DD60002DE9F043884693B004460068914600F0E0
:10DD700009FB00230546B8F1000F3AD0B9F1000FB6
:10DD800037D002278DF8043004F10C0619E002A9FF
:10DD9000204600F0B9FB2A4602A9204600F02AFBE3
:10DDA0002A463146204600F09BFB3146204600F0D3
:10DDB000ABFB9DF804300133DBB2BB428DF804307D
:10DDC00014D2204600F0D6FB2A463146204600F009
:10DDD00087FB012201A9204600F082FB022FD6D149
:10DDE0004A464146204600F07BFBD0E713B0BDE831
:10DDF000F08301278DF80430C6E700BF2DE9F84312
:10DE000017460122984605460E4600F07BFA044666
:10DE1000B0B905F10C09304600F0B4FA02464946A3
:10DE2000284600F0E7FA304600F0ACFA012102463D
:10DE3000484614F021FF424639462846FFF790FF36
:10DE40002046BDE8F88300BFB2F5807F2DE9F041A0
:10DE5000E0B02BD8076DD319B3F5C07F26D80446A0
:10DE60000E46154600214FF4C072684614F004FFB8
:10DE70003A466946E36D206E98470746E0B9D4F804
:10DE8000508006B155B9424669462046FFF768FF03
:10DE90000123E364384660B0BDE8F0810DEB080073
:10DEA00031462A46A84414F0C3FEECE76FF004079D
:10DEB000384660B0BDE8F0816FF00807EAE700BFC0
:10DEC0002DE9F041904601221F4604460D4600F020
:10DED00019FA08B1BDE8F081284604F10C0500F0FC
:10DEE00051FA064629462046324600F083FA324669
:10DEF0002846012114F0C0FE42F21073142EC4F81B
:10DF00005C802766A3650CD818231025236520465E
:10DF1000079A0699FFF798FF0028DBD12565BDE831
:10DF2000F0811C2E8BBF3023242320251825EDE7FC
:10DF30002DE9F84F1546064600680F469B46DDF86A
:10DF400028A000F01FFAB5F5806F49D8BAF5807F98
:10DF500042D8F36D814633B1736D012B34D0F26C2E
:10DF6000B36D9A4230DCBBF1000F07D0BAF1000F5D
:10DF700004D0524659463046FFF7F2FECDB106F1C5
:10DF80000C084D4530462C4628BF4C4600F0F2FAAE
:10DF90004A464146304600F0A3FA4146304600F07A
:10DFA000B3FA38462246414614F042FE2D1B274460
:10DFB000E7D1304652465946FFF7D2FEF36C0020B7
:10DFC0000133F364BDE8F88F524659463046FFF7F7
:10DFD0003BFF18B98246D1E76FF00400BDE8F88F27
:10DFE0006FF00200BDE8F88F00B5002383B0009306
:10DFF000FFF79EFF03B05DF804FB00BF48B110B50A
:10E00000044600F065F964212046BDE8104003F0A5
:10E01000A5BD70472DE9F041B0B00446042000F0E2
:10E0200045F964220546002117A814F025FE7CB9A5
:10E03000694E2946019417A80094684B684A3460D9
:10E04000FFF73EFFE0B10125284630B0BDE8F08182
:10E0500000276448604E14F037FE2946019717A840
:10E0600000975E4B5E4A3760FFF72AFF00287FD09B
:10E0700001255D4814F0E4FD284630B0BDE8F0818C
:10E0800003AF4FF0010E009423463946502217A8E3
:10E09000CDF8B0E0FFF74CFF0028D4D10023502288
:10E0A000394617A80093FFF743FF00285DD150229F
:10E0B0004E49384614F0C8FD8046002855D117A8AF
:10E0C00000F006F9642117A803F048FD17A800F036
:10E0D000FFF8642117A803F041FD002C58D16422F9
:10E0E000214617A814F0C8FD019400942946404B1E
:10E0F00017A83B4A3460FFF7E3FE0028A3D122466D
:10E10000214617A8FFF7A0FE00289CD1002350222B
:10E11000394617A80093FFF70BFF034628BB009072
:10E120005022394617A8FFF703FFF0B938465022AE
:10E13000304914F089FD0546B8B917A800F0C8F8B1
:10E14000642117A803F00AFD17A800F0C1F817A86A
:10E15000642103F003FD002C3FF476AF264814F051
:10E160006FFD0A2014F09CFD6EE7002C80D16AE759
:10E1700003AF4FF0010E009003463946502217A816
:10E18000CDF8B0E0FFF7D4FE00287FF471AF85E74B
:10E19000194814F055FD194814F096FD64224146C3
:10E1A00017A814F069FDCDF80480CDF80080294649
:10E1B0000F4B17A80A4AC6F80080FFF781FE002817
:10E1C0007FF456AF0246014617A8FFF73DFE002830
:10E1D0007FF44EAF9AE700BF50F5002070CA02608E
:10E1E0002DDD006048270020FC1C0020A8CA02602A
:10E1F000F8CA026020CB0260AC1C0020642700201B
:10E200000048704770CB0260002833D0014610B53B
:10E210000446194814F020FD20B32146174814F095
:10E220001BFDE8B12146164814F016FDC0B1214689
:10E23000144814F011FDB8B12146134814F00CFD38
:10E24000A0B12146114814F007FD88B121461048BD
:10E2500014F002FD0F4C00280CBF2046002010BD1A
:10E260000D4810BD0D4810BD0D4810BD0D4810BD26
:10E270000D4810BD704700BF80270020A82800204F
:10E28000D8430020CC280020743C0020A03C002073
:10E290004429002050CE026010CF026040CF0260BF
:10E2A000E0CE0260B0CE026080CE02600338C0B221
:10E2B000052803D8024B53F8200070470020704710
:10E2C000140600200023036043608360704700BF92
:10E2D000B8B10368ABB110B50446406808B15B6AD9
:10E2E0009847A06838B12368D968490003F036FC24
:10E2F000A06814F0D1FC20460C21BDE8104003F0CA
:10E300002DBC7047C9B1C0B1F8B505460B6A0C46C3
:10E31000164698470746686088B116B92C600020F9
:10E32000F8BDE168022014F0D3FCA8600028F5D104
:10E330003846636A98470348F8BD03487047014868
:10E34000F8BD00BF80AEFFFF00AFFFFF0122FFF767
:10E35000D9BF00BF78B1026869B162B10B6853B12F
:10E3600010B5D41A18BF01243CB9936A49684068B3
:10E370009847204610BD02487047014810BD00BFB5
:10E3800000AFFFFF00B1007A704700BF00B1007816
:10E39000704700BF00B14068704700BF20B10368FC
:10E3A00013B11B69406818470048704700AFFFFF72
:10E3B00020B1036813B15B69406818470048704793
:10E3C00000AFFFFF20B1036813B19B694068184795
:10E3D0000048704700AFFFFF40B130B40C46C5693C
:10E3E00011461A4620462B4630BC18470048704755
:10E3F00000AFFFFF00286ED003682DE9F04305460B
:10E4000091B0002B65D08668002E62D09046DA6805
:10E41000894642450ED21B69406898470446002849
:10E420003ED06F463846402103F098FB204611B09D
:10E43000BDE8F08313466F461A4636213046F4187D
:10E4400014F01AFC2B6820465C21DA6814F014FCE6
:10E45000B8F1000F15D009F1FF31601E06EB08027C
:10E46000334693F800E011F8014F8EEA040403F8F4
:10E47000014B9A4210F801EF0C788EEA0404047004
:10E48000EFD12B6868681B69984704460028C9D1FA
:10E490002B68314668685C69DA68A0470446C1E7C2
:10E4A0002B684246494668685B696F469847044650
:10E4B0000028B7D12B68694668689B69984704466D
:10E4C0000028AFD12B68E946AE68D3F80880DB6836
:10E4D000B2E70248ABE70148704700BF00AFFFFF5B
:10E4E00068B103685BB110B4846824B15B694068AB
:10E4F0005DF8044B184703485DF8044B704701482A
:10E50000704700BF00AFFFFF00282FD00368002B2B
:10E510002CD0F0B5866891B0002E25D004460D466B
:10E520009A6969464068DF68904708B111B0F0BD4C
:10E53000236860681B6998470028F7D12368F119A0
:10E5400060685E69DA68B0470028EFD123686946E1
:10E5500060685E699A68B0470028E7D12368294659
:10E5600060689B699847E1E70148DFE7004870472A
:10E5700000AFFFFFA8B103689BB170B5856875B1A6
:10E5800004461B694068984700B170BD236829465E
:10E5900060685C69DA682346BDE870401847024845
:10E5A000F3E70148704700BF00AFFFFF002831D0FC
:10E5B000F0B585B0002416460D460122014601A89B
:10E5C000029401941F460394FFF79CFE044628B171
:10E5D00001A8FFF77DFE204605B0F0BD3246294672
:10E5E00001A8FFF707FF04460028F1D1019B7BB18A
:10E5F000039A6AB15B6939460A9A029898470446B9
:10E600000028E5D10B9901A8FFF77EFF0446DFE75C
:10E61000014CDDE70048704700AFFFFF20B1036801
:10E6200013B1DB6A406818470048704700AFFFFF2E
:10E630005822002114F020BB10B1582103F08EBAEB
:10E64000704700BF08B5582214F0F2FA08BD00BFA9
:10E6500070B403460022064E064D1046064C07498C
:10E660009E60DD601C6159611A605A6070BC704721
:10E670000123456789ABCDEFFEDCBA9876543210A2
:10E680000369024600202DE9F04F1F4613465269E8
:10E6900095B08E46D34E11461A46DB6810911C4643
:10E6A000119287EA01039168DEF800200497234065
:10E6B00005922746049ACDF800E096466240109CE9
:10E6C000C94D2644009C12910D446468DFF888B35C
:10E6D0002146109C06EB010C009E6340C34CB668BB
:10E6E0000691744431462B44059E07910C440099D1
:10E6F0003344BF4DCE6807EB73633D443146009E03
:10E700001A4087EA030E366905EB010A0891019663
:10E710000199B84D0D4400994E6905EB0309314646
:10E72000049E009D7240B44EAD699444009A0295D7
:10E730000E4403EB3C5CD26909910EEA0C0E1146C3
:10E74000AE4D66448EEA070E029A0A918B44A644A7
:10E750000099154483EA0C020CEBFE3E009C1397D3
:10E7600002EA0E020F6A646A8CEA0E0839465340C8
:10E77000A34F7544009A534403940F440B91926A3B
:10E780000399A04C0C4411460EEBB3229E4B0C9106
:10E7900008EA02088EEA020A93440B4488EA0C084D
:10E7A0000099C844C96A02EB78680D910AEA080C1E
:10E7B00007EB080A8CEA0E0782EA080C3744934EEE
:10E7C00008EB37570E440CEA070E04EB070988EAFA
:10E7D00007048EEA02021544009A07EBF535116B27
:10E7E0002C4087EA050E03EB050C894B84EA0804EC
:10E7F00000910B4411465C44DFF860B205EBB42491
:10E800000EEA040806EB040E88EA070685EA040807
:10E81000576B56443A4604EB76660E9208EA0608B1
:10E820009F1988EA050384EA06087A4D4B44DFF80D
:10E8300030921544CA6B06EB33530F9208EA030873
:10E840001D4488EA040486EA0308A4448C6B03EBA5
:10E85000FC3C08EA0C0883EA0C0188EA0606B64488
:10E860006D4E0CEBBE2E264401EA0E018CEA0E081A
:10E8700066445940694B0F441344069A0EEB776780
:10E8800073449144029A08EA07088EEA0701B944E2
:10E8900088EA0C0C654407EB3555294087EA050CDE
:10E8A00081EA0E010E445E4905EBF63611440D9ADD
:10E8B0000CEA060C29448CEA070C5A4F63441744AF
:10E8C000059A06EBB32307EB060A574F86EA0308BF
:10E8D00017440E9A08EA050507EB0308099F7540DF
:10E8E000A944524D03EBF9693D4483EA090E0EEA4F
:10E8F000060605EB090E4E4D5E4031444D4E09EBC8
:10E90000F15189EA01071F400C9B87EA09071D4462
:10E91000574405EB010C0F9D01EBB74781EA070354
:10E9200003EA0909444B89EA01092B44019DC844C3
:10E9300003EB070A2E44414D07EB383887EA0803FA
:10E94000464419407940714408EBF16188EA0103BB
:10E950001F40039B87EA08071D44BC4405EB010EDA
:10E96000374D01EBFC5C089F254481EA0C0305EB65
:10E970000C0903EA08034B4053440CEBB3438CEA05
:10E98000030529402F4D81EA0C013D442E4F0E44D2
:10E9900005EB03080B9903EB36360F4483EA0605B3
:10E9A000374405EA0C055D40754406EBF56586EADB
:10E9B00005010B40254973401144079A994401EB26
:10E9C000050E234B05EBF9591344009A85EA09011A
:10E9D00003EB090C31401F4E6940414409EBB14142
:10E9E00040E000BF56B7C7E878A46AD7DB702024A0
:10E9F000EECEBDC1AF0F7CF52AC68747134630A8BF
:10EA0000D8988069AFF7448BB15BFFFFBED75C89B4
:10EA10002211906B937198FD8E4379A62108B44919
:10EA200040B340C0515A5E26AAC7B6E95D102FD642
:10EA300053144402C8FBD3E781E6A1D8E6CDE12117
:10EA4000D60737C3870DD5F4ED145A4505E9E3A978
:10EA5000F8A3EFFCD9026F67019546FD39D0D4D9F0
:10EA600062251EF689EA01031D400A9B85EA090515
:10EA70001E442F44D74D0E4401EB37371544099AF5
:10EA800081EA070305EB070803EA09034B407344D7
:10EA900007EBF36387EA03052940CF4D794015441E
:10EAA000019A8C4405EB030ECC4D03EBFC5C83EA2E
:10EAB0000C010F400B995F400D44C9493E44654429
:10EAC00021440CEBB647C74E8CEA070903EA090359
:10EAD00083EA0C0C0D9BE0441E44C34B07EB383813
:10EAE00006EB070A89EA080987EA08074144CE4489
:10EAF00008EB3E7E87EA0E0788EA0E082F44069D43
:10EB00000EEB77572B44B94D88EA070673448EEA1B
:10EB1000070E15445644059A3D4407EB36468EEAE7
:10EB2000060987EA060CB24F89440A9906EB79294F
:10EB30000F448CEA090C86EA090EB9190C9F9C4413
:10EB4000AC4B09EB3C7C3B44AB4F8EEA0C0E4B4488
:10EB500089EA0C09AE440E9D0CEB7E5E2F44A74D56
:10EB600089EA0E0967448CEA0E0C15448944A449CD
:10EB700075440EEB39498CEA090C8EEA09069C446F
:10EB8000089B09EB7C2C19449E4B86EA0C064944F1
:10EB900089EA0C093E44029F0CEB36763B4489EA35
:10EBA000060903EB0C07039B8CEA060C4D449B44BF
:10EBB00006EB7555B3448CEA050386EA050A009E08
:10EBC0000B449149DFF880C205EB334331448F4E4B
:10EBD0008AEA030A85EA030901EB050E0F9DBA4490
:10EBE0008B4916448B4F03EB7A2A2944079D89EA07
:10EBF0000A0983EA0A081944874BD9442B44874DF4
:10EC00000AEB3979534488EA09088AEA090A06EBCB
:10EC1000090B0A9EF0443544814E09EB78588AEA84
:10EC2000080A05EB080E89EA08098A447D49CDF8EF
:10EC300014E008EB3A4A2144099C01EB0A0E89EAE8
:10EC40000A092744784CCDF824E09944009A089B9F
:10EC50000AEB79291644754A9E4669EA0808134664
:10EC6000069A88EA0A08734407EB090E704FD844E5
:10EC70000893704B09EBB868CDF800E019460C9B7F
:10EC800068EA0A0ADFF8C4E11C440B460F998AEAD5
:10EC9000090A1344684ADFF8B8B1464406930B9B4F
:10ECA0001A44664B0B4466490D4602990F440E996F
:10ECB0004D1901990295634D4D190D998C44079991
:10ECC00001958E440599089D8A44039908EBBA5A28
:10ECD0008B4409996AEA0909554489EA0809894473
:10ECE00000990AEB794969EA08084C4488EA0A085D
:10ECF0008844069909EBF82868EA0A0A41448AEA36
:10ED0000090AB24408EBBA6A6AEA0909524489EA74
:10ED10000809A9440AEBB95969EA08084B4488EA8A
:10ED20000A08A04409EB784868EA0A0A47448AEAD4
:10ED3000090A8A44029908EBFA2A6AEA090901EBEE
:10ED40000A06019989EA08099144129A0AEBB969FD
:10ED500069EA080801EB090588EA0A08984409EB02
:10ED6000B85868EA0A0A0CEB08048AEA090ABA44A5
:10ED7000119F08EB7A4A6AEA09090EEB0A0189EA4F
:10ED800008094E440AEBF62666EA0808B34488EA06
:10ED90000A08454406EBB56565EA0A0A53198AEA8A
:10EDA000060ABB60109B544405EBB45464EA0606A3
:10EDB00023446E407B613144139E04EB714161EA50
:10EDC00005057218049E65403144AB44396102EB7D
:10EDD000FB233FE08A4C2A8D4239FAFF81F6718786
:10EDE0000C38E5FD22619D6D44EABEA4A9CFDE4B3F
:10EDF000604BBBF670BCBFBEC67E9B28FA27A1EA5B
:10EE00008530EFD4051D8804E599DBE6442229F41A
:10EE1000F87CA21F39A093FC6556ACC497FF2A4327
:10EE2000C3595B65A72394AB7DF4EFFF92CC0C8FA5
:10EE3000144301A3D15D84854F7EA86FE0E62CFECC
:10EE4000A111084E827E53F735F23ABDBBD2D72AC4
:10EE500091D386EBFB6015B0BDE8F08F2DE9F84348
:10EE60000368064614460D4603F03F0713449A42D2
:10EE7000C7F14008036002D9436801334360DFB142
:10EE8000A04519D806F118092946424609EB0700A2
:10EE900013F0CEFE49463046FFF7F2FB80B9C8EBCF
:10EEA0000404454407463F2C08D929463046403CD7
:10EEB0004035FFF7E5FB18B93F2CF6D814B92046CA
:10EEC000BDE8F88306F1180022462946384413F0BD
:10EED000AFFE0020BDE8F88302B1BFE710467047DF
:10EEE000F8B50446006880220D4600F03F0004F1AA
:10EEF00018062318013038281A764BD8C0F138028A
:10EF00000021304413F0B8FE23683146666820467D
:10EF10005A0FDB0042EAC6021F0A84F85030160A74
:10EF200084F8542084F85170170C84F85560120E40
:10EF30001E0C84F856701B0E84F8572084F852601B
:10EF400084F85330FFF79CFB18BBA3682B70A368B1
:10EF50001B0A6B706389AB70E37AEB70E3682B710B
:10EF6000E3681B0A6B71E389AB71E37BEB71236987
:10EF70002B7223691B0A6B72638AAB72E37CEB72A0
:10EF800063692B7363691B0A6B73E38AAB73E37D5D
:10EF9000EB73F8BDC0F140020021304413F06CFE69
:10EFA00031462046FFF76CFB0028F2D1014638229B
:10EFB000304613F061FEA7E730B40023054D064C40
:10EFC0000649074A8560C46001614261036043608D
:10EFD00030BC70470123456789ABCDEFFEDCBA98A2
:10EFE0007654321002B9704738E700BFFFF778BF98
:10EFF000FFF746BB70B596B006460C461546002195
:10F000005822684613F038FE0E480F490F4A104B3D
:10F0100002900391049205935CB929466846FFF774
:10F020005FFF04466846582102F098FD204616B05E
:10F0300070BD224631466846FFF710FF044600289F
:10F04000F0D1EAE70123456789ABCDEFFEDCBA9842
:10F0500076543210FFF7CEBF2DE9F043DFF8A490CD
:10F06000804685B00125002409F11C0709F18C06B2
:10F07000B8F1000F1BD121466A4630465136FFF7E2
:10F08000B9FF394604461037102220BB684613F0FA
:10F09000DBFD0446F0B9B8F1000F0DD1072D05F1E5
:10F0A000010510D059F8044FB8F1000FE3D02946FC
:10F0B000114813F009FEDEE7104813F0C1FD072DDB
:10F0C00005F10105EED1B8F1000F0ED1204605B0D3
:10F0D000BDE8F0830124B8F1000FF7D0084813F021
:10F0E000AFFD204605B0BDE8F0830A2013F0D8FD3F
:10F0F000204605B0BDE8F08384270020AC1C00202A
:10F10000FC1C00208CCB0260FFF7A2BAFFF7E4BE24
:10F11000FFF7E6BEFFF796BAFFF7B2BA05F0D8B828
:10F1200006F08ABA06F08CBA05F0CCB805F0ECB857
:10F13000012106F0F3BB00BF07F0C8B807F0CAB85A
:10F14000012307F0AFB900BF06F0E2BB06F02EBC0A
:10F15000002106F0E3BB00BF002307F0A3B900BF06
:10F16000012107F021BB00BF08F0C2BC08F0C4BCFD
:10F17000012308F00DBE00BF07F010BB07F0B8BBBD
:10F18000002107F011BB00BF002308F001BE00BF43
:10F1900010B50446FFF750FA2046BDE8104013F0C2
:10F1A0007BBD00BF10B5044605F086F82046BDE8DB
:10F1B000104013F071BD00BF10B5044606F0A2FB6D
:10F1C0002046BDE8104013F067BD00BF10B50446EF
:10F1D00007F0DEFA2046BDE8104013F05DBD00BF29
:10F1E00010B55821012013F073FD044608B1FFF754
:10F1F0001FFA204610BD00BF10B55C21012013F09E
:10F2000067FD044608B105F053F8204610BD00BF65
:10F2100010B56C21012013F05BFD044608B106F027
:10F220006DFB204610BD00BF10B5D821012013F0A2
:10F230004FFD044608B107F0A7FA204610BD00BFF5
:10F2400098B1092270B506464568084C084803E0A5
:10F2500054F8140F40B16268AA42F9D1B16813F0B2
:10F26000F3FC0028F4D1204670BD704770CF0260D7
:10F27000982700202DE9F047566882B01EB9304625
:10F2800002B0BDE8F087904692682A4B0746147892
:10F290008946294AA3FB04535B0903EB8305A4EBCE
:10F2A000C504E4B2009413F0DBFC002837DB814591
:10F2B0008CBF0024012494BBD8F804E00744C0EBC1
:10F2C0000906BEF1010FDBD9D8F808C0022512E00B
:10F2D00013F0C6FC0028074421DBB042A6EB000671
:10F2E00034BF00240124D4B9D8F804E075451BD2FA
:10F2F000D8F808C001350CEB050331460F4A3846F3
:10F3000013F8013C03F07F0A13F0800F0AEBC414DA
:10F310002346DDD0AE4507D914F07E4FEAD06FF01A
:10F320000A0002B0BDE8F087C6EB090002B0BDE8F4
:10F33000F08700BFCDCCCCCCA4270020AC27002088
:10F34000C0B10322F8B5064645680F460B4C0C4881
:10F3500003E054F8140F50B16268AA42F9D1B168C1
:10F3600013F072FC0028F4D123693B60F8BD6FF004
:10F370002D00F8BD6FF02D00704700BF88D00260EF
:10F38000B0270020C0B10322F8B5064645680F46F5
:10F390000B4C0C4803E054F8140F50B16268AA42B9
:10F3A000F9D1B16813F050FC0028F4D123693B6017
:10F3B000F8BD6FF02D00F8BD6FF02D00704700BF55
:10F3C00000D10260B4270020C0B10922F8B506467A
:10F3D00045680F460B4C0C4803E054F8140F50B12D
:10F3E0006268AA42F9D1B16813F02EFC0028F4D16A
:10F3F000237C3B70F8BD6FF02D00F8BD6FF02D0041
:10F40000704700BF90D20260B8270020012870B476
:10F4100015D00C4C0C4D04E01E7C864209D05C6972
:10F420001D4605F11403002CF6D16FF02D0070BCC1
:10F430007047AB690C600020136070BC70470923F3
:10F44000024CF7E7C427002090D20260B8270020C2
:10F45000C0B10822F8B5064645680F460B4C0C486B
:10F4600003E054F8140F50B16268AA42F9D1B168B0
:10F4700013F0EAFB0028F4D1237C3B70F8BD6FF059
:10F480002D00F8BD6FF02D00704700BFE0D2026084
:10F49000CC270020012870B415D00C4C0C4D04E092
:10F4A0001E7C864209D05C691D4605F11403002CC0
:10F4B000F6D16FF02D0070BC7047AB690C60002076
:10F4C000136070BC70470823024CF7E778040020F3
:10F4D000E0D20260CC27002038B50D461446FFF775
:10F4E000AFFE30B10346027C00205B7C2A702370A3
:10F4F00038BD6FF02D0038BD10B50C46FFF7A0FEEB
:10F5000018B1C3680020236010BD6FF02D0010BD3E
:10F5100070B40B4C01260B4D03E054F8145F5DB141
:10F52000667CB042F9D1267C8E42F6D1616800201B
:10F530001560196070BC70476FF02D0070BC70478B
:10F5400070CF026098270020C0B10822F8B50646A7
:10F5500045680F460B4C0C4803E054F8140F50B1AB
:10F560006268AA42F9D1B16813F06EFB0028F4D1A9
:10F57000237C3B70F8BD6FF02D00F8BD6FF02D00BF
:10F58000704700BF44D30260D8270020C0B10822D2
:10F59000F8B5064645680F460B4C0C4803E054F896
:10F5A000140F50B16268AA42F9D1B16813F04CFB54
:10F5B0000028F4D1237C3B70F8BD6FF02D00F8BD1E
:10F5C0006FF02D00704700BFD0D30260E427002009
:10F5D000C0B10822F8B5064645680F460B4C0C48EA
:10F5E00003E054F8100F50B16268AA42F9D1B16833
:10F5F00013F02AFB0028F4D1E3683B60F8BD6FF0FC
:10F600002D00F8BD6FF02D00704700BF48D4026098
:10F61000F0270020032870B415D00C4C0C4D04E0EA
:10F620001E7C864209D05C691D4605F11403002C3E
:10F63000F6D16FF02D0070BC7047AB690C600020F4
:10F64000136070BC70470823024CF7E7FC270020CA
:10F6500044D30260D8270020C0B10522F8B5064681
:10F6600045680F460B4C0C4803E054F8140F50B19A
:10F670006268AA42F9D1B16813F0E6FA0028F4D121
:10F68000237C3B70F8BD6FF02D00F8BD6FF02D00AE
:10F69000704700BFB8D4026004280020F8B12DE9FB
:10F6A000F04106461746456888460A220D4C0E482A
:10F6B00003E054F8140F70B16268AA42F9D1B1683E
:10F6C00013F0C2FA0028F4D1227C637C88F8002071
:10F6D0003B70BDE8F0816FF02D00BDE8F0816FF068
:10F6E0002D007047F4D402600C280020F8B50C46B9
:10F6F000164605460021204613F0BEFA5FEA460E84
:10F7000022D0AE4429460BE0A2F137034208C007DD
:10F71000A05C58BF1B01714543EA0003A35413D0FA
:10F72000481B11F8012BA2F13003A2F14107DEB210
:10F73000092EEBD9052FA2F16106A2F15703E3D9F7
:10F74000052EE3D90148F8BD0020F8BD00EEFFFF0B
:10F750002DE9F0439BB080468946174604A81E4613
:10F76000FEF766FF04A8FEF773FF60B104466D461E
:10F7700004A8FEF761FF2846102102F0EFF92046A9
:10F780001BB0BDE8F083229A314604A8FFF7A4FB22
:10F79000044608B16D46EBE70822394604A86D46D9
:10F7A000FFF79AFB04460028E2D104A86946FFF758
:10F7B00097FB04460028DBD1B9F1100F35D99DE83D
:10F7C0000F0088E80F0004A8FEF742FF0446002857
:10F7D000CED1102269460DEB0200FFF77DFB0446F7
:10F7E0000028C5D13146229A04A8FFF775FB0446CC
:10F7F0000028BDD13946082204A8FFF76DFB044656
:10F800000028B5D1694604A8FFF76AFB0446002822
:10F81000AED1B9F11F0F08F11000694694BFA9F1EC
:10F820001002102213F004FAA2E74A464046694645
:10F8300013F0FEF99CE700BF2DE9F041E8B01C464B
:10F8400005460F466E9E08A89046F8F7FDFC234635
:10F8500000962A4602A81821FFF77AFF044650B105
:10F8600008A8F8F7F7FC02A8182102F077F920465B
:10F8700068B0BDE8F08102A908A8F9F7C7FB044603
:10F880000028EDD1014601972B460097424608A873
:10F89000F9F7E8F80446E3E72DE9F041D0B0064671
:10F8A0000D461746579C0AA89846F1F7D3FE0094D8
:10F8B0003246569B294602A8FFF74AFF044650B13C
:10F8C0000AA8F1F7CDFE02A8294602F047F9204622
:10F8D00050B0BDE8F081EA0002A90AA8F1F7E2FF02
:10F8E00004460028ECD10146019733460097424672
:10F8F0000AA8F2F701FE0446E2E700BF0023036016
:10F9000043608360704700BF002800F099812DE9B3
:10F91000F0478046AAB0184689461F46164613F09F
:10F92000CBF90546002800F015813146384613F022
:10F93000C3F90446002800F00D81854280F00A8159
:10F94000484613F0A5F92B5C0544202B00F0A68057
:10F950000D2B00F0A0800A2B40F0FC8030466E1C7E
:10F9600013F096F9235C2218202B00F09D800D2BBC
:10F9700000F097800A2BA4EB0603349908BF0132EC
:10F98000152BA2EB07020A6049DC0025A946A64216
:10F9900080F0E4800021A41B334603AA00940846AB
:10F9A000F3F71AFE2C3072D0DDF80CA0012051467E
:10F9B00013F08EF90746002800F04081009433468A
:10F9C00003AA5146F3F708FE0446002840F0CA8017
:10F9D000B9F1000F6BD0329B002B00F03381252D45
:10F9E00000F0E280212D00F0F880052D00F0C980A4
:10F9F000062D00F0E580072D00F00581039902290E
:10FA000005D93B78302B02D17B78832B50D93846EF
:10FA100002F0A4F8384613F03FF9934838E0162274
:10FA20009249304613F010F90028AED1EB7D0D2B32
:10FA300046D005F117090A2B40F0908009F1010624
:10FA4000A71B162F40DD17228949304613F0FCF81A
:10FA500000283BD109F11800231A0F2B40F3D9805D
:10FA6000082206A9FFF742FE002840F0D28009F1E3
:10FA700028062525A71B0D2F00F3ED8033780D2BCD
:10FA80007CD00A2B6AD101364FF001097FE7794813
:10FA90002AB0BDE8F0876B7801355CE76B780135FB
:10FAA00056E75378013265E7537801325FE70399EF
:10FAB0000020C8F80070C8F804102AB0BDE8F0872C
:10FAC00005F118092B7EB6E7112F16DD12226A49BF
:10FAD000304613F0B9F880B909F11300231A0F2B3F
:10FAE00040F39780082206A9FFF700FE002840F0A7
:10FAF000908009F123062125BCE70D2F3CDD0E2265
:10FB00005E49304613F0A0F8002835D1152F33DDBB
:10FB100016225B49304613F097F800284ED0162283
:10FB20005849304613F090F8002874D016225649F0
:10FB3000304613F089F8F8B9072506F11600231AA4
:10FB40001F2B66DD102206A9FFF7D0FD002860D12B
:10FB5000363693E74D482AB0BDE8F0874C482AB0C6
:10FB6000BDE8F0870399384601F0F8FF384613F0F6
:10FB700093F8A4F588508BE7464889E773780136F7
:10FB80007FE733993A46039B019110213298009008
:10FB900006A8FFF781FE0446002C3FF42FAF38463D
:10FBA00013F07AF8204673E7339906A8039A009178
:10FBB0003946329BFFF740FE0446EDE70525BCE7DA
:10FBC00033993A463298019118210090039B0DEB2E
:10FBD0000100FFF761FE0446DEE70AA8039DF8F77F
:10FBE00029FB339B06AA04A800930821329BFFF748
:10FBF000AFFD044688B10AA8F8F720FB04A8082145
:10FC000001F0ACFFC8E733993A46039B01912021EC
:10FC1000BCE721483CE706258FE704A90AA8F9F7C5
:10FC200037F904460028E6D1019706AB00972A462B
:10FC300000210AA8F8F768FC0446DCE7174827E724
:10FC4000174870470399384601F088FF384613F08B
:10FC500023F814481CE70E220849304612F0F4FF3E
:10FC600000287FF40BAF51E780ECFFFF70320020DB
:10FC700088320020D4EEFFFFA0320020B4320020F2
:10FC8000C4320020DC320020F432002080EFFFFF7D
:10FC900000EFFFFF80EDFFFF00EEFFFF80EEFFFFB4
:10FCA00080EBFFFF00EDFFFF10B50446006818B1C0
:10FCB000616801F053FF206812F0EEFFA06812F0B7
:10FCC000EBFF20460C21BDE8104001F047BF00BF0C
:10FCD0002DE9F04F8A4685B000210646009317466D
:10FCE00008461D46134603AADDF838B0F3F76AFC50
:10FCF000304612F0CDFF8146504612F0C9FF039CFA
:10FD0000631C03EB941399440F9B484498425CD8BE
:10FD1000002C4AD1A146214600953B4603AA4846FD
:10FD2000F3F750FC0446002848D1304612F0B0FFEB
:10FD300031460246584612F07BFF304612F0A8FFCB
:10FD4000039D0BEB0006ADB14F464FF00A08402D66
:10FD50002C463946304628BF402422462D1B12F03F
:10FD600067FF3219631C2744039582F800801E4404
:10FD7000002DECD15046002412F08AFF5146024675
:10FD8000304612F055FF504612F082FF02464846B8
:10FD9000531CB4541E44109BCBEB06061E6012F09D
:10FDA0007BFF204605B0BDE8F08F2146012012F010
:10FDB0008FFF81460028AED10648F3E7484612F08F
:10FDC0006BFF204605B0BDE8F08F109B18606FF008
:10FDD0002900E7E780EEFFFF0138C0B2032803D80F
:10FDE000024B53F820007047002070475406002053
:10FDF00010B1002303604360704700BF60B1036827
:10FE000053B19B6A10B504464068984708212046C4
:10FE1000BDE8104001F0A2BE704700BF70B169B1EB
:10FE200070B5056845B904464B6A0E469847606050
:10FE300030B12660284670BD024870BD0148704749
:10FE4000014870BD80C1FFFF80C0FFFFF0B12DE908
:10FE5000F0470568BDB9DFF8489004461F46904654
:10FE6000D9F824308A4698470646606080B1089BDE
:10FE70002846C4F80090C6F800A0C6F80480B76011
:10FE8000F360BDE8F0870448BDE8F087024870479A
:10FE90000248BDE8F08700BF80C1FFFF80C0FFFFC0
:10FEA00030D5026020B1036813B19B6840681847E1
:10FEB0000020704720B1036813B1DB68084618477B
:10FEC000002070472DE9F047DDF82080DDF8249010
:10FED000D8B104460068C0B10E46174663B1056943
:10FEE000B5B160683A46CDF824903146CDF820800F
:10FEF000AC46BDE8F04760470846FEF7D7F920B1A9
:10FF0000FEF740FA03462068E9E70348BDE8F087BA
:10FF10000248BDE8F08700BF80C1FFFF00C1FFFFBE
:10FF20002DE9F04F89B00DF14809DDF8548099E8CA
:10FF3000000ED2B11568C5B11F46EB681446079094
:10FF40000E469847002845D0079A062A11D066B970
:10FF500053464A4639462046CDF84C80CDF848B045
:10FF600009B0BDE8F04FFFF7ADBF1B4809B0BDE8D1
:10FF7000F08F002EF9D0236833B19B6860689847F2
:10FF80000730B8EBD00F23D360680023CDF814B04E
:10FF9000D6F804E01A4635781946CDF80890CDF821
:10FFA00004A00097CDF810E0039503F0DFF90028D6
:10FFB000DCD1206820B18368606898470730C008AA
:10FFC000064B80458CBF1846002009B0BDE8F08F75
:10FFD0000348CBE70348C9E780C1FFFF00C7FFFF25
:10FFE00080BCFFFF00C1FFFF2DE9F04F81B00DF194
:10FFF000280898E8000F00B304460068E8B10E46F0
:02000004600199
:1000000017468BB14569E5B160683A463146AC4662
:10001000CDF834B0CDF830A0CDF82C90CDF82880B4
:1000200001B0BDE8F04F60470846FEF73FF920B148
:10003000FEF7A8F903462068E4E7034801B0BDE8ED
:10004000F08F0248FAE700BF80C1FFFF00C1FFFF49
:10005000F0B5DDF820E050B1046844B1A46924B1E2
:10006000A4464068BDE8F04060470248F0BD024841
:10007000F0BD00BF00C1FFFF80C1FFFFF0B5DDF89C
:1000800020E050B1046844B1E46924B1A44640685A
:10009000BDE8F04060470248F0BD0248F0BD00BF37
:1000A00000C1FFFF80C1FFFFB8B10268AAB1A1B1D2
:1000B0000B6893B130B41C6A8CB11D78052D06D045
:1000C0009A4207D123464968406830BC18471378E4
:1000D000012BF7D0034830BC7047034870470248F3
:1000E000F9E700BF00C1FFFF80C1FFFF50B108B5B5
:1000F00003684BB1DB6A1BB140689847002008BD1C
:10010000024808BD02487047014808BD00C1FFFF12
:1001100080C1FFFF18B103680BB1586870470148F0
:10012000704700BF0C33002010B1006800B10078A8
:10013000704700BF062818BF01280CBF012000200F
:10014000704700BF08B502F0C1F8C00008BD00BF8D
:100150002DE9F04385B00E4691461F460D9C804622
:1001600002F0B4F8A04215D800230C9A0546CDF849
:1001700008900392404601971A460096194603F0EC
:10018000F3F920B9A0F56450A54228BF002005B0BE
:10019000BDE8F0830048FAE780BCFFFF2DE9F04F8F
:1001A00081B0934606460C460AAFDDF834801D4602
:1001B00097E8800602F08AF8CDF830B05146C9F8C9
:1001C00000004246304601230D970B950A9401B07A
:1001D000BDE8F04F03F034B82DE9F04F144681B07C
:1001E0000F46994606460A9DDDF82CB0DDF83080B2
:1001F000DDF834A002F06AF8A0420ED15246414622
:1002000030460123CDF834B0CDF830900B970A95E5
:1002100001B0BDE8F04F02F09FBE024801B0BDE85A
:10022000F08F00BF80BFFFFF2DE9F04F81B08946FE
:1002300017469B460BAC0A9D064694E8100502F053
:1002400045F8A04228600DD852464146304600236A
:10025000CDF830B0CDF82C900A9701B0BDE8F04F42
:1002600002F0D4BC014801B0BDE8F08F00BCFFFF34
:1002700002F088B830B4012300F10804054D1430B1
:10028000054A4D608C6048610A610B700B7330BC8D
:10029000704700BF183300202033002002380228A6
:1002A0008CBF002001207047806D704710B582B070
:1002B00011461A46059C049B0094F9F7D1FF034BA5
:1002C00010F5984F08BF184602B010BD00C7FFFFD9
:1002D00070B470BCF9F75CBF70B5AEB0044615469B
:1002E0001E4603A8FAF740F8214603A8FAF71EF8BD
:1002F000044668B9339BA4F56454324629460093FA
:1003000003A8329BF9F7ACFF10F5984F18BF0446CD
:1003100003A8FAF72BF820462EB070BDF0B5B1B0A7
:1003200004460D46164605A81F46FAF71DF8214655
:1003300005A8F9F7FBFF30B1044605A8FAF716F84F
:10034000204631B0F0BD399B389A379936980393DF
:100350003B460292324601912946009005A8F9F7E2
:1003600017FF0446E9E700BFFBF780BD8830022293
:10037000024B88600A704B60704700BF2833002032
:10038000023801288CBF002001207047A0F1040032
:10039000B0FA80F040097047A0F10100B0FA80F097
:1003A0004009704708B5C36800689847C00008BD99
:1003B0002DE9F04F83B0934604460D461E460E9934
:1003C000DDF83080DDF83490C36800680191DDF815
:1003D0003CA0984727680123CDF838B05246C9F8A9
:1003E00000003846CDF83C800D960C95A468019924
:1003F000A44603B0BDE8F04F604700BF2DE9F047C9
:10040000154604461E46C36800688946089FDDF805
:1004100024809847A8420BD120684B46CDF8248011
:100420003A46089601216468A446BDE8F047604753
:100430000148BDE8F08700BF80BFFFFF10B504464C
:1004400003F0D4F82046BDE8104012F025BC00BFF0
:1004500010B50446FAF72EFD2046BDE8104012F014
:100460001BBC00BF10B50446F9F780FF2046BDE86D
:10047000104012F011BC00BF10B50446102101F06D
:100480006DFB2046BDE8104012F006BC10B5AC2153
:10049000012012F01DFC044618B10022114601F0A3
:1004A000C1FC204610BD00BF10B5AC21012012F0E8
:1004B0000FFC044608B1FAF7A9FC204610BD00BFA6
:1004C00010B5AC21012012F003FC044608B1F9F785
:1004D0004BFF204610BD00BF1021012012F0F8BBD9
:1004E0002DE9F043CB68ADF50D7D074608680C4655
:1004F00098470546384601F0E9FEED00B5EBC00F20
:1005000028D104AD20222A2100262846904612F048
:10051000B3FBE368206898470CAA81460123206852
:1005200031460295A46803923246CDF804800096C5
:10053000A04718B10DF50D7DBDE8F0830CAA01466A
:10054000CDF804904346009238462A46FFF700FE55
:100550000028EFD002480DF50D7DBDE8F08300BF07
:1005600000BEFFFF0048704700E1FFFF2DE9F04F9C
:10057000ADF51B7DDDF894B20390BBF1400F98BF41
:10058000402B029104929DF8980200F2F680802997
:10059000994694BF00240124002C40F0EE80FDF722
:1005A00085FE8046002800F0EA8007A8FDF78AFE55
:1005B0002246414607A8FDF7A5FE18B10DF51B7DA3
:1005C000BDE8F08F40463AADFDF7DCFE07469DF8EA
:1005D0009C121AA8212FAA4634BF402380231A4612
:1005E0001E46019312F048FBB3455C465046A49961
:1005F00028BF34462246A24412F01AFB361BF3D120
:100600005AAC0597CA46DDF804B02746DDF81090CD
:10061000DA4556463846494628BF5E463246374494
:1006200012F006FBBBEB060BF2D1029B0AAE059F54
:10063000002B00F0A6807AABDDF8A0B2049307A8E7
:10064000FDF7ACFE50BBDDF804901AA907A84A4696
:10065000FDF7AEFE10BB4A46294607A8FDF7A8FEE7
:10066000E0B94A46214607A8FDF7A2FEB0B93146D7
:1006700007A8FDF7A7FE88B9BBF1010F27D94FF0F6
:10068000010901E0D94522D033463A463146404679
:1006900009F10109FDF7A0FE0028F3D082462846A3
:1006A000802101F05BFA2046802101F057FA04987E
:1006B000802101F053FA3046402101F04FFA07A89B
:1006C000FDF706FE50460DF51B7DBDE8F08F029B41
:1006D0003146DDF80CE0BB4299467346704628BFB0
:1006E000B9464B444A46039312F0A2FA029BB3EB7D
:1006F0000903029347D0049BCDF81480DDF804A0D1
:1007000098465745B9464046314628BFD1464A46E5
:10071000C84412F08DFABAEB090AF2D1049A019B8F
:10072000DDF81480D0181946024600E039B112F8FD
:10073000013D01390133DBB21370002BF6D0019B70
:100740008646E918002311F801CD1EF8012D8D42CF
:10075000624413440B70C3F30723F4D1019BE118E7
:10076000002311F801ED10F8012D8C42724413445E
:100770000B70C3F30723F4D161E704481EE7044874
:100780001CE77AAB04934FF0000A88E780E0FFFF94
:1007900000E1FFFF2DE9F04F0027DBB005461046D2
:1007A00007919A460897659CF7F7CAF8002800F069
:1007B000C080802C0646D0F80480D0F80CB0099791
:1007C00000F2B58039464FF4817219A80A970B9749
:1007D00005F108090C9712F04FFA2B68AF686A68A8
:1007E000302B17445BD104230BAA39464846F2F755
:1007F00071F9002842D0A0F5F45000283BD15CB13B
:10080000649B5A1E19AB03EB440012F8011F02331C
:1008100003F8011C9842F8D10134099A4FEAD8082C
:10082000012765000B9C0492414601942B460C9CC9
:1008300011A8CDF808A019AA03970094FFF796FE17
:10084000C8B9BBF1000F2ED10DAF19A8F7F79EF86C
:10085000314619A8F7F7AEF80446002837D011A89A
:10086000202101F07BF93846102101F077F919A811
:10087000F7F790F820465BB0BDE8F08FA9684846CE
:100880000B9B09AA0C910B443946AB60F2F760F957
:100890000028B0D1AB689F42B1D02748EBE727488A
:1008A0005BB0BDE8F08F099802220DAF0B9C2B4680
:1008B0000C9D0490594603923846CDF808A019AA19
:1008C00001940095FFF752FE0028D4D1BDE79DF9B1
:1008D0001C3011A94FEAC80219A8F7F797F8044687
:1008E0000028BCD1F268394619A8F7F7F9F8044690
:1008F0000028B4D119A8F7F715F904460028AED19D
:1009000008AB66A919A800930EC9F7F733F9044696
:100910000028A4D10899A4F5F054689B08AA19A846
:100920001944F7F721FA002808BF002497E7044884
:10093000A1E704489FE700BF1AE1FFFF1EE1FFFFA8
:1009400080E0FFFF00E1FFFF2DE9F04FA5B0044676
:100950000068904601930F46DDF8BC90DDF8C0A01A
:10096000FDF710FD0022012303928DF80F30BAF13C
:10097000000F67D0431E14AA064602EB030B424643
:1009800039462046FDF736FD00285CD12E9A2046D8
:100990000199FDF7A5FD002855D1042203A92046A1
:1009A000FDF79EFD00284ED114A92046FDF7ACFDB1
:1009B000002848D1324614A904A812F039F9B9F137
:1009C000010F23D90125424639462046FDF712FD85
:1009D000002838D1324604A92046FDF781FD90BB9E
:1009E00004A92046FDF790FD68BB66B10DF14F01EB
:1009F0000DF10F0011F8012F10F8013F594583EA5E
:100A000002030B70F6D10135A945DCD156453546B8
:100A100014A9319828BF55462A46C5EB0A0A12F098
:100A200007F9319B04A804212B44319310F8013DB0
:100A300001390133DBB203700BB90029F6D1BAF1E9
:100A4000000F9CD1002025B0BDE8F08F2DE9F043C8
:100A50008568BDB000244FF00409089506940794FA
:100A600009948DF8169081C830282F4415D11D4661
:100A700014460E4610AB0AAA394608A8F2F774F9D4
:100A800030B90B9A092A0CD068483DB0BDE8F08314
:100A9000A0F53C503DB0BDE8F08365483DB0BDE8F1
:100AA000F0830C99634812F0CFF80028ECD1109A2B
:100AB000129B1199302A249303EB0108EDD14B4688
:100AC00017AA414624A8F2F705F8002845D0A0F55A
:100AD0003C500028D9D19DF81600FDF7E7FB804671
:100AE0000028D1D0394608A813AB0DAAF2F73CF97B
:100AF0000028CDD10DA80DF11701FEF7ADFD00289E
:100B0000C2D19DF81700F6F71BFF81460028BBD025
:100B10004368139ADB08042A07934ED1149AC368DA
:100B20009A424AD119A8FDF7CDFB2CA8F6F72EFF63
:100B3000149A159924A812F07BF8414619A80122AD
:100B4000FDF7E0FB0746002839D019A8FDF7C0FBE8
:100B50002CA8F6F71FFF384697E7249806AA179B9C
:100B600041461890034424A82493F1F7F1FF00288C
:100B7000ADD1249B9845AED007AA414624A8F1F7F1
:100B8000E7FF10F1620F01D00028A0D1249B984507
:100B9000A1D0414624A82CAAF2F754F9002896D1F6
:100BA0002CA80DF11601FEF7F1FC00287FF46CAFC4
:100BB000249B98458FD0204867E7204865E7079831
:100BC0002A462146069D179C0DF17008029019A82F
:100BD000189BCDF80C8001950094FFF7B5FE0746F1
:100BE0000028B2D149462CA8F6F7E4FE07460028B3
:100BF000ABD1079A73B241462CA8D200F6F706FF94
:100C000007460028A1D1469A09ABA7F5385724A971
:100C100001922CA8459A02930092449B149AF7F7EC
:100C200075F9002808BF00278FE700BF80D1FFFFBC
:100C30009ED0FFFF4C3300209AD0FFFF00D1FFFF72
:100C40002DE9F04F9FB083460BA8FDF73BFB042036
:100C5000FDF72CFB00285BD0014601220BA8FDF715
:100C600051FB002854D1DFF8EC8004464FF0140902
:100C7000012308F1180208F1600708F5907608F5DD
:100C8000F075059208F130024FF0040A069208F15F
:100C9000480207920822BBF1000F2DD10EA9019343
:100CA000CDF800A02B4603910BA83146CDF8089053
:100CB000FFF74AFE01342835203682464A460EA9FF
:100CC00018BB3846203711F0BFFFF0B9BBF1000F59
:100CD00027D1062C2AD0059B069953F804AF58F863
:100CE000042F059351F8043F0691079951F8049F8A
:100CF0000791BBF1000FD1D0214613480993089208
:100D000011F0E2FF099B089AC8E7BBF1000F14D16C
:100D10004FF0010A0BA8FDF7DBFA50461FB0BDE803
:100D2000F08F0A4811F08CFF062CD4D1BBF1000FD4
:100D3000F0D00A2011F0B4FFECE705484FF0010AAB
:100D400011F07EFFE6E700BF58330020AC1C002006
:100D5000FC1C002020D602602DE9F0418AB09046AC
:100D60003023054609AA0E46F1F7B4FE00284ED1FD
:100D70002A68099B13449E4245D1022309AA3146A1
:100D80002846F1F7A7FE044620B1A0F56C500AB042
:100D9000BDE8F08129680346099A40460694059407
:100DA0000494039402940194009401F081F80028C3
:100DB00032D12C6809AA09980223314604442846F6
:100DC0002C60F1F787FE10BB2C680346099F024692
:100DD00004900146039002900190009040460697CF
:100DE000059401F065F8B8B92A684046099B134498
:100DF0002B6001F097F878B9404601F069FA58B9CC
:100E00002B689E42C3D005480AB0BDE8F081A0F52A
:100E10006C500AB0BDE8F0810148B8E79AC4FFFF02
:100E200000C5FFFFF0B58FB00C46154606460BA86F
:100E3000F2F7BEFE611909AA0AA830230A94F1F755
:100E400049FE20B1A0F5745420460FB0F0BD0A9FB2
:100E500008AA099B0AA81F443946F1F779FE002821
:100E6000F0D1089C002C40F0D480022309AA394616
:100E70000AA8F1F72FFE054680B10BA8F2F7A0FEF5
:100E80004FF680732B4033B1654C304602F0AEFB19
:100E900020460FB0F0BDA5F57454F6E7034606955D
:100EA0000595304604950395029501950095099A9C
:100EB0000A9900F0FDFF05460028DED10A9D0223B5
:100EC000099809AA394605440AA80A95F1F702FECD
:100ED00005460028D1D12B4609980A9D06901A464E
:100EE00005951946049330460393029301930093AA
:100EF00000F0DEFF05460028BFD10A9D02230998B5
:100F000009AA394605440AA80A95F1F7E3FD054602
:100F10000028B2D12B4609980A9D04901A460395E1
:100F2000194606933046059302930193009300F00F
:100F3000BFFF05460028A0D10A9D0223099809AAEF
:100F4000394605440AA80A95F1F7C4FD054600286C
:100F500093D10022099D0A9B3046009511460692C6
:100F60000592049203920292019200F0A1FF0546BD
:100F7000002882D10A9D09AA09980223394605440E
:100F80000AA80A95F1F7A6FD054600287FF475AF7B
:100F90002B4609980A9D02901A4601951946069318
:100FA0003046059304930393009300F081FF0546B8
:100FB00000287FF462AF0A9A3046099B13440A93D3
:100FC00000F0B0FF054600287FF457AF0BAA394662
:100FD0000AA8F1F7A3FE054600287FF44EAF0BAA3E
:100FE00039460AA8F1F79AFE054600287FF445AF76
:100FF0000AA80BAA3946F1F791FE054600287FF4AE
:101000003CAF0A9B9F4206D00BA8054CF2F7D8FDD7
:101010003BE7044C18E70BA8F2F7D2FD14E700BF3A
:1010200000C3FFFF80C2FFFF0368062BF0B50D462B
:10103000C1B000F0A480044602A8F9F7E1FE6846BA
:10104000A36821AA666800931E443146F1F780FD2B
:10105000002833D1219B013B022B00F23D8130233C
:101060003146684601AAF1F735FD044628B102A8C9
:10107000F9F7EEFE204641B0F0BD01990623009F2E
:1010800001AA68460F443946F1F724FD04460028BA
:10109000EDD1019A072A40F02181009C9349204616
:1010A00011F0D2FD002840F0198107343946684616
:1010B00003AA0094F1F732FE002879D0A0F5745409
:1010C000002CD4D121A8F9F79BFEF9F72FFE037865
:1010D000064623B945E016F8013F002B41D021A870
:1010E000F9F7B6FE317821A8FBF77AFF044600280D
:1010F00057D1189A379B9A42EDD1199A389B9A4248
:10110000E9D122A903A8F3F72BF90028E3D125A9F7
:1011100006A8F3F725F90028DDD128A909A8F3F7D7
:101120001FF90028D7D134A915A8F3F719F9002819
:10113000D1D12BA90CA8F3F713F90028CBD131A9F1
:1011400012A8F3F70DF904460028C4D101460FA8F0
:10115000F2F7B4FE074621462EA8F2F7AFFE87420B
:10116000B9D121A8F9F774FE33788DF804303378BB
:10117000002B00F0B98002A8F9F76AFE05E001A98A
:10118000FEF766F9002840F0AB802B789DF804103C
:1011900013B18B4240F09E802846FBF721FF41B0FF
:1011A000F0BD21A8F9F754FE33788DF804305EE7DE
:1011B00003A8F2F7DBFE009B18909F4240F092805C
:1011C000302301AA31466846F1F784FC0446002822
:1011D0007FF44DAF01990423009C68460DEB030298
:1011E0000C442146F1F776FC00287FF467AF019AA2
:1011F00006A80099F2F7E8FE00287FF45FAF009F91
:101200000423019821460DEB03020744684600972A
:10121000F1F760FC00287FF451AF019A09A800990A
:10122000F2F7D2FE00287FF449AF009F0323019814
:1012300001AA2146074468460097F1F74BFC18B90C
:101240009DE80C0013440093009B9C424AD101AAE4
:10125000042331466846F1F73DFC00287FF42EAFA9
:1012600002A80CA99DE80C00FAF736F908B310F5AE
:101270009D4F31D1009B1B78023B012B2CD803A83A
:10128000F2F79CFE019B411C0246994224D1009931
:101290000CA80131F2F798FEF0B9009B0FA819785D
:1012A0000239F2F7EFFDB8B9012112A8F2F7EAFD11
:1012B00090B9009A3146019B6846134415AA0093E1
:1012C000F1F72CFD00287FF4F9AE15A8F2F74EFED9
:1012D0001990F7E60648CEE6054CC8E6054CC6E68A
:1012E0000548C8E6054CC2E6054CC0E67033002050
:1012F00000C3FFFF80C6FFFF00C6FFFF9AC2FFFFCB
:1013000080B1FFFF70B5002584B016461C461D60F5
:1013100001AA5D609D60F1F727FD18B1A0F56A5044
:1013200004B070BD01A83146FEF74EF868B93378B5
:10133000012BF5D12368052B00D043B9636805481C
:10134000002B08BF002004B070BD0348E8E7014847
:10135000E6E700BF80C5FFFF80C3FFFFF0B589B09F
:101360000C4605461144302303AA04A80494F1F75F
:10137000B1FB18B1A0F5745009B0F0BD049E02AAEB
:10138000039B04A81E443146F1F7E2FB0028F1D18B
:10139000029B012B4BD1042303AA314604A8F1F789
:1013A00099FB0028E6D105F17C07039A0499384699
:1013B000F2F70AFE044600283BD1049A039B13442B
:1013C0009E42049319D0A02303AA314604A8F1F742
:1013D00081FB044698B310F1620F2AD1049B9E4210
:1013E0000BD03146A12303AA04A8F1F773FB0446EE
:1013F000002845D010F1620F1BD105F188060024AA
:10140000314605F128033A46019428460094FAF73C
:101410001FFC044668B939462846FAF7FBFB044628
:101420000028A9D02846F9F745FD2046A4E72D4815
:10143000A2E72846F9F73EFDA4F574509CE7039A0D
:10144000049B002A03EB02044ADD1B78062B05935C
:1014500001D0302B42D106AA214604A8F1F73AFB6D
:1014600060BB049A069B079213449C4204932BD1C1
:10147000294605A8FFF7D8FD04460028AED0D1E7DD
:10148000049C03AA039B04A81C442146F1F7C8FB53
:1014900000287FF46FAF049A039B13449C4211D140
:1014A00005F18806A31A28463146FAF715F868B1FF
:1014B000049410F59D4FA2D00B485DE7B0F574542D
:1014C000B0D1D5E7094857E7084CABE73146284685
:1014D000FAF7C0F8049400289DD0EAE7044CA1E78D
:1014E000044C9FE780C2FFFF00C3FFFF9AC2FFFFCB
:1014F0009EC2FFFFA0C2FFFF70B50B4688B000245C
:1015000011440646049303AA04A830238DF807402B
:10151000F1F7E0FA20B1A0F57454204608B070BD90
:10152000049D02AA039B04A81D442946F1F710FB61
:101530000028F0D1029C1CB1264C204608B070BD9A
:101540000DF10702294604A805ABFFF7DBFE0028D2
:10155000E1D103AA294604A80423F1F7BBFA002825
:10156000D9D1039B3BB39DF80700FEF735FC00B3D0
:1015700001463046FEF752FCC8B99DF80730012BF2
:101580001BD0023B012B14D805A87168FFF74CFD56
:10159000034638B9039A04997068FFF7DFFE0346E3
:1015A0000028BAD030461C46FEF728FCB5E70446B2
:1015B000B3E7094CB1E7094CAFE7039A04997068A7
:1015C000FFF730FC044608B90024A6E73046FEF7D2
:1015D00015FCA2E780C2FFFF80C3FFFFA0C2FFFF90
:1015E000F0B591B0169C09911144002C2ED01E46E6
:1015F0000546302308AA09A8F1F76CFA18B1A0F53E
:10160000745011B0F0BD089A0DAB099F09A817449A
:101610000AAA3946F1F7A8FB0028F0D108AA3946F2
:1016200009A80423F1F756FA0028E8D10AA80DF119
:101630001E020DF11F01099FFEF730F840B10B9A11
:101640000A2A1AD0092A34D02548DAE72548D8E7EB
:1016500001940146089C0DA80096099E9DF81F3034
:101660009DF81E20049703940296FFF793F8D0B1DB
:1016700010F5F05FC5D11C48C3E70C991B4811F069
:10168000E3FA01460028DFD123463246099C0DA823
:10169000089E02978DE85000FEF764FF0028B0D145
:1016A0003B78302BE7D139462846089AFFF724FFCC
:1016B000A7E70C990E4811F0C7FA01460028C3D1DC
:1016C00023463246099C0DA8089E02978DE85000DB
:1016D000FFF7BCF90028E6D010F5385F91D1CAE7D2
:1016E00080C6FFFF00C4FFFF80C4FFFF78330020E7
:1016F000843300202DE9F04188B0144605460E469B
:1017000005A81F46FEF7FAF814B304F1FF3816F8DF
:1017100008300BB32146012011F0DAFA8046002888
:1017200079D02246314611F083FA0E9B224641467B
:10173000009328463B46FFF753FF214607464046A5
:1017400000F00CFA404611F0A7FA67BB002000E059
:101750006E4808B0BDE8F0810E9B04AA009705A86A
:101760000193334602926A496A4AFEF7CDF800288F
:1017700053D10120FEF730FB01462846FEF74EFB11
:10178000044630B9069A05996868FFF74BFB044692
:1017900010B12846FEF732FB05A8FEF785FA204671
:1017A00008B0BDE8F0812846FEF728FB17F56E5F0C
:1017B0002FD0224631462846FFF79EFE0028C5D08E
:1017C0002846FEF71BFB0120FEF706FB01462846D4
:1017D000FEF724FB30B9224631466868FFF722FB4A
:1017E0000028B3D02846FEF709FB0220FEF7F4FAE2
:1017F00001462846FEF712FB30B92246314668689A
:10180000FFF7ACFD0028A1D02846FEF7F7FA3F48C5
:101810009FE741489DE741489BE710F59C5FF8D062
:1018200010F5985F26D010F5845F92D116F8083035
:10183000002B7FF46FAF04AB0E9A05A800970293BC
:10184000334601923649374AFEF75EF8A0B90220C6
:10185000FEF7C2FA01462846FEF7E0FA04460028E1
:1018600097D1069A05996868FFF778FD0446002825
:101870008FD191E72C486CE710F59C5FC9D010F52B
:10188000985FF7D010F5845F7FF463AF16F80820F7
:10189000002A7FF43FAF04AB0192009205A80293A7
:1018A0003346224A2249FEF72FF848B9069A2846BD
:1018B0000599FFF721FE044600283FF46DAF68E765
:1018C00010F5845F7FF445AF16F80820002A7FF4F6
:1018D00021AF04AB0192009205A802933346154A4A
:1018E0001549FEF711F860B90E9C3B46069A28464A
:1018F00000940599FFF774FE044600283FF44CAFAE
:1019000047E710F5845F7FF424AF03E700C3FFFFD0
:10191000B03300209033002080C4FFFF80C0FFFF61
:10192000F0330020D033002000C4FFFF103400202B
:101930002C340020483400206C3400202DE9F04382
:1019400087B000241646302302AA8DF807400546CA
:10195000F1F7C0F820B1A0F5745007B0BDE8F083EE
:1019600002990DF107022F6803AB28460F44394650
:10197000FFF7C8FC0028F0D102AA39462846F1F743
:101980004FF9E8B92A68029B13449F421BD19DF886
:101990000700FEF721FA002843D001463046FEF743
:1019A0003DFA0028D9D19DF80730012B0DD0023B1C
:1019B000012B17D91C4C3046FEF720FA2046CCE705
:1019C000A0F56C50C9E71948C7E772683946284640
:1019D000FFF7C2F904460028EDD12B689F421ED0C4
:1019E000124CE8E703A87168FFF71EFB04460028C5
:1019F000E1D1D6F804802A6808F188094046BB1A6C
:101A00004946F9F769FD044608B12F60D3E7494616
:101A10004046F9F71FFE2F6004460028CBD1002076
:101A20009BE7014899E700BF80C3FFFF9AC4FFFF0F
:101A30002DE9F0418AB0154606460F4607A8FDF786
:101A40005DFF85B907A8FEF72FF90120FEF7C4F95D
:101A500000283AD001463046FEF7E0F9002836D09B
:101A60000AB0BDE8F08105F1FF3817F80830002B07
:101A7000E8D106AA0193009307A802923B46314A97
:101A80003149FDF741FF044600283AD1079B012068
:101A90000593FEF7A1F9C0B101463046FEF7BEF945
:101AA0000028DDD1059905A8089B72681944FFF745
:101AB00053F9044610B13046FEF7A0F907A8FEF727
:101AC000F3F820460AB0BDE8F0812048C8E70DF1E0
:101AD00028083D44726848F8147D29464046FFF7BF
:101AE0003BF904460028ECD03046FEF787F9184B46
:101AF0009C42E6D13246294640460597FFF71EFF35
:101B0000AEE710F5845FD9D117F80820002A99D1E3
:101B100006AB0192009207A802933B460D4A0E497C
:101B2000FDF7F2FE044648B9079B3246089905A81E
:101B300005931944FFF702FF0446BFE710F5845FE1
:101B4000BCD17FE794340020B434002080C3FFFF71
:101B50009EC4FFFFD4340020F0340020024B0A461C
:101B600000211B68184700BFF46900202DE9F04FE1
:101B700093B00F46044690461C9E02A840220021C6
:101B8000994611F079F8002330680193FCF7FAFBCD
:101B9000A7B38246BA453046554628BF3D46FCF7B6
:101BA000FDFB834660BB4A4641463046FCF700FCDD
:101BB000834628BB042230460DEB0201FCF7F8FBFC
:101BC0008346E8B902A93046FCF7FCFB8346B8B966
:101BD00065B10DF10702601914F8011B12F8013FFD
:101BE000A04283EA010304F8013CF5D19DF80730D7
:101BF0007F1B03F101038DF80730CBD14FF0000BB1
:101C000002A84021FFF7AAFF584613B0BDE8F08FA5
:101C10002DE9F04F002683B091461C4600960546FC
:101C20000196DDF8308018BB8B420F4602D35C1A58
:101C30000A2C04D8444D284603B0BDE8F08F434633
:101C40004FF0010EE61EFF2103F8020B1846324644
:101C500088F801E011F010F80346A01E3A469D55A1
:101C60004946184410F0E4FF284603B0BDE8F08F61
:101C7000FCF71CFB06460028DCD028466A4601A972
:101C8000FDF7C8FC05460028D4D13046FCF77AFBA6
:101C9000009B0646034403F108027F2ACAD810F1CC
:101CA0000A01C7D203F10A029142C3D89442C1D3B8
:101CB000A4F10A07FF1A0A2FBCD9C346033F012328
:101CC000FF210BF8025B3A46584688F8013010F0C5
:101CD000D3FFDDF800A00BEB07034FF0300E0AF145
:101CE00008015FFA8AF20BF8075006203144DF1D25
:101CF0009A71043283F801E083F803E09970587117
:101D000038461A715246019910F092FF07EB0A0308
:101D10004FF0040E0522494603EB0E0B07F80A208C
:101D2000DE7032465D70584683F802E05E4410F083
:101D30007FFF08EB04039E423FF47DAF21464046FF
:101D4000FFF70CFF76E700BF80BFFFFF52B138B549
:101D50000C468D1810F088FF04F8010BAC42F9D145
:101D6000002038BD00207047F8B500F1080547682D
:101D700004460E462846F2F721F9874245D16368AA
:101D8000B3F5007F41D800212846F2F75BFB00281D
:101D90003BDD28460021F2F791F8B0B3BEB304F161
:101DA0002C0500212846F2F74DFB00282DDD2846A2
:101DB0000021F2F783F840B304F1380500212846EA
:101DC000F2F740FB002820DD28460021F2F776F8E4
:101DD000D8B1002104F11400F2F734FB002814DD1F
:101DE000002104F14400F2F72DFB00280DDD002155
:101DF00004F15000F2F726FB002806DD04F15C0038
:101E00000021F2F71FFB002808DC0548F8BD314629
:101E100004F11400F2F716FB0028F6DD0020F8BDEF
:101E200080BFFFFF70B504460E4615460021AC2268
:101E300010F022FFC4F8A460C4F8A85070BD00BF21
:101E4000F8B5044615461E460F4619B10830F1F79D
:101E500039FF30BB2DB1294604F12C00F1F732FFD8
:101E6000F8B92EB1314604F13800F1F72BFFC0B9B3
:101E7000069B2BB1069904F12000F1F723FF80B9EE
:101E8000079B2BB1079904F11400F1F71BFF40B930
:101E90005FB104F10800F2F791F800216060084694
:101EA000F8BDA0F581410846F8BD3946FBE700BF03
:101EB00070B504461D4661B100F108063046F2F7E0
:101EC00083F810B1A0F5814070BD3046F2F776F886
:101ED00060603DB12946049A04F12C00F2F774F8D1
:101EE0000028EFD1059B3BB1069A04F13800059913
:101EF000F2F76AF80028E5D1079B3BB1089A04F194
:101F000020000799F2F760F80028DBD1099B3BB16C
:101F100004F114000A9A0999F2F756F80028D1D171
:101F2000002070BD2DE9F04F044600F1080A87B08B
:101F3000002104F1140300F12C0700F1380800F12E
:101F4000200950460293F2F77DFA021C04904FF0EC
:101F5000000118BF012238460592F2F773FA0021FA
:101F600003904046F2F76EFA002105464846F2F724
:101F700069FA061C4FF000018346029818BF01263B
:101F8000F2F760FA039A0030049B18BF0120002A80
:101F900018BF002D14BF012100211BD006EA00024A
:101FA0000025BBF1000F14BF002600F0010655EA22
:101FB000060000D17AB14FF0010B33BB29B3424682
:101FC00039465046F2F78AFBD8B1A0F5814007B0F8
:101FD000BDE8F08F1AB1254807B0BDE8F08F059A2B
:101FE000002AF8D0B5FA85F506406D09284035403D
:101FF000BBF1000F14BF002200F0010252BB1646D5
:10200000D5E75046F1F7DAFF6060C5B92EBBBBF1EA
:10201000000F0ED004F1500304F15C054A4641461E
:1020200038468DE8280004F1440301F075FF0028CC
:10203000CBD15946204607B0BDE8F04F94E6CDF825
:102040000080504602993B464A4601F0FFFD0028B9
:10205000DDD0BAE7AB460E46AFE7029A4B464146A3
:10206000384601F0F1FE0028D1D0AEE780BFFFFF77
:102070002DE9F04700F1080904468A460021484648
:1020800015461E46DDF82080099FF2F7DBF978BB84
:10209000B8F1000F08BF002E4BD1002D49D1BAF185
:1020A000000F04D049465046F1F70CFEF0B92DB1AF
:1020B000284604F12C01F1F705FEB0BB2EB13046E5
:1020C00004F13801F1F7FEFD88BBB8F1000F05D02F
:1020D000404604F12001F1F7F5FD68BB77B304F148
:1020E00014013846BDE8F047F1F7ECBDBDE8F087D4
:1020F000002104F12C00F2F7A5F90028C8D0002136
:1021000004F13800F2F79EF90028C1D0002104F153
:102110002000F2F797F90028BAD0002104F114004A
:10212000F2F790F90028B3D0B9E7BDE8F087BDE831
:10213000F0870448BDE8F087BDE8F0873846BDE881
:10214000F08700BF80BFFFFF2DE9F04F85B01D462F
:1021500000F108070446109B894638460021019388
:102160009246129BDDF838B00293139B0F9E0093AA
:10217000149BDDF844800393F2F764F9002838D10A
:10218000B8F1000F08BF002E50D1002D4ED1B9F18B
:10219000000F05D0524649463846F1F74BFF28BBA1
:1021A00035B15A46294604F12C00F1F743FFE8B94E
:1021B00036B1019A314604F13800F1F73BFFA8B976
:1021C000B8F1000F06D0029A414604F12000F1F761
:1021D00031FF58B9009B43B1039A04F114000099F0
:1021E00005B0BDE8F04FF1F725BF184605B0BDE8D2
:1021F000F08F002104F12C00F2F724F90028BFD061
:10220000002104F13800F2F71DF90028B8D00021B0
:1022100004F12000F2F716F90028B1D0002104F1F2
:102220001400F2F70FF90028AAD0B0E7014805B072
:10223000BDE8F08F80BFFFFFF8B504460D460830BB
:10224000002116461F46F2F7FDF808B91B48F8BDF5
:10225000002104F12C00F2F7F5F80028F6D0002157
:1022600004F13800F2F7EEF80028EFD0002104F175
:102270002000F2F7E7F80028E8D0002104F114006C
:10228000F2F7E0F80028E1D02DB1284604F144012E
:10229000F1F718FD78B92EB1304604F15001F1F78D
:1022A00011FD40B92FB104F15C013846F1F70AFD88
:1022B00008B90020F8BDA0F58140F8BD80BFFFFF40
:1022C000C0F8A410C0F8A820704700BF406870474D
:1022D00070B500210446FFF747FDD0B904F10806A8
:1022E00005463046F1F742FE7F2812D914342946BC
:1022F0002046F1F7E3FD60B12046F1F737FE0128F3
:1023000007D931462046F2F72BF8002801DA284693
:1023100070BD014D284670BD00BEFFFFF0B585B011
:102320000446FFF7D5FF40BB01212046FFF71CFD07
:1023300018BB04F12C0504F1380604F1200704F160
:10234000140E02902946019032463B46CDF800E03B
:1023500004F1080001F01EFE78B904F1500304F105
:102360005C0E3A46314628468DE8084004F14403A5
:1023700001F010FF08B905B0F0BD014805B0F0BD8F
:1023800000BEFFFF38B50C460546FFF7A1FF90B928
:102390002046FFF7C3FF70B904F1080105F10800FA
:1023A000F1F7DEFF38B904F1140105F11400F1F77B
:1023B000D7FF00B938BD014838BD00BF00BEFFFFE0
:1023C000F0B50E4687B0002117460546FFF7CCFC56
:1023D000D8B9044603A8F1F7EBFB314603A86A68B5
:1023E000F1F7F2FD38B1A0F5854403A8F1F7E8FB59
:1023F000204607B0F0BD05F1080603A83146F1F705
:10240000AFFF002803DB0F4CEFE70F4CF0E705F1BF
:10241000680003A905F114023346009008466D6870
:10242000F2F77EFE0028DED12A46394603A8F1F7EE
:1024300001FE054603A8F1F7C3FB002DD8D0A5F592
:102440008544D5E77CBDFFFF80BFFFFF2DE9F04F3E
:10245000ADB00E461D468346049101210592FFF75B
:1024600083FC002840F09D8004460EA8F1F7A0FBF5
:1024700011A8F1F79DFB14A8F1F79AFB17A8F1F743
:1024800097FB002E49D020AB0DF18C0A1AAF0DF14D
:10249000740818460393F1F78BFB5046F1F788FB5D
:1024A00026AE38460DF1A409F1F782FB4046F1F75C
:1024B0007FFB3046F1F77CFB4846F1F779FB294674
:1024C000DBF804200EA8F1F77FFD0546002800F098
:1024D000BB8011A8F1F774FB14A8F1F771FB17A8E2
:1024E000F1F76EFB0398F1F76BFB5046F1F768FBD1
:1024F0000EA8F1F765FB3846F1F762FB4046F1F7AD
:102500005FFB4846F1F75CFB3046F1F759FB002DC5
:1025100041D120462DB0BDE8F08F1AAF0DF17408FF
:1025200026AE0DF1A4093846F1F742FB4046F1F71B
:102530003FFB3046F1F73CFB4846F1F739FB2946B3
:10254000DBF804200EA8F1F73FFD0546002868D10E
:102550000BF108030EA819460693F1F701FF0028B6
:1025600021DB11A86FF00305F1F72AFB14A8F1F79E
:1025700027FB17A8F1F724FB0EA8F1F721FB38463B
:10258000F1F71EFB4046F1F71BFB4846F1F718FB3D
:102590003046F1F715FBA5F5864420462DB0BDE881
:1025A000F08F4D4CB5E70EA93046F1F78BFB054691
:1025B000002838D10BF1440307930BF15003089323
:1025C000049B93B1DBF8A030002B4AD00BF18C0AAE
:1025D000524651465046F2F781F8054600287FD012
:1025E00020AB03930DF18C0A73E70BF174000BF130
:1025F0002C03079A0EA9009038460993F2F790FD34
:10260000054670B90BF180000BF13803089A0EA94A
:10261000009040460593F2F783FD0546002800F040
:10262000008111A8A0E711A8F1F7CAFA14A8F1F7E0
:10263000C7FA17A8F1F7C4FA049B002B9CD020AB73
:102640000DF18C0A03934DE70BF108030EA8194610
:102650000693F1F785FE0028A5DB11A86FF00305AE
:1026600038E70BF198030B220BF18C010394CDF8A2
:10267000248014460A960D46CDF82C901E460C97E1
:10268000DDF81080DDF81490069F0D93DBF8041040
:1026900042464B4630460139AA46F2F70FFF3A460A
:1026A0003146002840F01C812846F3F795F80121B7
:1026B000002840F015812846F1F7C4FE002800F0FC
:1026C0001C81013CE2D1039CDDF824800A9EDDF8E8
:1026D0002C900C9F014D83E780BFFFFF80BBFFFF65
:1026E000069A51465046F2F7A7FB054600287FF4AC
:1026F00077AF0BF198031A46194618460393F1F782
:10270000EDFF039B054600287FF46AAF069A194641
:102710001846F2F791FB0546002D7FF461AF0EA934
:1027200052460846F1F7DAFF054600287FF458AF15
:102730000EA9069A0846F2F77FFB054600287FF4AB
:102740004FAF0BF12C03012211A819460993F1F7A1
:10275000ADFF054600287FF443AF0BF1380301229B
:1027600014A819460A93F1F7A1FF054600287FF443
:1027700037AF059B1C21049A17A8F2F79FFE20ABE8
:102780000546039300287FF42DAF17AA11A9184618
:10279000F1F7A4FF054600287FF424AF0398079AB9
:1027A0000146F1F71BFF054600287FF41BAF059B90
:1027B0001C21049A17A8F2F781FE0DF18C0A054638
:1027C00000287FF486AE17AA14A95046F1F786FFB9
:1027D000054600287FF47DAE089A51465046F1F731
:1027E000FDFE054600287FF474AE0BF17400099BD2
:1027F000039A0EA900903846F2F792FC054600288D
:102800007FF467AE0A9D0BF1800052460EA92B465D
:10281000009040460595F2F783FC054600287FF4BA
:1028200058AE424639460EA8F1F700FF054600288B
:102830007FF4F9AE0BF15C020EA93846F1F74EFFBA
:10284000054600287FF4EFAE099A39460EA8F2F744
:10285000F3FA054600287FF4E6AE059A0EA938463D
:10286000F1F73CFF054600287FF4DDAE3A464146CD
:102870000EA8F1F7B3FE054600287FF4D4AE049B02
:10288000002B66D00EA90BF198020846F1F726FF3F
:10289000054600287FF4A4AE0EA9069A0846F2F772
:1028A000CBFA054600287FF49BAE0BF16800069B2F
:1028B0000BF114020EA900904846F2F731FC0546D0
:1028C000002836D020AB11A80393F1F779F914A8AA
:1028D000F1F776F917A8F1F773F90DF18C0A01E613
:1028E00020AB039C0546DDF824800A9E0DF18C0A7E
:1028F000DDF82C900C9F0393EBE528460D99069A82
:10290000039CDDF824800A9EDDF82C900C9FF3F7E1
:102910006DF8054600287FF463AE0BF16800069B56
:102920000BF11402514600905046F2F7F9FB0546B0
:10293000F2E631464846F1F713FD00B311A81E4DEB
:10294000F1F73EF914A8F1F73BF917A8F1F738F9B8
:1029500075E60BF16800069B0BF114020EA90090BE
:102960004846F2F7DDFB054600287FF45AAE3146B3
:102970004846F1F7F5FC68B111A80F4DF4E520AB1E
:10298000DBF8042036990EA80393F1F753FB0546B4
:1029900011A89AE7DBF804200EA83699F1F74AFB54
:1029A000054611A8F1F70CF914A8F1F709F917A8D1
:1029B000F1F706F99CE500BF80BCFFFF2DE9F04F61
:1029C000012B83B0DDF830A0DDF834B0DDF83880BD
:1029D0006AD0BBF1000F18BF002969D0B8F1000F11
:1029E00066D044680AF10B07BC4261D3BA4594BF74
:1029F0004FF0000E4FF0010EBEF1000F58D1E71E50
:102A000016460D46019088F800E0CAEB070743BB65
:102A1000022208EB020988F8012097B1642403E040
:102A2000013C3CD000283AD1012249463046A84713
:102A300099F80020002AF3D088BB013F09F1010971
:102A4000ECD1484600235246594600F8013B10F0AD
:102A5000EFF842464146019803B0BDE8F04FFFF75A
:102A6000AFBC012208F1020388F8012017B3D8197E
:102A7000FF2203F8012B8342FBD100235246594623
:102A800000F8013B10F0D4F843463246294601983D
:102A9000CDF8308003B0BDE8F04FFFF7D7BCA0F50C
:102AA000894003B0BDE8F08FD0F8A440002C90D04E
:102AB0000148F6E71846E0E780BFFFFF012B2DE94C
:102AC000F04F8BB066D0002968D0044690F8A8007B
:102AD00017460D460393FBF7E9FB029000285DD0F3
:102AE000D4F804A0FBF74EFC169B06B280460233D6
:102AF000760033449A4551D3169A9A4294BF4FF0C8
:102B000000094FF00109B9F1000F47D1189B524657
:102B10004946184603F1010B10F0AEF8189B5946D0
:102B2000424683F800903846A84720B1A0F5894076
:102B30000BB0BDE8F08F0BEB0803159A14990298BF
:102B40000493FBF749FC0028F2D1169B4FF0010ECD
:102B50000590AAF102001A461799C01A049B404436
:102B6000861B06EB0E0003F806E0184410F060F830
:102B700007A8FBF7A7FB059B029907A81A46FBF7D6
:102B8000C1FB814670B107A8FBF7A2FB48460BB01A
:102B9000BDE8F08FD0F8A440012C94D01A480BB0B7
:102BA000BDE8F08F189A0AF1FF3A08F1010607AB69
:102BB000C8EB0A0A164400935A464346514630462B
:102BC000FEF7D4FF81460028DDD107AB32464146EF
:102BD000584600935346FEF7C9FF064607A8FBF781
:102BE00077FB7EB9039B3BB1189B3A4629462046AA
:102BF0000093FFF72BFC9BE7189A20461146FFF73E
:102C0000DFFB95E7304693E780BFFFFFF0B587B065
:102C1000D0F8A4400CADE0CD74B1012C02D00A482C
:102C200007B0F0BD00240497039602950194009428
:102C3000FFF744FF07B0F0BD0E970D960C9507B057
:102C4000BDE8F040FFF7BABE00BFFFFF012BF0B5B3
:102C5000ADF5037D50D04668A6F11004B4F5F87FB9
:102C600000F2998002AD002B3ED189992A46FFF7E8
:102C7000A7FB044678BB6B78A6F1020E95F800C05E
:102C8000002283F001030DF10901AE44174643EA27
:102C90000C0C11F8010FFF2818BF42F0010271451A
:102CA00082F0010057FA80F7F3D10DF10A01072FE6
:102CB00007F10102CB5D8CBF0024012411444CEAD2
:102CC00003031C4364B2002C5DD14A1B8B9BB21AD8
:102CD0009A425AD9314C28464FF40071FEF73EFF14
:102CE00020460DF5037DF0BD899B0095FFF7AEFBF7
:102CF00004460028EFD1BEE7D0F8A430002B4AD11B
:102D00004668A6F11003B3F5F87F44D802AD899B5D
:102D10000095FFF79BFB04460028DCD16B78A6F1F9
:102D2000020C95F800E0204683F002032746AC44ED
:102D30000DF1090143EA0E0E11F8013F5A428C458C
:102D400042EA0302C2F3C01282F0010240EA02002A
:102D5000C0B2C0F1000242EA0002C2F3C01282F027
:102D600001021744E8D10DF10A01072F07F1010212
:102D7000CB5D8CBF0024012411444EEA03031C43A5
:102D800064B2002CA1D0064CA5E7889B8A981A60F3
:102D90000FF04EFF9FE70348A3E700BF00BCFFFF13
:102DA00000BFFFFF80BFFFFF012B2DE9F04FADF506
:102DB000197D65D04768A7F11004B4F5F87F63D892
:102DC000044690F8A80016468B461D46FBF76EFA9F
:102DD0000390002858D0FBF7D5FA00F1010881468E
:102DE0004FEA480A57454FD3B5B918AD2046A599C3
:102DF0002A46FFF7E5FA0446CCB108AE28464FF460
:102E00000071FEF7ABFE30464021FEF7A7FE2046DC
:102E10000DF5197DBDE8F08F18AD204632465946B4
:102E20000095A59BFFF712FB0446002CE5D105A8F1
:102E3000FBF748FA2246039905A8FBF763FA044614
:102E4000C8B97E1E05ABA8440DF16100C9EB0606AA
:102E50000093424649463346FEF788FE044650B981
:102E600005AB314640460DF1610200934B46FEF73B
:102E70007DFE044668B105A808AEFBF729FABDE758
:102E8000D0F8A440012C95D030480DF5197DBDE84F
:102E9000F08F08AE05A8FBF71BFA03983346A39AF8
:102EA000A299FBF799FA04460028A7D10DF1610316
:102EB0002A7803EB0901B9F1000F11D009F1FF38AD
:102EC0000DF11F0001F1FF3EB04410F801CF1EF8D4
:102ED000013F40458CEA030342EA0302F5D149442D
:102EE000AAF10203FB1A022B2DD0033B4FF0000E78
:102EF00001F1FF3C0B44F0461CF8010F4EEA000EB6
:102F00006345CEF100004EEA0000C0F3C01080F02F
:102F100001008044F0D111F8083083F0010313431D
:102F200009D108F10108A79B41444A1BBA1A9A42E9
:102F300003D9074C62E7074C60E7A49BA6981A6088
:102F40000FF076FE5AE74FF00008E4E780BFFFFF7E
:102F500000BCFFFF00BFFFFFF0B587B0D0F8A44072
:102F60000CAD95E8E04084B1012C02D00C4807B0CC
:102F7000F0BD0024CDF814E0049703960295019467
:102F80000094FFF711FF07B0F0BDCDF83CE00E97BD
:102F90000D960C9507B0BDE8F040FFF757BE00BF97
:102FA00000BFFFFF2DE9F04782B08846012B0546A0
:102FB0000BA991469DF8280046C90ED01C466B68A7
:102FC0000096FEF725FE80BB84B92846324631467E
:102FD00002B0BDE8F047FFF7F3B9D5F8A430002BF5
:102FE00048D16B680096FEF713FEF0B96C680120BB
:102FF00021460FF06DFE074600283DD021460120F6
:103000000FF066FE8246002839D000974A464146B6
:1030100033462846FFF71AFA044648B138460FF0FF
:103020003BFE50460FF038FE204602B0BDE8F08768
:10303000524639462846FFF7C3F904460028EDD129
:103040006A6892B15046751E0AEB020C234610F8CE
:1030500001EB15F8011F60458EEA010143EA010307
:10306000DBB2F4D10BB1094CD8E7304639460FF04A
:10307000DFFDD3E70648D8E76FF00F00D5E7384605
:103080000FF00AFE6FF00F00CFE700BF00BDFFFF9B
:1030900080BFFFFF2DE9F04F012B9BB09DF890E022
:1030A0002CD079B317460D46044699464668BEF1C2
:1030B000000F1BD194F8A800FBF7F8F8834608B37B
:1030C000FBF760F98046430002339E421AD3324632
:1030D000002127980FF0D0FD0AA942463846A8479C
:1030E000A0B1A0F589401BB0BDE8F08F7046FBF79A
:1030F000DDF838B1FBF746F92590DBE7D0F8A440BE
:10310000012CCED04D481BB0BDE8F08F04F1080370
:10311000039018460493F0F729FF05900FFA88F002
:10312000279B4FF0010E4246A6EB40000AA900F192
:10313000FF3A18449A4400F802EC50460FF078FD2C
:1031400007A8FBF7BFF8039B594607A81A46FBF7E9
:10315000D9F8834630B107A8FBF7BAF858461BB038
:10316000BDE8F08F07A8FBF719F983460028F2D1D4
:103170000AEB0803082207A819460393FBF718F97E
:1031800083460028E7D1259A07A82699FBF710F96E
:1031900083460028DFD142460AA907A8FBF708F9B1
:1031A00083460028D7D1039907A8FBF70BF983467C
:1031B0000028D0D1059B07A8711E039A013B0090FF
:1031C000C8EB0101279813F0070F43460CBF4FF0DF
:1031D000010E4FF0000ECEEB01017044FEF7C6FC6D
:1031E00083460028B7D10498F0F7C0FEFF21C0EB5A
:1031F000C606279BBC220AA801361B7841FA06F6B0
:1032000040211E40279B1E700AF81820FEF7A6FCDE
:1032100007A8FBF75DF8B9F1000F09D0279B3A46E4
:10322000294620460093FFF711F91BB0BDE8F08F47
:10323000279A20461146FFF7C3F854E780BFFFFFE7
:10324000F0B5D0F8A44006AE9DF8145096E8C04002
:1032500064B1012C08D1CDF820E0079706960595BA
:10326000BDE8F040FFF716BF0548F0BDCDF820E0FF
:10327000079706960595BDE8F040FFF793BE00BF9F
:1032800000BFFFFF2DE9F04F012B83B045689DF88B
:10329000304058D08A4680462946012093469946B8
:1032A0000FF016FD0646002848D0294601200FF0F1
:1032B0000FFD074600283AD000902B4620460E9A74
:1032C0000D99FEF7A5FC0446F8B9B9F1000F40D1FD
:1032D000404632460F99FFF773F80446ACB9A5B1E2
:1032E00020463246791E06EB050E12F8014B11F806
:1032F000013F724583EA040340EA0300C0B2F4D1FF
:10330000002818480CBF0024044629463046FEF722
:1033100025FC30460FF0C0FC29463846FEF71EFC5F
:1033200038460FF0B9FC204603B0BDE8F08F3046B8
:103330002946FEF713FC30460FF0AEFC6FF00F008D
:1033400003B0BDE8F08FD0F8A460002EA2D00648EC
:10335000F6E700965A46514640460F9BFFF776F82F
:103360000446BBE780BCFFFF80BFFFFF2DE9F047AD
:10337000012BADF5187D07469DF880829DF88C9253
:1033800051D04468A4F11005B5F5F87F5FD8002B43
:1033900053D118ADA5992A46FFF712F800283ED15F
:1033A000661EAB5DBC2B40F08480B8F1000F07D0E7
:1033B0004046FAF77BFF002849D0FAF7E3FFA190D7
:1033C0004846FAF773FF8146002840D0FAF7DAFF43
:1033D0000023804607F1080003930493F0F7C6FD2D
:1033E000E300471E2A78C3F108033B4452FA03F373
:1033F0002DD1790728D02646AA4608F102039E421D
:1034000025D305A8FAF75EFF494605A80022FAF77A
:1034100079FF044600B305A8FAF75AFF20460DF5D8
:10342000187DBDE8F087D0F8A430012B0FD1446897
:10343000A4F11003B3F5F87F09D818ADA59B384661
:103440000095FFF703F8A9E70DF1610AD5E73648C3
:103450000DF5187DBDE8F0876FEA080105AB504611
:103460003144009343460AEB01094A46FEF77EFBCE
:1034700004460028CFD1C7EBC606FF272B7809F1F9
:10348000FF3147FA06F68A4506EA03062E709AF8D7
:10349000002047D212B145E09A4632B90AF1010341
:1034A0009AF801208B42F7D10B46012A03D01F4C1A
:1034B000B1E71E48B3E75D1CA49B5A1CC5EB090687
:1034C00001D0B342F3D105A8FAF768FF04460028FB
:1034D000A1D103A9082205A8FAF76AFF044600282B
:1034E00099D1A19A05A8A299FAF762FF044600288B
:1034F00091D13246294605A8FAF75AFF044600281A
:1035000089D105A808A9FAF75DFF0446002882D1F1
:10351000424608A948460FF097FB054B002818BF04
:103520001C4678E75346C0E780BFFFFF00BFFFFFA0
:1035300080BCFFFFF0B5D0F8A84087B09DF83050B0
:103540000D9F7CB1E4B24FF0FF3E0F9E03940E9CA2
:1035500005960294CDF810E08DE8A000FFF706FF75
:1035600007B0F0BD2C46EEE72DE9F047D0F8A450A7
:1035700086B09DF838E0DDF83CC0DDF84080DDF82D
:10358000449015B3012D03D0174806B0BDE8F0876D
:103590009A46D0F8A83004460E46174613BB754627
:1035A00020464FF0FF3453463A463146CDF814904A
:1035B0000395CDF80880CDF804C0CDF800E0049460
:1035C000FFF7D4FE06B0BDE8F087CDF84490CDF803
:1035D0004080CDF83CC0CDF838E006B0BDE8F047FB
:1035E000FFF750BEDDB2DBE700BFFFFF10B50446BA
:1035F0008C30F0F7E5FA04F19800F0F7E1FA04F105
:103600006800F0F7DDFA04F12000F0F7D9FA04F1D0
:103610003800F0F7D5FA04F12C00F0F7D1FA04F1F4
:103620001400F0F7CDFA04F10800F0F7C9FA04F13C
:103630008000F0F7C5FA04F17400F0F7C1FA04F164
:103640005C00F0F7BDFA04F15000F0F7B9FA04F1AC
:103650004400BDE81040F0F7B3BA00BF2DE9F04FC9
:10366000002918BF7F2B91B01A9D40F2B680022D21
:1036700040F3B380DC0700F1B080174607AA03903F
:1036800000F1140B10460E461C46F0F791FA0AAAF8
:103690001046F0F78DFA0DAA1046F0F789FA294680
:1036A0005846F0F7EFFB024600287BD14FEA54085A
:1036B000C72C04F101030399A8F1630298BF4FF0EE
:1036C00000094FEA530301F12C0401F1380588BFCA
:1036D0009146049300973346002241462046F2F774
:1036E00045FB002872D102460097334641462846E2
:1036F000F2F73CFB002869D12A46214607A8F0F7DB
:1037000095FF002862D107A8F0F730FC8145E1D28F
:10371000079B002B5CDB012221462046F0F7C6FF09
:10372000002853D1012229462846F0F7BFFF002880
:103730004CD12A46214607A8F0F7D0FF002845D1F2
:1037400007AA59460AA8F2F747F800283ED10121F6
:103750000AA8F0F777FE82460028BBD12A46214608
:103760000AA8F2F739F8002830D101460AAB07AAB7
:103770000DA8F1F733F948BB039B0DAA5946203336
:1037800018460593F2F732F900BB0598F0F7EEFB07
:10379000049B98429ED9012221462046F0F76EFFF5
:1037A000024600B307A80492F0F70AFA0AA8F0F755
:1037B00007FA0DA8F0F704FA049A0398A2F5834AD1
:1037C000FFF714FF504611B0BDE8F08F0246E9E75D
:1037D00029462046F0F7BCFA9DE7DFF87CA050466A
:1037E00011B0BDE8F08F012229462846F0F746FFC8
:1037F00002460028D6D1039B2A46214603F108063B
:103800003046F0F76BFF02460028CBD13046F0F788
:10381000D5FB039F059A29463B46786007F1500681
:1038200020465C33009601933B46443300F074FB22
:1038300002460028B6D10398FEF770FD049007A851
:10384000F0F7BEF90AA8F0F7BBF90DA8F0F7B8F940
:10385000049A002AB6D0B0E780BFFFFF70B50D46CE
:103860000A68044608316B68083084E80C00F0F7F9
:1038700029FA064620B12046FFF7B8FE304670BD53
:1038800005F1140104F11400F0F71CFA06460028B3
:10389000F1D105F1200104F12000F0F713FA0646FA
:1038A0000028E8D105F12C0104F12C00F0F70AFA08
:1038B00006460028DFD105F1380104F13800F0F7A1
:1038C00001FA06460028D6D105F1440104F144006E
:1038D000F0F7F8F906460028CDD105F1500104F1C2
:1038E0005000F0F7EFF906460028C4D105F15C015D
:1038F00004F15C00F0F7E6F906460028BBD105F1BB
:10390000740104F17400F0F7DDF906460028B2D125
:1039100005F1800104F18000F0F7D4F90646002893
:10392000A9D105F1680104F16800F0F7CBF906466A
:103930000028A0D105F18C0104F18C00F0F7C2F948
:103940000646002897D105F1980104F19800F0F798
:10395000B9F9064600288ED1D5F8A420D5F8A830AC
:10396000C4F8A420C4F8A83088E700BF2DE9F047C8
:10397000E4B0054605A8F0F71BF9AC22002139A8F0
:103980000FF07AF905A8A34A1021F0F72BFF04469F
:1039900048B9019003460090024605A939A8FEF7F0
:1039A0004FFA044648B105A8F0F70AF939A8FFF71D
:1039B0001DFE204664B0BDE8F087974A102105A897
:1039C000F0F710FF04460028EDD105A944A8F0F750
:1039D00079F900283BD1914A102105A8F0F702FFA0
:1039E00004460028DFD105A947A8F0F76BF90028A5
:1039F00031D18B4A102105A8F0F7F4FE04460028C7
:103A0000D1D105A941A8F0F75DF910B1B0F5814415
:103A1000C9D1844A102105A8F0F7E4FE0446002825
:103A2000C1D105A93EA8F0F74DF910B1B0F5814418
:103A3000B9D139A8FEF776FA04460028B3D1002D93
:103A40004ED139A8FEF744FC48B10124ABE7B0F5EC
:103A50008144A8D1BFE7B0F58144A4D1C9E739A812
:103A6000FEF75CFC0028F0D10DF134096E4F0DF12A
:103A700064084FF0180A4E46CDF80490CDF808803F
:103A80000FCF0FC697E80300CDF800A02B462A46BB
:103A900086E80300654939A8FFF7B8F80028D4D1B3
:103AA00013AE04AFCDF80CA00123CDF8048022465C
:103AB000029639A800975D49FFF74EFA0028C4D155
:103AC0003A68304649460FF0BFF80028BDD108AE2D
:103AD00051464846324601F04BFE68B1012069E785
:103AE00053480FF0F1F839A8FEF7F2FB00B3514844
:103AF00001240FF0A5F856E70427CDF80C800296B4
:103B00002A4601950123009739A84849FFF798FBF9
:103B100000289AD1CDF80C802346029622460194C3
:103B20002146009739A8FFF71FFD00288DD13AE7FD
:103B300039A8FEF7F3FB0028D9D10DF134083A4E2D
:103B40003D4819AF0FF0C0F84546CDF804804FF05E
:103B500018090FCE0FC596E8030002972346CDF84B
:103B60000090224685E80300304939A8FFF74EF857
:103B70000028BCD113AD04AE30480FF0A5F8CDF845
:103B80000C900197012302952246009639A82749F7
:103B9000FFF7E2F90028AAD13268284641460FF023
:103BA00053F80028A3D1264808AD0FF049F825485E
:103BB0000FF08AF8494640462A4601F0D9FD20B167
:103BC0001C480FF03DF80120F4E604260397029507
:103BD000012301942246009639A81449FFF730FBCF
:103BE000002884D118480FF06FF8039702952346F8
:103BF000019422460096214639A8FFF7B5FC00281B
:103C00007FF475AF0E480FF01BF80A200FF048F84C
:103C1000C9E600BF0C350020103600209436002085
:103C2000183700201C380020880400204D1D01603A
:103C300024380020FC1C00205C3800203C38002088
:103C4000AC1C00207C380020943800202DE9F0477F
:103C50007C4C96B0864689469446984604F1300AD4
:103C60001E9F08AE2068103454F80C1C354654F8DA
:103C7000082C103654F8043C54450FC5F2D1206886
:103C8000A3883060B380B8F1000F3CD0002F3AD049
:103C9000D8F80830BBBBB968A9BB70466446764605
:103CA000F0F7D0FB00282EDD01212046F0F7CAFBFB
:103CB000002828DD31462046F0F752FB002822DAA2
:103CC00001214846F0F7BEFB00281CDD314648467E
:103CD000F0F746FB002816DA05A8EFF769FF02A8FF
:103CE000EFF766FF21464A4602A8F0F7F7FC0446C4
:103CF00070B105A8EFF764FF02A8EFF761FF204657
:103D000016B0BDE8F0876FF0030016B0BDE8F0878D
:103D100002A901220846F0F7C9FC04460028E8D1B0
:103D200002A8F0F705F91FFA80FABAF1000F02D1E4
:103D30006FF00304DDE7514602A8F0F7F3F90446FB
:103D40000028D6D1B3681B6803F00709A9F101095F
:103D5000B9FA89F94FEA591916AB05A84B4413F87B
:103D6000381CF0F78FF8324605A94046F1F734FDCC
:103D700004460028BDD101214046F0F763FB38B16D
:103D800009F101091FFA89F9B9F1360FE4D1CFE73A
:103D900005A90097334602AA0846F1F7C1F904467F
:103DA0000028A6D101251BE005A901220846F0F74D
:103DB0007DFC05AA0446114600289AD11046F0F76A
:103DC0008DFC3246044605A9002892D108460135EB
:103DD000F1F732F8044600288BD1ADB2AA452AD3B8
:103DE000012105A8F0F72EFB012205A918B305A8AB
:103DF000F0F744FC3246044605A900287FF479AF69
:103E00004046F1F7E9FC0121044600287FF471AF38
:103E10004046F0F717FB0128C6D131464046F0F77F
:103E20009FFA0130C0D12146434632463846F0F76A
:103E3000D5FD04465DE7012105A8F0F703FB002846
:103E40009ED075E7A4040020002B61D02DE9F0413D
:103E50000D4686B00446002118461F461646F0F768
:103E6000F1FA804638BB01212046F0F7EBFA002832
:103E700021DD01212846F0F7E5FA00281BDD414647
:103E80003046F0F7DFFAB0B16846EFF791FE03A8CD
:103E9000EFF78EFE214668460122F0F707FC044644
:103EA00070B16846EFF78CFE03A8EFF789FE204655
:103EB00006B0BDE8F0816FF0030006B0BDE8F08108
:103EC0002946012203A8F0F7F1FB04460028E8D1B7
:103ED00003AA69463846F1F77FFC04460028E0D182
:103EE00003AA69466846F0F7F9FB04460028D8D1D2
:103EF00001463B466A466846F0F770FD04460028D6
:103F0000CFD1314638466A46F1F770FD0446C8E71E
:103F10006FF00300704700BF2DE9F04184B01D46EB
:103F200006460F4601A89046EFF742FEADB10122CA
:103F3000314601A8F0F7BAFB044630B101A8EFF70B
:103F40003FFE204604B0BDE8F081284601AA414664
:103F5000F0F772FF04460028F0D10A9B7BB10122E2
:103F6000394601A8F0F7A2FB04460028E6D14146F5
:103F700001AA0A98F0F760FF04460028DED10B9BE7
:103F800033B1324639460B98F1F730FD0446D5E798
:103F90001C46D3E72DE9F04F87B00E468046174602
:103FA000DDF844A0684699461AF1000518BF0125BE
:103FB000EFF7FEFD16F1000B03A818BF4FF0010B41
:103FC000EFF7F6FD15B1BBF1000F28D13C1C18BF6F
:103FD00001240DB1002C34D118F1000A0BEA0404BD
:103FE00018BF4FF0010ABAF1000F3BD0002C39D0B6
:103FF0003A4631466846F0F771FB0546002859D02D
:104000006846EFF7DDFD03A8EFF7DAFD15F5844FFD
:1040100013D0A5F58445284607B0BDE8F08F129A65
:1040200051463046F1F760FE0028CFD0584D684623
:10403000EFF7C6FD03A8EFF7C3FD284607B0BDE8BC
:10404000F08F5146129A3846F1F74EFE0028EDD116
:1040500018F1000A0BEA040418BF4FF0010ABAF184
:10406000000FC3D1109B002B18BFB9F1000F14BF74
:1040700001250025BAF1000F18D0BDB10121484635
:10408000F0F7E0F90028D1DD01211098F0F7DAF916
:104090000028CBDD41464846F0F762F90028C5DA32
:1040A00041461098F0F75CF90028BFDA04B175B901
:1040B0000025BCE701214046F0F7C4F90028B5DD32
:1040C00041466846F0F74CF90028AFD1CAE7012114
:1040D0003046F0F7B7F90028A8DD01213846F0F79F
:1040E000B1F90028A2DD109A49466846F0F7F6FAC1
:1040F0000546002884D1012269466846F0F7D6FAC1
:10410000054600287FF47CAF3146012203A8F0F772
:10411000CDFA054600287FF473AF03AA69466846C6
:10412000F0F78AFE054600287FF46AAF014668462C
:10413000F0F788F900287FF479AF4946109A68466D
:10414000F0F7CCFA054600287FF45AAF0122694601
:104150006846F0F7ABFA054600287FF451AF3946C0
:10416000012203A8F0F7A2FA054600287FF448AF21
:1041700003AA69466846F0F75FFE054600287FF40B
:104180003FAF01466846F0F75DF9002890D04DE753
:1041900000BEFFFF2DE9F04186B01E4605460F46E2
:1041A00068469046EFF704FD03A8EFF701FD9EB3C4
:1041B000CDB1012229466846F0F778FA0446A0B14D
:1041C00014F5844F09D16846EFF7FAFC03A8EFF71E
:1041D000F7FC204606B0BDE8F08114F5814F02D00F
:1041E000A4F58444EFE7304CEDE73146424603A89E
:1041F000F0F71CFA04460028E2D103A96A460846F3
:10420000F0F71AFE04460028DAD1014603A8F0F7B9
:1042100019F908B1254CD6E70C9BFBB1002FE2D071
:10422000012239466846F0F741FA04460028C7D112
:1042300042460C9903A8F0F7F9F904460028BFD1CB
:1042400003A96A460846F0F7F7FD04460028B7D1EF
:10425000014603A8F0F7F6F80028DBD10D9B0BB35D
:10426000002DC0D0002FBED03A460D996846F0F719
:1042700035FA04460028A3D1012269466846F0F7C2
:1042800015FA044600289BD12A4669466846F0F78D
:10429000D3FD0446002893D101466846F0F7D2F8D2
:1042A0000028B7D100248EE780BFFFFF00BEFFFFCC
:1042B0005C2200210EF0E0BC10B15C21FDF74EBC89
:1042C000704700BF08B55C220EF0B2FC08BD00BF0D
:1042D000F0B403460022074F074E1046074D084C26
:1042E00008499F60DE601D615C6199611A605A60D7
:1042F000F0BC70470123456789ABCDEFFEDCBA986F
:1043000076543210F0E1D2C32DE9F04F4B789BB0D8
:104310000D781B0491F803E04C7943EA05658E782B
:1043200091F80480240445EA0E0591F807C04B7A01
:1043300044EA086445EA06224E7B8F7944EA0C0C75
:1043400091F808A0360491F80CE01B0491F80FB026
:104350004CEA072491F80B9043EA0A6346EA0E659B
:1043600091F80A800B9443EA090945EA0B064C7C54
:104370004D7D49EA082391F810A0240491F8148097
:104380002D048F7B44EA0A64069345EA0865CB7CDA
:1043900091F817A091F812E01C43049245EA0A0A2A
:1043A00046EA07228F7D4B7E44EA0E244AEA072E16
:1043B0000E7E0D921B047246019043EA066391F84B
:1043C0001B800F9202F1B54291F81AC043EA08032C
:1043D0004D7F02F51E320E9443EA0C230C7F2D0410
:1043E00002F29912CF7F45EA04648E7F14921A4636
:1043F00044EA070591F821E002F1B54791F820B0B1
:1044000091F8253045EA062607F51E374FEA0E4E8D
:1044100091F823901B0407F2991791F824A01092A9
:10442000324615974EEA0B6791F8295043EA0A6322
:1044300091F822C047EA090E91F827402D0491F81F
:1044400028604EEA0C2E119202F1B54291F82680B6
:10445000234391F82DC045EA066502F51E3291F816
:10446000316091F82C9043EA082891F8304002F22C
:1044700099124FEA0C4C91F82BB0360491F82A703F
:1044800091F82FA04CEA096C199246EA046672462C
:10449000CDF81C8091F82EE045EA0B0891F83330F6
:1044A0004CEA0A0C91F832B048EA07281E4391F80A
:1044B00035704CEA0E2E91F8345046EA0B2691F8EE
:1044C000369091F838A03F0491F83940002091F8D7
:1044D0003BC047EA056791F83C3091F83FB0CDF812
:1044E0002080CDF824E091F8378091F83AE00A96E0
:1044F00047EA080591F83D6091F83E1045EA092821
:10450000129336041391019902948F68029C3B46E2
:104510000F46C96824043D69169144EA0A6405956A
:104520007D6944EA0C04CDF808804FEAB3080C9585
:104530004FEAB105B96944EA0E2E179105990C9F0F
:1045400001F1B5498A464F40069909F51E39CDF863
:104550000CE00C9C8AEA050E09F299191893A24600
:104560000EEA030E8944169907EA010C1799DC4FED
:104570008CEA0404CF19049907EBF367129B12929B
:1045800046EA03662744059B5446DFF854A346EAEF
:104590000B0C8EEA030E0E46A2440C46069985EAE1
:1045A00008033C44D64486EA01070B9E13994FEA60
:1045B000B40A2340DFF828B34CEA012C0EEB0601C5
:1045C000DFF81CE36B4001EBF46188EA0A04AE44B7
:1045D000149DCDF810C099444FEAB10C05EB0A06C2
:1045E0000C400D9D09EBF163159984EA0804AE4473
:1045F0008AEA0C05C344A64488461D400E994FEA3A
:10460000B30457400EEBF36E8B44199B85EA0A09FD
:1046100002998CEA04059A46D9444FEABE0305EA9A
:104620000E0509EBFE694F4002F1B54E84EA030125
:104630000B9AE04401EA090185EA0C0594460D9ABB
:10464000A2444C408CEA020C079A354404EB080162
:1046500002F1B5444FEAB90605EBF9690EF51E3EC5
:1046600004F51E3483EA06054FEAB9080EF2991ED6
:1046700004F2991401EBF96105EA09058CEA020CD0
:1046800004EB060986EA0804089A5D400C400EEB2C
:10469000030B55444FEAB10384EA060E02F1B54616
:1046A00005EBF16588EA030A06F51E3609994FEA1B
:1046B000F777DE4406F299160AEA050B884C4FEAB2
:1046C000B50A0EEBF56E0B970C198BEA080706EB93
:1046D000080183EA0A064F444FEABE0906EA0E06BD
:1046E00004EB030B07EBFE678AEA090473400A9D9B
:1046F0003C404FEAB70E5E18029984EA0A0805F1B9
:10470000B54501F1B54106EBF76789EA0E03039E53
:1047100008EB0B0405F51E3501F51E31DFF8C0B1BD
:104720003B4005F2991501F29911B344069E4FEAF8
:10473000B708554483EA090301EB090AB1460E9E06
:1047400004EBF7648EEA0801F34489EA06095E196E
:10475000039B4FEAB40706EBF46621408CEA030C96
:10476000049C5F4B81EA0E0188EA07054FEAFC7C56
:10477000E3180B9C5144354004F1B54E4FEAB604A2
:1047800001EBF66103EB080A87EA040385EA0805F2
:104790000EF51E3E049E0B405D444FEAB10B0EF237
:1047A000991E7B4005EBF16584EA0B08774453447E
:1047B0004FEAB50108EA050889EA020903EBF56347
:1047C0000D9D6246DFF818A1AE460F9D89EA0609E5
:1047D00092448BEA01068EEA050C88EA0408099DDA
:1047E0001E404FEAF97EB8448CEA050C4FEAB30745
:1047F0000AEB04050B9C08EBF3680D9281EA0703B2
:1048000072468CEA040C86EA0B0E109C0E9E4FEA50
:10481000FC7CAE4403EA080574400A9B304E4FEA24
:10482000B8095C400F9B0E92961962469C46119BFC
:104830000EEBF86E0F9206EB0B088CEA030A85EA82
:1048400001030D9D87EA090C9346254A6C400CEA4A
:104850000E0C029D5A444FEAF474109E11448AEAE9
:10486000050A06948CEA070C0E9D4344129C8C4466
:104870008AEA050A069986EA04081A4D039C03EBA6
:10488000FE664D194FEABE0E0F9988EA040889EAC0
:104890000E034FEAFA7A88EA010811994FEAB60B3B
:1048A00052460CEBF66C8A46734007990D4E4FEA60
:1048B000F878049C8AEA010110929619129A6140D4
:1048C000CDF844803D449046089A069C8EEA0B073A
:1048D00088EA02081D44614006EB090304E000BFBA
:1048E0009979825AA1EBD96E0B9E4FEABC094FEA27
:1048F000F171119C87EA0C07DFF8E0A40A460799DA
:1049000088EA0608109E05EBFC65A2441F448C460D
:104910008BEA0903099988EA060807EBF5670D9EFB
:10492000D6448CEA010C6B404FEAB505DFF8ACA425
:104930004FEAF8788CEA060C734489EA0506CDF84C
:104940001C80924403EBF76311924FEAB708089A70
:104950007E40079FDA448CEA040C964607F1DD4B53
:104960000A9A4FEAFC7C12940BF5B30B0E9C8EEA6C
:10497000020E099A61468EEA040E0BF5D74B029C93
:10498000944685EA0807119A8CEA040C0BF1210B76
:104990000F9C8EEA020ECB4487EA03098CEA040CD2
:1049A000079C4FEAB3075644D9444FEAFE7E8CEA8F
:1049B000040CDFF828B40A9C724606EBF3668B44BD
:1049C00088EA0703A646039C5D4483EA060B069B20
:1049D0008EEA040E09EBF6694FEAFC7C029C4FEA72
:1049E000B6068EEA030302F1DD4ECDF820C04B403F
:1049F0000BEB050C0EF5B30E87EA060B049D0CEBD2
:104A0000F96C4FEAB90A0EF5D74E8BEA09096540F1
:104A10004FEAF373089CDFF8C4B30EF1210E029342
:104A2000A344109B039CF04414915D4086EA0A0164
:104A3000A6460B9C554015925F44029A8EEA0403E9
:104A400081EA0C0E1299C8444FEABC094B407744E6
:104A500002F1DD4E4FEAF572089D08EBFC680EF599
:104A6000B30E8AEA090B6B40049D0EF5D74E07EB97
:104A7000F8674FEAF373AC460D9D8BEA080B13936E
:104A80004FEAB808D54B8CEA050C119D0EF1210EAA
:104A9000D31812928CEA050C029A9A44139B89EA65
:104AA0000805764403F1DD438CEA020C4FEAB70EA9
:104AB0007D405E4403F5B303A3464FEAFC7C0E9CA5
:104AC00006EBF766AA4488EA0E0703F5D743CDF84C
:104AD0000CC08BEA040B079C4FEAB60577400AEB43
:104AE000F66A2133039E8BEA040B0D9C4B4406F1BE
:104AF000DD49129AA4460F9C09F5B3093B448CEAA0
:104B0000040C149C09F5D749139F8CEA040C8EEA17
:104B1000050609F1210903EBFA638CEA070C8BEA1D
:104B2000020B86EA0A07C8444FEABA0A0E9C4FEA0B
:104B3000FC7C069A85EA0A064FEAFB7BB844CDF86E
:104B400024C0CDF810B04FEAB30C08EBF36884EA48
:104B5000020B7340159A099E039C8BEA020B049F7B
:104B600006F1DD468BEA040B0F9C07F1DD4706F5E5
:104B7000B306A146109C07F5B30706F5D746089A79
:104B800089EA040921364FEAFB7B07F5D747069CE3
:104B9000CDF834B089EA020921373544049E4C40EF
:104BA000BE448AEA0C0789EA0609029E73440D9AFC
:104BB0007440099E4FEAB80B87EA080703EBF863D5
:104BC00074404FEAF979109EDFF810828CEA0B0EE0
:104BD0003D444F469044B146119E8EEA030EC244B6
:104BE00005EBF36589EA0609129E4FEAB303F24426
:104BF00089EA06098E46794E4FEAF47407990AEB62
:104C0000F56A0E97BE198EEA01088BEA030713991D
:104C100089EA02090F944FEAB50488EA01087D4049
:104C20001499B444119F4FEAF9790F9A83EA040E5C
:104C30004F406A4ECDF818908EEA0A0E39460E9F04
:104C400096194FEABA0988EA0708039F6544B344F6
:104C50007940069EDFF884C105EBFA6584EA09070E
:104C6000F344B44451400BEBF56B6F4063444FEA9F
:104C7000B5054FEAF171079E159A3B440B9189EAFD
:104C800005014FEAF87EDFF854A14FEABB0786EA38
:104C9000020803EBFB630B9A81EA0B0B0499CDF836
:104CA00028E0F24488EA01089646149954444B4A95
:104CB00085EA0706A3440A9C72448E4608995E4022
:104CC0004A440BEBF36B8EEA010C069932444FEA2F
:104CD000B30388EA01080999DFF8049102EBFB624B
:104CE0008CEA010C4FEAF87E4BEA03014FEABB085D
:104CF0008CEA040C7646159C39404FEAFC7E1096EF
:104D0000DFF8DCA00BEA030BCDF844E0A646029CDA
:104D1000B24442EA080641EA0B0B8EEA040E119CEB
:104D20000B995544A1440D9C06EA030A02EA0806C1
:104D30008EEA040E089C4AEA06064F44A446129CDA
:104D40008EEA010E0E998CEA040C37444FEAFE7E7F
:104D5000139C109E8CEA010C029905EBF265CDF8CC
:104D60001CE08CEA060C81EA040E079E1C495D4497
:104D70004FEAB20271184FEAFC7C0F9E4FEAB50968
:104D800007EBF567CDF808C005EA020B8EEA060EC0
:104D900045EA02066546DFF848C00B4406EA080605
:104DA0001299AC44039D03EBF76347EA090A4D40AF
:104DB00046EA0B01119E07EA090B1944079B8EEA8C
:104DC000060E069E0AEA020AE0447540049E4FEA77
:104DD000FE7EDFF80CC05D4004E000BFA1EBD96EA1
:104DE000DCBC1B8F84EA06030A9C4FEAB7074AEA39
:104DF0000B0AF4446340039C41EA0706D044624432
:104E0000A446099C08EBF168CDF848E006EA0906DB
:104E10004FEAB10E8CEA040C3940029C02EBF862B6
:104E200048EA0E0B634031430B9C0BEA070B11441D
:104E30004FEAF37208EA0E0A4FEAF57503928CEA1C
:104E4000040C049A4BEA0A0A0D9C4FEAB808139521
:104E500005F10F4582EA040B039A05F5DD15129B57
:104E600002F10F4241EA080605F5E6558CEA030C0B
:104E700002F5DD12109B1C354FEAFC7C02F5E65270
:104E800006EA0E064D44CDF810C01C324FEAB109B7
:104E90005544DFF8C4A31744099A05EBF165E244D1
:104EA00001EA080194460E9A8BEA030BD64445EAC0
:104EB00009038CEA020C46EA0102139907EBF56735
:104EC00005EA090603EA08038BEA010A11993A4444
:104ED000039F4FEAFA7A8CEA010C33434FEAB50696
:104EE000CDF824A05146DFF870A38CEA070B734479
:104EF00042EA06078A4421460F9C4FEAFB7E03EBF9
:104F0000F26307EA090781EA0405D3494FEAB20CC4
:104F100032407144CDF834E03A43D044089143EA3A
:104F20000C0A079903EA0C0B089F0AEA060A4D408F
:104F30000E994F4408EBF3688E4606994AEA0B0B2C
:104F400002EB080A8EEA0101BE46049F0BEB0E0934
:104F50007D40029F09EBFA694FEAF5727940099D9D
:104F600008920A9A81EA05074FEAB301BA4D129BEB
:104F700084EA0208089A88EA03084FEAF773551989
:104F80004FEABA024AEA0107069C354403F10F468C
:104F900049EA020B0AEA010A06F5DD160E930BEA4E
:104FA000010B09EA020306F5E65607EA0C0705EBD2
:104FB000F9654BEA03031C36A64647EA0A070B9C31
:104FC000B4440D9E2F448EEA040E88EA0606139C14
:104FD0009C44A14B4FEAF6758EEA040E089E4FEAF8
:104FE000B9090F95EB180A9D8EEA060E0B449A49F3
:104FF000A846109D4FEAFE7E88EA050647EA0905A5
:105000000CEBF76C71444FEAB70B154007EA090740
:10501000CDF828E006914CEA0B0803993D43069F22
:1050200008EA090A4E400B9C3A440E9F0CEA0B0812
:10503000A6467E40119C03EBFC63049F4FEAF67684
:105040008EEA04014AEA080805EB030A3346109D7C
:105050000F9E79400B9303F10F4381EA060E424401
:105060000799A84603F5DD1302EBFA624FEABC0686
:10507000099D4FEABA0788EA010803F5E6534FEAAB
:10508000FE7E88EA050C42EA07014AEA06051C335F
:10509000DFF8C4810AEA060ACDF818E0994405EA67
:1050A0000B0502EA0703F0443140A646029C09EBD7
:1050B000F26945EA0A0519438EEA040E0D9BD844AD
:1050C0000A9C8EEA030E05EB09030B9D01EB080A0F
:1050D0008CEA040C4FEAB2088EEA050B129A079983
:1050E0004FEAFC7C4FEAFB7B43EA080981EA0205B0
:1050F000089A59464FEAB30E0AEBF36A64465540E4
:10510000DFF854C101F10F4210944AEA0E0BA44497
:1051100002F5DD12029C1191B44406990BEA0806CF
:1051200002F5E652A346139C4D401C3209EA0709DA
:105130008BEA04010AEA0E0B3A4403EA08034FEA39
:10514000F57546EA0B0B0CEBFA6C49EA03032F46A4
:1051500093440E9D03EB0C09129A4FEABA0A109E73
:1051600069409446039D714012978CEA05060F9D95
:1051700049EA0A0307F10F426E402546049C09EAFA
:105180000A0702F5DD120BEBF96B65404FEAF1748B
:1051900003EA0E0102F5E65202944FEAB90C119CA3
:1051A0001C32029B4BEA0C0966400A9C424409EA05
:1051B0000A096540284C02EBFB621C1941EA07030F
:1051C0004FEAF671099E03EB02080BEA0C07079100
:1051D0007444129949EA070E204B4FEABB074D4031
:1051E0000399A6444FEAB8044E400B994FEAF57272
:1051F0008CEA07054E40029903920EEBF86E4E4082
:105200000499079A89464FEAF6760D991A4404964E
:1052100089EA0109069E02EB0A0185EA080289EA89
:105220000609099E0A440799B246089E89EA0109BF
:1052300010998AEA060A039D87EA04084FEABE0627
:105240008AEA010A02EBFE61049A1D4488EA0E080C
:105250009646039A654403E0DCBC1B8FD6C162CA44
:105260004FEAF97C8AEA020A0D9ACDF824C0A844D4
:105270009E4484EA060594460E9A0EEB070B4FEA0D
:10528000B10785EA010E8CEA0202099D08EBF16C78
:105290001199DE4405EB030B049D4A404FEAFA786E
:1052A000A3444FEABC016A40089DCDF8348086EAE9
:1052B0000708A94613920F9D0EEBFC6E0D9A88EA23
:1052C0000C0889EA050587EA010C02EB0309139A29
:1052D0008CEA0E0CC3444FEAF274129AB1444FEABE
:1052E000BE08089455400A9CCC440E9A0BEBFE6B0A
:1052F000089E81EA080E5440099AB1460D9E554019
:10530000029A99448EEA0B0E54404FEAF57A0B9AB2
:105310004F440F9D74400AEB030985EA02064FEAE9
:10532000F4750CEBFB620EEB070C0E954FEABB0B12
:10533000079D49444FEAB20788EA0B046E40089D76
:105340000CEBF26C54406E400A9D8BEA0702AE46AD
:105350004FEAF676069D82EA0C020A968EEA050E60
:10536000039E0E9D8EEA060E0B9E1D44B146109EB6
:10537000A844049D89EA06068EEA0A0E04EB010998
:105380000A996E400E9D4FEAFE7E19446E40069DBE
:1053900009EBFC69CDF82CE04244AE46119D8B44EC
:1053A0004FEAF6718EEA050E02EBF9654FEABC048E
:1053B0000F914FEAB50609990B9A87EA04088EEA1D
:1053C000010E06960A9E88EA09084FEAB909D11823
:1053D0008EEA060E109E84EA0902D844B446129E54
:1053E00008EBF5686A408CEA060C0D9D39444FEADB
:1053F000FE7E0F9F8CEA050C119D1144CDF840E014
:105400001F44AE46029D069E4FEAB80B8EEA050E7B
:105410003D190B9C89EA0606109A01EBF8618CEAAB
:10542000040C089C86EA080790468EEA040E069C47
:1054300098442F4484EA0B020F9C129DC1448EEACB
:10544000040E4A40079C4FEAFC7C4A4407EBF16794
:105450006540029E11924FEAB101109A85EA0A0551
:105460000CEB030AB1465540069A039E8BEA0104F1
:105470009244119A89EA06064FEAB70802EBF762EE
:105480007C404FEAFE7E81EA08070692A2440E9A0B
:105490000EEB0309069C56404FEAF572079D6740E4
:1054A0000292D9442A46049D4FEAB40B86EA0C06C0
:1054B00055400A9AB94455400AEBF462029C4FEAFF
:1054C000F67A85EA0E0E099EA44688EA0B04039D2F
:1054D00009EBF2699C44544075404FEAB2026144C2
:1054E0000AEB03078BEA02064FEAFE7E21444FEAED
:1054F000B904B8440EEB030C039182EA04070B993C
:10550000E3444D40039901EBF96186EA0909029EE3
:10551000C8444FEAB10C7540049E4F4008EBF1615E
:10552000029584EA0C080D9DBB44109F6E400F9DB0
:105530000BEBF16B6E40099DA946089D86EA0A06B1
:105540004FEABB0A89EA0509029D03EBF67603EBF5
:10555000F57589EA07092644154488EA010289EAB3
:105560000E094FEAB1011544189A8CEA010781EA45
:105570000A08134405EBFB6587EA0B0B019F03EB5D
:10558000F979059B88EA05085E4403EBB5040C9B9A
:10559000E14406EBF5651A46179B09EB080C3C61E4
:1055A0001944169B52442B440CEBF5657A61FB6061
:1055B000BD60B9611BB0BDE8F08F00BF2DE9F843B5
:1055C0000368064614460D4603F03F0713449A420B
:1055D000C7F14008036002D9436801334360DFB17B
:1055E000A04519D806F11C092946424609EB0700D7
:1055F0000DF01EFB49463046FEF786FE80B9C8EB2B
:105600000404454407463F2C08D929463046403C0F
:105610004035FEF779FE18B93F2CF6D814B920466C
:10562000BDE8F88306F11C002246294638440DF0F7
:10563000FFFA0020BDE8F88302B1BFE710467047CB
:10564000F8B50446006880220D4600F03F0004F1E2
:105650001C062318013038281A7755D8C0F13802B3
:10566000002130440DF008FB23683146666820466F
:105670005A0FDB0042EAC6021F0E84F85B30160E9A
:1056800084F8572084F85870170C84F85460120A74
:105690001E0C84F855701B0A84F8562084F8596053
:1056A00084F85A30FEF730FE00282CD1E37A2B70B4
:1056B00063896B70A3681B0AAB70A368EB70E37B14
:1056C0002B71E3896B71E3681B0AAB71E368EB71C3
:1056D000E37C2B72638A6B7223691B0AAB722369AA
:1056E000EB72E37D2B73E38A6B7363691B0AAB7305
:1056F0006369EB73E37E2B74638B6B74A3691B0A82
:10570000AB74A369EB74F8BDC0F1400200213044D2
:105710000DF0B2FA31462046FEF7F6FD0028F2D130
:105720000146382230460DF0A7FA9DE770B40023F9
:10573000064E074D074C0849084A8660C56004615B
:10574000416182610360436070BC7047012345671B
:1057500089ABCDEFFEDCBA9876543210F0E1D2C3BB
:1057600002B970472AE700BFFFF76ABFFEF7CCBD5A
:1057700070B598B006460C46154600215C2201A87B
:105780000DF07AFA124B1348039303F1B94312490F
:1057900003F55B23114A049003F6EF63059106922B
:1057A00007935CB9294601A8FFF74AFF044601A800
:1057B0005C21FCF7D3F9204618B070BD2246314673
:1057C00001A8FFF7FBFE04460028F0D1EAE700BF7E
:1057D0000123456789ABCDEFFEDCBA9876543210D1
:1057E000FFF7C6BF2DE9F04F0024ADF2744D394DDF
:1057F00007465C2205A82146DFF8F4B005F13C0815
:10580000DFF8F0A0DFF8F0900DF036FA002F3CD171
:10581000314A0023022CCDF81CB00A922F4ACDF851
:1058200020A0CDF824900B92059306933CD02C4BEE
:1058300053F82420E2B905A86946FFF701FF0646A0
:10584000E8B96846142229460DF0FEF950BB0FBB9B
:105850000134143508F13908032CD7D1F7B905A85C
:105860005C21FCF77BF930460DF2744DBDE8F08FFA
:10587000414605A8FFF7A2FE06460028DBD0002F10
:10588000EDD018480DF0DCF9E9E7611C16480DF081
:105890001BFABDE715480DF0D3F9D9E70A200DF042
:1058A000FFF9DCE70126EAE74FF47A7361211CA8CF
:1058B0001A461E460DF0E0F902E0731E1E46BAD0ED
:1058C0004FF47A721CA905A8FFF778FE0028F4D0DF
:1058D0000646D4E7F0D8026076543210F0E1D2C325
:1058E000D8D90260FC1C0020B4380020AC1C002079
:1058F0000123456789ABCDEFFEDCBA986C2200210D
:105900000DF0BAB910B16C21FCF728B9704700BF8F
:1059100008B56C220DF08CF908BD00BF0023F0B46F
:105920000360436099B1124A124B8260C360124F08
:10593000124E134D134C144A144B07614661856196
:10594000C4610262436281660020F0BC7047104B64
:10595000104AC360A3F1BF438260A3F5DC230E4F5E
:105960000E4E0F4DA3F5B6730E4C0F4AE5E700BF80
:10597000D89E05C107D57C3617DD703039590EF732
:10598000310BC0FF11155868A78FF964A44FFABEF8
:1059900085AE67BB67E6096A72F36E3C3AF54FA5C0
:1059A0007F520E518C68059BABD9831F2DE9F04FB8
:1059B000D7B0031D24300DAA0D9353F8044F834232
:1059C00042F8044FF9D1013115AD25AE0878043104
:1059D00011F8053C000411F8022C11F8034C40EAC0
:1059E0000363134343EA042345F8043FAE42EDD179
:1059F0000022CB4B16A8DFF85CA30092159A8646CE
:105A000006931446139A0A931746C64A149B0992A2
:105A1000C54A1D460F9B0892C44A1946CDF80CA0F2
:105A2000A2460792C24ADDF848800592C14ADDF8D5
:105A300038900492C04ADDF840B00292119BBF4AF0
:105A40000B90019287EA05004FEAF826009A0DF1C3
:105A5000580C86EAB81600EA08005CF822400832C2
:105A600086EA78666840009288EA070C3044019A1A
:105A70004FEA79360EF1200E20445EF81C4C86EA7F
:105A8000B906504449EA010A86EAB9562C44104442
:105A90000AEA0B0209EA010A034442EA0A0A0CEA8A
:105AA000030C4FEAF325B24483EA08068CEA070C9C
:105AB00085EAB31550440CEB040285EA73655EF881
:105AC000184C40EA090A4FEA703C2A442744039CD8
:105AD0000AEA010A00EA090522448CEAB00C5EF8E1
:105AE000144C4AEA050593448CEAB05C08EB040ABE
:105AF000AC4406EA0B044FEAFB265EF8105C9444C3
:105B000084EA080486EABB165D1940EA0C022744C1
:105B100086EA7B6600EA0C084FEA7C3402EA090256
:105B20003744019584EABC06029C83EA0B053C4499
:105B300086EABC5642EA08075EF8082C214437443E
:105B40005EF80C6C5E4427448C18029605EA010648
:105B50004FEAF125039473404CEA070685EAB11534
:105B600003EB0A044FEA773285EA716A06EA00031A
:105B7000049E82EAB70554440CEA070A8BEA010244
:105B800085EAB755344443EA0A085EF8046CA14438
:105B9000A844019D02EA090A4FEAF923A04409EB4F
:105BA00006048AEA0B0B83EAB913049447EA080A4D
:105BB000AB4483EA7963059C4FEA78365B440AEA92
:105BC0000C0AA34607EA080586EAB80681EA090234
:105BD0009B444AEA050586EAB85300EB0B0A2B44BE
:105BE00002EA0A024FEAFA205B4489EA0A045140B9
:105BF00080EABA10029A48EA030680EA7A60114401
:105C00004FEA733508EA03023E40014485EAB305D2
:105C10000798164385EAB35B01445E440CEB01052B
:105C200006EB010B03992C404FEAF52043EA0B0CDD
:105C30008AEA050684EA090980EAB5100CEA080C2C
:105C40004FEA7B3409EB010280EA756003EA0B013D
:105C500084EABB0402444CEA010C089984EABB5470
:105C60000A4404EB0C01049C174411443E404FEAE3
:105C7000F7224FEA71394BEA010086EA0A0682EA06
:105C8000B7120BEA010C1840264482EA776289EACF
:105C9000B10440EA0C001644099A84EAB15416444F
:105CA000009A2044102AB04400EB060940F0B98263
:105CB0002A461495224D00260B980C95A5F1D25535
:105CC000DFF894E0A5F50D25CDF808A0CDF854A097
:105CD000BA46A5F6FE65CDF840B0CDF848800B95E4
:105CE000184DCDF838900A95A5F1E455CDF800800F
:105CF000D846A5F53525CDF80490CDF814E09B469F
:105D0000A5F63B0504961193914609958E460E4DD6
:105D1000139708950D4D0F9107950D4D039531E0A3
:105D2000E4D90260D55E1CABA4823F92F111F15917
:105D30005BC25639A5DBB5E9CFFBC0B5982F8A42C7
:105D4000DA88F976AA84744ACCA10C24C69DC10FC6
:105D50008647BEEF91443771C1699BE4069A136C84
:105D600005931346526C194603921A469B6C07938F
:105D7000D36C126D08934B6D09920A938B6D0B9344
:105D8000CB6D0C9306990DF1580C009B20302031FF
:105D900050F81C4C42684FEAF32606914FEAB4478C
:105DA000816987EAF4174FEAF145049987EAD40735
:105DB0005CF8213081691344826985EA71458AEA79
:105DC000090150F818CC85EA9225009A2B4411401D
:105DD00086EAB2163B44049F86EA726681EA0902AB
:105DE00003620837C3693244C6694FEAF3458368E2
:105DF000049785EA76412344066AC46932444FEA2F
:105E0000BC4681EA9421029C86EAFC16019F22444A
:105E1000059C86EADC060B441444026A009933446C
:105E200002944FEAF244029A81EA0A05436202EBC5
:105E30000B01026AC36884EA72440D40426A4FEA69
:105E4000F1269C4485EA0A054A4486EAB116019B7C
:105E500047EA0E0986EA716615444FEA733307EA8A
:105E60000E02354450F8146C83EAB703076A4FEA10
:105E7000B64609EA080984EA9724039F49EA020220
:105E80000591BB46A444AB4450F8145C5F4686EAD7
:105E9000F516AB46019D83EAB5593B4686EADB061B
:105EA00043444A4466441D46009B86621C462E4677
:105EB0004FEAF5254C40029903960A442640816A30
:105EC0005E40019B01EB0A04039942EA03094FEA91
:105ED00072383444466A8C4685EAB1114FEAF64B73
:105EE000466A81EA7C6109EA0E098BEA764B50F832
:105EF000146C02EA030588EAB208334606690C44CA
:105F000088EAB25850F8101C49EA050503EB060967
:105F1000466A079B45448BEA962623444FEAB14ADA
:105F200006EB090BEC1903EB0E069C46059F8AEA6B
:105F3000F11A039B4FEAF62E8AEAD10A87EA03098F
:105F40002346019F1443029309EA06094FEA733876
:105F50000BEB0A0304EA070B059C029D8EEAB61EB2
:105F600089EA0409009C02EA050AC3621C19836AD3
:105F70008EEA766EA1444BEA0A044FEAF34ACE4415
:105F800088EAB5088AEA734A089B88EAB5589E44AD
:105F900050F80C3C44444FEAB34943690EEB070503
:105FA00064441944836A029F8AEA932850F80C3C9F
:105FB00089EAF31CB94608EB010A274649EA040BB3
:105FC0008CEAD30C4FEA743903990AEB0C0300975F
:105FD00089EAB409029C036381EA0608036B04EAB8
:105FE0000701059F08EA05082C464FEAF52C1F44D7
:105FF000039B0BEA020B009D88EA0308C36A8CEA44
:10600000B41A4BEA01014FEAF34CC36A89EAB55965
:1060100005948CEA734C50F8083C8AEA746A494447
:1060200050F80C4C47444FEAB349836957447144D4
:1060300003EB040B009C099B4FEA713E059D44EA6B
:1060400001081F4423468EEAB10E019103EA010ABA
:10605000C36A3A448EEAB15E8CEA932C50F8083C4D
:106060001446029A89EAF319DC4408EA020886EA2F
:10607000050289EAD30948EA0A088A460CEB0903B3
:1060800002EA0409039AF04443634FEAF42C1A44E9
:1060900008EB070B8CEAB41C50F8047C134689EA21
:1060A0000602016B8CEA746C1A44036B4FEA7B386E
:1060B0004FEAF34E3B4662444AEA0B078EEA714EC2
:1060C0000393C1694FEAB34C50F8083C0AEA0B0A43
:1060D00088EABB0819440A9B88EABB581A44009B0B
:1060E0001F40036B8EEA932E029B47EA0A07029435
:1060F0009946039B8E4429468CEAF31C91446540E3
:10610000B8448CEAD30C039C05EA09054FEAF92749
:10611000F44490444D40416B664487EAB912019BB8
:106120004BEA080E2E444FEAF14582EA79620BEA07
:10613000080A85EA7145016A16440EEA030E0C440A
:1061400001684FEA78374EEA0A0E4FEAB1420B99DE
:10615000234687EAB8070E44416B87EAB857C0F870
:1061600038C085EA91250099BE4431442B44029DF4
:10617000B6448A46016885EA090748EA0E0682EABB
:10618000F1124FEAFA2407EA0A0782EAD10206EA84
:106190000B066F4084EABA151344059A08EA0E010B
:1061A00085EA7A65D4184FEA7E320E430C993C4456
:1061B00082EABE02049F82EABE522C44302FC3639F
:1061C0000C441644019A2244009206EB0402019208
:1061D0007FF4C4AD5A464D46C346029B0D9C0EA9A2
:1061E00015930023119222461495CDF840B0CDF8B6
:1061F0004CA0CDF83CE09DE80003CDF8488048462F
:10620000CDF8389001E051F8040F52F8045F0133E3
:106210002844082B44F8040FF5D1002057B0BDE8FE
:10622000F08F0A9C226A0192626A0392A26A029229
:10623000E26A0492226B0592626B0792A26B08924B
:10624000E26B099204F120020A92FFF7FBBB00BF48
:106250002DE9F8430368064614460D4603F03F0750
:1062600013449A42C7F14008036002D943680133DE
:106270004360DFB1A04519D806F1280929464246F6
:1062800009EB07000CF0D4FC49463046FFF78EFBC3
:1062900080B9C8EB0404454407463F2C08D9294679
:1062A0003046403C4035FFF781FB18B93F2CF6D80B
:1062B00014B92046BDE8F88306F128002246294695
:1062C00038440CF0B5FC0020BDE8F88302B1BFE70C
:1062D00010467047F8B50446006880220D4600F06D
:1062E0003F0004F1280623180130382883F82820BD
:1062F00075D8C0F13802002130440CF0BDFC236891
:106300003146666820465A0FDB0042EAC6021F0E7D
:1063100084F86730160E84F8632084F86470170CD4
:1063200084F86060120A1E0C84F861701B0A84F8FD
:10633000622084F8656084F86630FFF737FB034617
:10634000002858D1E27A2A7062896A70A268120A1B
:10635000AA70A268EA70E27B2A71E2896A71E26837
:10636000120AAA71E268EA71E27C2A72628A6A728F
:106370002269120AAA722269EA72E27D2A73E28A0B
:106380006A736269120AAA736269EA73E27E2A7406
:10639000628B6A74A269120AAA74A269EA74E27F23
:1063A0002A75E28B6A75E269120AAA75E269EA75D2
:1063B00094F823202A76628C6A76226A120AAA76D8
:1063C000226AEA76A06EB0B994F827302B77E38C76
:1063D0006B77636A1B0AAB77636AEB77F8BDC0F132
:1063E0004002002130440CF047FC31462046FFF7C4
:1063F000DDFA10B1F8BD1846F8BD01463822304626
:106400000CF03AFC7BE700BF0023F0B4036043606C
:1064100091B1114A114B8260C360114F114E124D60
:10642000124C134A134B076146618561C4610262D5
:1064300043628166F0BC70470F4B104AC360A3F102
:10644000BF438260A3F5DC230D4F0E4E0E4DA3F526
:10645000B6730E4C0E4AE6E7D89E05C107D57C36CA
:1064600017DD703039590EF7310BC0FF1115586820
:10647000A78FF964A44FFABE85AE67BB67E6096AC9
:1064800072F36E3C3AF54FA57F520E518C68059B16
:10649000ABD9831F02B97047DAE600BFFFF71ABF16
:1064A000FFF784BAF0B59DB01C4607460D46164668
:1064B00001A86C2200210CF0DFFB14BB214B224A07
:1064C0000493224B2249079303F12D63039203F5B2
:1064D0001E33204A0591069203F29A231E491F4A51
:1064E000089109920A931B9415BB314601A8FFF746
:1064F000F1FE044601A86C21FBF730FB20461DB0DD
:10650000F0BD1749174A184B059101F13721039245
:10651000049301F56701154A154BFA31069207936A
:10652000144A154B089109920A931B94002DDCD054
:106530002A46394601A8FFF78BFE04460028D9D128
:10654000D3E700BF85AE67BB67E6096A7F520E518D
:1065500072F36E3C3AF54FA58C68059BABD9831F4F
:1065600017DD7030D89E05C107D57C3639590EF736
:10657000310BC0FFA78FF964A44FFABEFFF792BF9B
:106580002DE9F04F0121A5B081464FF480600CF059
:106590009FFB002800F0B880002407466C2209A861
:1065A0002146DFF8D881DFF8D8A10CF065FB8AFB23
:1065B0000435022CA5EBE475CCBF0026012605EBC3
:1065C0004505651BB9F1000F40F081800023022CC6
:1065D00009930A9344DD5749022D574A574B0C91B2
:1065E000A1F1BF410B92A1F5DC21554A0D93554B0A
:1065F000A1F5B6710E920F93534A544B129110921B
:106600001193239649D0524B03EB8502D2F8C02157
:10661000002A64D109A801A9FFF75CFE834600287F
:106620004ED1C6F1080201A8414692000CF00CFBC5
:10663000002879D1B9F1000F62D1013408F12008A6
:10664000062CB4D1B9F1000F65D109A86C21FBF774
:1066500085FA38460CF020FB584625B0BDE8F08F8F
:106660003C49022D3C4B0C9101F179413B4A01F52B
:1066700074010B933A4B01F501610E920F930D914A
:1066800001F13721374A01F56701374B119201F1CA
:10669000FA01129323961091B5D14FF47A756121C6
:1066A00038462A460CF0E8FA01E0013DB2D04FF43A
:1066B0007A72394609A8FFF7CBFD0028F5D083464A
:1066C000B9F1000FC1D029480CF0BAFABDE7C6F104
:1066D00008016A1C264849010CF0F6FA76E7C5EB7A
:1066E000C50103F5E67309A805EBC1011944FFF7DD
:1066F000AFFD834600288DD0B9F1000FA5D0E2E7A9
:106700001C480CF09DFA98E7B9F1000F07D1012061
:1067100025B0BDE8F08F0A200CF0C2FA95E71648C4
:106720000CF08EFA012098E74FF0010BB9F1000F41
:106730008BD0C8E785AE67BB67E6096A72F36E3C2B
:106740003AF54FA57F520E518C68059BABD9831F3C
:10675000E4D9026007D57C36D89E05C139590EF7B9
:10676000310BC0FFA78FF964A44FFABEFC1C0020B8
:10677000E4380020AC1C0020C8380020E4DA0260B5
:106780005655555500000000D82200210CF074BA6F
:1067900010B1D821FBF7E2B9704700BF08B5D82285
:1067A0000CF046FA08BD00BF00220023F0B4C0E997
:1067B0000023C0E9022300292CD0C0F8D0102CA55A
:1067C000D5E900452CA3D3E900232DA7D7E900671D
:1067D000C0E90445C0E906232BA5D5E900452CA353
:1067E000D3E90023C0E90867C0E90A452AA7D7E929
:1067F00000672BA5D5E90045C0E90C232AA3D3E9FE
:106800000023C0E90E67C0E91045C0E91223F0BCBF
:106810000020704726A5D5E9004527A3D3E900232A
:1068200027A7D7E90067C0E90445C0E9062326A5E4
:10683000D5E9004526A3D3E90023C0E90867C0E9EC
:106840000A4525A7D7E9006725A5D5E90045C0E990
:106850000C2325A3D3E90023C0E90E67C0E9104546
:10686000C0E91223C0F8D0100020F0BC704700BF70
:10687000D89E05C15D9DBBCB07D57C362A299A627F
:1068800017DD70305A01599139590EF7D8EC2F1590
:10689000310BC0FF6726336711155868874AB48EDD
:1068A000A78FF9640D2E0CDBA44FFABE1D48B54727
:1068B00008C9BCF367E6096A3BA7CA8485AE67BB13
:1068C0002BF894FE72F36E3CF1361D5F3AF54FA53E
:1068D000D182E6AD7F520E511F6C3E2B8C68059B1A
:1068E0006BBD41FBABD9831F79217E1319CDE05BD2
:1068F0002DE9F04FADF2E44D4FF0000A0DF5167B97
:1069000093907491DE46CDF8D8B174994FF0000899
:10691000002301EBCA0711F83A20CDF838800AF1BC
:10692000010A78784FEA0269FC78BAF1100F4FEA51
:106930000041B878FA7943EA09030F914FEA002140
:10694000139442EA080211913C79CDF84080CDF8C9
:106950004880DDE90E0141EA030140EA02000B46EE
:106960004FEA142102464FEA04640B910A94DDE9D0
:106970001001DDE9124540EA020041EA0301024646
:10698000787945EA010544EA02044FEA00412246CB
:106990004FEA10440C910D94BC79DDE90A67DDE9FA
:1069A0000C0146EA020647EA05074FEA146C40EA82
:1069B000060041EA07014FEA042B41EA0C0340EAD2
:1069C0000B02EEE90223A0D10DF5187E0DF5287912
:1069D0000DF53678DDF8D8B10DF5327CCDF848E00C
:1069E000CDF82880CDF830905CF8081F0AF1010A34
:1069F0005EF8084FDCF804208B09CD0C0093D3001F
:106A000045EA42351E46C8000295D50C46EA517645
:106A1000DEF8043040EA5270059645EA4131009EA6
:106A200065084FEAD418049046EA826603919209F9
:106A3000009648EA4368019245EAC3724FEAD319C7
:106A40000692220A42EA0362DDE90467DDE90201F7
:106A500008925A081B0A7040794042EAC47243EA1D
:106A60000463079209930C9BDDE9005645404E40B4
:106A7000FBE9020137462E46F3E90245CDE90E0156
:106A80000C93DDE90801DDE9062342404B40DDE9D6
:106A90000E0182EA080283EA0903001969413546BA
:106AA0002D1847EB0106A81846EB03010A9BBAF123
:106AB000500FE3E902010A9396D1939AD2E9043484
:106AC0009946A24694ABC3E9009A1346D2E906124E
:106AD0008B46944696AAD3E90801C2E900BC86AA6F
:106AE000C2E90001194688A8D3E90A23D1E90C4577
:106AF000C0E900238AAB6246C3E90045D1E90E56DE
:106B00008CAB5446C3E90056D1E910678EABC3E99C
:106B10000067D1E9127890AB5946C3E900784B463B
:106B2000CDE9003486ABCDE90412D3E9000188AB8E
:106B30000022D3E900AB8AAB1092D3E900458CABBD
:106B4000CDE90A45D3E900568EABCDE90801CDE980
:106B500006562CA2D2E90012D3E9006784A890ABB4
:106B6000C0E90012CDE90C6728A2D2E90012D3E9EE
:106B7000007882A8224BCDE90E78C0E9001214A259
:106B8000D2E9001280A8C0E9001213A2D2E90012D3
:106B90007EA8C0E9001212A2D2E900127CA8C0E9C6
:106BA000001211A2D2E900127AA80FF24409D9E921
:106BB0000089C0E9001210A2D2E9001278A8CDE93C
:106BC00002ABC0E900121A46129BCDE9128949E0D6
:106BD00019D005B6F111F15938B548F35BC25639F1
:106BE000BCDB8981A5DBB5E92F3B4DECCFFBC0B504
:106BF00022AE28D7982F8A42CD65EF239144377172
:106C000060DC026018816DDAD55E1CAB9B4F19AF5A
:106C1000A4823F92D2E9100178AC4032CDE9120152
:106C2000D2E90201C4E90001D2E904017AACC4E965
:106C30000001D2E906017CACC4E90001D2E90801F7
:106C40007EACC4E90001D2E90A0180ACC4E90001CC
:106C5000D2E90C0182ACC4E90001D2E90E0184AC96
:106C6000C4E90001DDE90AABDDE90C8951460DF507
:106C7000EC7E46464F46880B4033890C40EA8B40F9
:106C8000DDE90645149074407D40109E5F460BEA96
:106C9000050B083641EA87315D46BB4610965646DD
:106CA0000AEA040A16915946B80B5446B2464646BB
:106CB0004F4640EA8A4066408C0CC9056F405546F5
:106CC000159041EA5A2144EA8A301991E905179052
:106CD00041EA5B21DDE91689DDE914451891594641
:106CE00084EA080485EA0905DDE906BCDDE90089D6
:106CF0008AEA0B0081EA0C01DDE918ABCEE900015C
:106D00008AEA040A8BEA050B1AEB060453E9100120
:106D10004BEB07050019444669414D46240FAF0768
:106D200044EA091EDDE90E56DDE904AB2D18CDF865
:106D300068E048EA0A044E4128464D4631462E0F87
:106D400049EA0B05DDE912AB1AEB000A4BEB010B2C
:106D500047EA98014746C8461D91DC46B907D34625
:106D6000BA4646EA071712911B97DDE90801CDE9FB
:106D70000EBC2040294074ACC4E90001DDE90201E9
:106D8000DDE9046710EB0B00C34641EB0C01044640
:106D90000BEA070940460D4676A90AEA06084FEABB
:106DA000943E4006CDE90245D1E90045DDE90267A0
:106DB00034403D402646129C2F4644EA9B011C91DC
:106DC00074A9D1E90045DDE906BC44EA080445EAB6
:106DD00009058CEA070C8BEA060BDDE90289CDE98F
:106DE000124541464F464EEA89454E46890CDA46E1
:106DF000BF0B209541EA89314D46B60C229147EAF6
:106E000088412191E90546EA883541EA58212395D0
:106E100025910299DDE91C78DDE91A56C9057D4006
:106E2000009F86EA0806A84640EAD7150398B146AF
:106E30001F957E0641EA5021019F2491DDE92045FE
:106E4000DDE922014D404440294646EAD7151E950A
:106E5000DDE9245665404E4028463146DDE91E45B1
:106E600053E90E6784EA080485EA0905A046A946A5
:106E7000DDE90C45A4197D4126462F46DDE9124582
:106E800014EB080445EB090516EB0A06A04647EB90
:106E90000C07A946DDE902BCDDE90A4584EA0B04DA
:106EA00085EA0C05DDE90EAB1AEB080A4BEB090B82
:106EB00080194FEA1A7EDC467941D3464EEA0C1E11
:106EC000DDE900784BEA07094CEA080A0DF5F0788D
:106ED0004E46D8E90089CDF898E018EB000849EB58
:106EE00001096146CDE90E89D846E14689074FEA96
:106EF000887E41EA98014EEA990E2991CDF8A0E0EA
:106F0000DDE904BCDDE900010BEA060B0CEA0A0C22
:106F1000DDE90E67CDE912BCDDE908AB4FEA197C6B
:106F200016EB0A064CEA081C47EB0B07B24646462E
:106F3000CDF89CC0BB464F4606400F404946304600
:106F400049060C913946DDE91267CDE908AB0643E5
:106F50000F430AEA040A0BEA050B30463946544649
:106F60005D46CDE91201DDE90A01DDE908AB6040CB
:106F7000694074AC5746C4E90001DDE9020176AC12
:106F8000BE0B80EA0A0081EA0B01BD0CC4E90001D6
:106F90000C9C414645EA8B3544EAD8142E952B9437
:106FA0004C0646EA8B4144EAD9142C912A945C465B
:106FB000DDE92801DDE92656CDE90C894E40454042
:106FC000D84637462E46A50BA40C45EA8A45DDE98E
:106FD0002A012D95794070400F4644EA8A310646D1
:106FE0005C462F91E405DDE912018019794157468D
:106FF000DDE90E9AFE0519EB00094AEB010A44EAA5
:107000005721DDE92C453191D346CA46DDE92E01F1
:107010004D4049464440080F46EA582130915946B0
:10702000DDE93089890788EA040840EA0B145846EC
:1070300089EA0509329441EA9A01040F50463591D4
:1070400044EA0A148507504633945C4645EA9B059A
:1070500064063495554644EADA14CDE90E89DDE933
:107060000C78379448EA0B08074341463846DDE977
:10707000006706400F40304639466E06DDE9067867
:1070800053E90C4546EADB1E3F1974ACCDF8D8E055
:107090000DF5F47E48EB0508DDE93456CDE90678B8
:1070A000DDE932786F4088EA06083E464746D4E973
:1070B0000089DDE90645CDE906AB14EB080445EB94
:1070C0000905DDE9368988EA060889EA070946469E
:1070D0004F46DDE90E8918EB040849EB05094446E3
:1070E000D0464D46D946DDE90CAB0BEA090B0AEA5E
:1070F000080AD946CC46DEE9008918EB040849EBBA
:10710000050944464AEA00084D464CEA0109404652
:107110004946DDE9048918EB040849EB05093618EE
:107120004FEA983E4F4176A94FEA984CD1E90001C9
:1071300000EA080001EA0901824630198B4647EB54
:10714000050105460E464EEA89414FEA993E3891BF
:10715000DDE902018AEA000A8BEA010B5046594632
:10716000CDE90E01CDE904890599DDE906AB4CEACC
:10717000813150464AEA05083A91594628404BEA7F
:1071800006093140CDE906560F460646DDE90C01F9
:10719000DDE9044500EA080001EA0901A046A94624
:1071A00040EA06044EEA884ECDE912AB4FEA954B11
:1071B000CDF8E4E04FEAC55A41EA070576A9C1E9EE
:1071C000004545464BEA8831DDE908783B914AEABB
:1071D00055216F4088EA09083D91E905BB464F46B5
:1071E000C44641EA5721DDE93A9ADDE938453C9148
:1071F00084EA090485EA0A05DDE9069A57464E46FF
:107200004846B907000FDDE93C9A40EA071E89EAC3
:1072100004098AEA050A74AC3D46CDF8F8E0C4E9F1
:10722000009A34463E0F41EA940146EA041E419119
:107230007906A007CDF8FCE041EAD41140EA950EAA
:10724000439140A9CDF800E14FEA446E42AC4EEACA
:10725000D515D1E90078DDE93E9A53E90A0189EABA
:1072600007098AEA080A42954E465746DDE90A9A16
:1072700019EB00094AEB010A48465146D4E9009A45
:1072800076AC89EA06098AEA070A4E46DDE90E89E4
:10729000D4E9004518EB000849EB0109A41945EBB6
:1072A0000A05264674AC2F46D4E9004514EB0804C1
:1072B00020467CAC45EB0905D4E9009A19EB00099E
:1072C0004AEB050A4846DDE9004514EB090445EBA5
:1072D0000A05A0463418A9460BEA080B47EB0A0535
:1072E00041460CEA090C880B890C40EA894E41EAB8
:1072F0008931CDF810E14FEA994E4691CDE900452C
:10730000DDE906675C466546DDE900BCDDE91201A2
:107310004BEA060B4CEA070C5E466746DDE908BC03
:10732000CDE90A678BEA040B8CEA050C4F4676AE72
:10733000DDE90645CDE90EBCDDE900ABCC46BF0B6F
:107340000AEA040A0BEA050B54465D46DDE90AAB7E
:1073500000EA0A0001EA0B01DDE904AB8AEA080A47
:107360008BEA090BC6E900AB41EA050A4E4674A94F
:1073700040EA0409F60544A848ACC1E9009A47EA86
:107380008841E14645914EEA8831479146EA5821C5
:10739000D0E90056499146A84146D0E900ABC9055D
:1073A00085EA0A0586EA0B0641EA5C2137464891E0
:1073B000DDE900ABCDE90A89594650468907000F3F
:1073C00041EA9A0140EA0B1E50464D915946CDF8CC
:1073D00028E180074906D4E900895C4641EADA11D0
:1073E00088EA050889EA0709240F4F914AA9464609
:1073F00044EA0A1E4F465D464EACCDF82CE140EA09
:107400009B0ED1E900894CA9CDF830E14FEA4A6ED4
:10741000D1E900AB53E9080188EA0A0889EA0B09B7
:107420004EEAD51EC246CB46CDF838E1DDE90289E9
:1074300018EB000849EB010940464946D4E90089A8
:1074400089EA0B0988EA0A084D464446DDE90E9AA6
:1074500019EB00094AEB010A19EB06007EAE4AEB74
:107460000701D6E90089DDE90C6718EB000849EB54
:10747000010916EB0806404647EB09074946B146A5
:1074800074AEBA46D6E900784FEA9A3E3F193C46B8
:107490004F4648EB0508BE0B271848EB0108494644
:1074A00046EA8A458C0C76A95095D1E900BCDDE905
:1074B00000560BEA090B0CEA0A0C3D4346EA0806A3
:1074C00058466146CDE902782F46B046DDE90456BC
:1074D00045404E4044EA8A31AB46B4465291DDE91C
:1074E0000256DDE9000128403140DDE90656CDE9CC
:1074F0000C013D40514606EA08068C0C28463146F0
:1075000076AE5546DDE90A78ED0587EA090788EA8F
:107510000A08C6E90078DDE90C67C846D14606438B
:107520000F4374A94EEA884E50A8CDF844E1C1E952
:10753000006744EA88314F464646539145EA582150
:10754000D0E9004552A85591F105D0E9009A41EAE9
:10755000572184EA090485EA0A055491DDE9028984
:10756000CDE90E6740464946000F890740EA091EEB
:1075700054A8CDF858E1D0E90067484666406F400E
:10758000000FCDE90C674746C84641EA970140EA3B
:10759000071E59914946BE07CDF85CE1490646EA07
:1075A000990E58AE41EAD711CDF860E14FEA476E27
:1075B0005B9156A94EEAD81ED6E9009AD1E900019E
:1075C000DDE9084580EA090081EA0A01CDF868E1B1
:1075D00006460F4653E90601DDE90C8924184D41A2
:1075E00020465AAC29461BEB000BD4E9004558460F
:1075F0004CEB010C74407D40264674ACD4E900ABE2
:1076000080AC1AEB060A4BEB050B564618EB00084C
:107610005F4649EB0C09D4E900ABDDE912451AEBF2
:10762000080A4BEB090B504614EB0A045946A246D4
:1076300045EB0B053418AB4647EB01055146274691
:107640005E468C0B76A9A846554644EA8B4ED1E996
:107650000001CDE90878284055463140CDF870E169
:10766000AD0C7495DDE90256CDE90CAB3D4346EA1D
:1076700008062F46B04676ADC5E90078DDE90A89EF
:107680005F4688EA000889EA0109BC0BCDE9128946
:10769000D146DA46DDE908BCDDE9026758466146B5
:1076A0004FEA9A4E06400F4030463946CDE9080170
:1076B000749840EA8A315E91D5E90001DDE900560F
:1076C00005400E40DDE90E012F4676AD80EA090047
:1076D00081EA0A01C5E90001384631465546DDE92F
:1076E0000867ED0506430F433046394674AEC6E9D8
:1076F000000144EA894160465D914EEA8931800784
:107700005F9145EA592161914946CE055CA9D1E9CD
:1077100000455EA946EA5A2E60AECDF880E140EA07
:107720009B0E6046CDF894E14FEA4B6E40064EEA60
:10773000DC1ED1E900785946CDF898E17C406746D7
:10774000090F85EA080541EA0C116291390FD6E963
:10775000006741EA0B1166406F40639166ACCDE96A
:1077600008675F46BE0746EA9C01649140EADB1168
:10777000679162A9D1E9006764A9D1E9009A53E948
:10778000040186EA090687EA0A07DDE9049A19EB8B
:1077900000094AEB010A48465146D4E9009ADDE95E
:1077A000124589EA06098AEA070A24184E4657460E
:1077B000204674AC4D41D4E9009A82AC19EB06091D
:1077C0004E464AEB070ADDE90889574618EB0008E0
:1077D00049EB05094946D4E9009ADDE9064519EB6C
:1077E00008094AEB010A484614EB09045146A14630
:1077F00045EB0A053418AA4647EB010549465646AB
:107800004FEA9A4E880B76A9CDE90445D1E9007874
:107810004D46494608EA0A0840EA8A402F40890C4A
:1078200045463C4641EA8A31CDE908BCCDE9069A95
:10783000DDE9047868904BEA070B4CEA080C6A9182
:1078400058466146DDE90E78DDE902BC674088EA0A
:107850000508B40B0BEA000B0CEA010C76A9CDE984
:107860001278DDE90856DDE904783D4006EA0806AD
:1078700037462E4655464BEA060B4CEA070CED05FB
:10788000C1E900BCDDE904BC59460F0F61468E0713
:1078900044EA894169914EEA89314FEAC95E6B91A8
:1078A00045EA59214EEA5A2E6D9168A9CDF8B0E10A
:1078B000D1E900456AA9D1E90001DDE90A8944401E
:1078C0004D40204647EA0C1429466E946446270F23
:1078D00046EA9B0447EA0B1E71945C46CDF8BCE176
:1078E0004FEA4B6EA507644645EA9C056406709511
:1078F0006CAD44EADB14D5E90056739445404E4024
:1079000074A9C1E900566EA9D1E9004570A9D1E971
:10791000000144404D404EEADC1126462F4672914C
:1079200072A953E9024518EB040849EB05094446DE
:107930004D46D1E90089DDE9120188EA060889EAA5
:1079400007090019694104460D4676A9D1E900BC32
:1079500074A91BEB080BD1E900014CEB090C0019D1
:1079600084AC6941D4E90045109E24184D4120465D
:107970002946DDE9004524184D41CDE90A451BEBB8
:1079800000044CEB0105502ECDE900457FF442A9DF
:1079900094ABDDE90012D3E90034DDE902AB5B18FA
:1079A0005441CDE9003496ABDDE90401D3E900236D
:1079B000DDE9084512184B41CDE9022386ABD3E936
:1079C000001288AB09196A41CDE90412D3E900011C
:1079D0008AAB10EB0A0041EB0B018246D3E9008928
:1079E0008B468CABDDE90A01D3E9006718EB000890
:1079F0008EAB49EB0109DDE90601D3E900453618F4
:107A000090AB4F41DDE90C0124184D41D3E9000151
:107A1000CDE90645DDE90E450019DDE9003469418F
:107A2000939DC5E90434DDE90223CDE90801C5E9E8
:107A30000623DDE904340020C5E90834DDE9062326
:107A4000C5E90AABC5E90C89C5E90E67C5E910238C
:107A5000DDE90834C5E912340DF2E44DBDE8F08FDC
:107A60002DE9F84314460D4600210646D0E90023CF
:107A700002F07F0712194B41C7F180088B4208BF03
:107A8000A242C0E9002306D2D0E90223013243F129
:107A90000003C0E90223DFB1A04519D806F150095F
:107AA0002946424609EB07000BF0C2F8494630462A
:107AB000FEF71EFF80B9C8EB0404454407467F2C3F
:107AC00008D929463046803C8035FEF711FF18B9A9
:107AD0007F2CF6D814B92046BDE8F88306F1500093
:107AE0002246294638440BF0A3F80020BDE8F8836D
:107AF00002B1B5E7104670472DE9F8430446006827
:107B000080220D4600F07F0004F15006231801305A
:107B1000702883F8502000F21A81C0F17002002111
:107B200030440BF0A9F8E1680023A0684FEAC109CE
:107B300067684FEAC008314649EA507926687A0FEB
:107B4000204643EA0903FF0042EA08024FEA136EA7
:107B500084F8C33047EA567784F8C7204FEA134CBD
:107B600084F8C0E04FEA132E84F8CB70130E84F82B
:107B7000C1C0F60084F8C2E084F8C4304FEA124E67
:107B80003B0E84F8CF60120A84F8C5E04FEA174C28
:107B900084F8C83084F8C620330C320E84F8C9C08B
:107BA0004FEA172E84F8CD30360A84F8CC2084F8BA
:107BB000CAE084F8CE60FEF79BFE0346002840F042
:107BC000D380E27D2A70E28A6A706269120AAA7022
:107BD0006269EA70E27C2A71628A6A712269120A19
:107BE000AA712269EA71E27F2A72E28B6A72E26903
:107BF000120AAA72E269EA72E27E2A73628B6A73DF
:107C0000A269120AAA73A269EA7394F827202A7457
:107C1000E28C6A74626A120AAA74626AEA7494F85C
:107C200023202A75628C6A75226A120AAA75226A52
:107C3000EA7594F82F202A76E28D6A76E26A120AB3
:107C4000AA76E26AEA7694F82B202A77628D6A7720
:107C5000A26A120AAA77A26AEA7794F8372085F80E
:107C60002020E28E85F82120626B120A85F82220FE
:107C7000626B85F8232094F8332085F82420628EE7
:107C800085F82520226B120A85F82620226B85F8BC
:107C9000272094F83F2085F82820E28F85F82920B6
:107CA000E26B120A85F82A20E26B85F82B2094F803
:107CB0003B2085F82C20628F85F82D20A26B120ABC
:107CC00085F82E20A26B85F82F20D4F8D00000284C
:107CD0004AD194F8473085F83030B4F8463085F80A
:107CE0003130636C1B0A85F83230636C85F83330B1
:107CF00094F8433085F83430B4F8423085F83530A4
:107D0000236C1B0A85F83630236C85F8373094F8DD
:107D10004F3085F83830B4F84E3085F83930E36CA0
:107D20001B0A85F83A30E36C85F83B3094F84B3009
:107D300085F83C30B4F84A3085F83D30A36C1B0A16
:107D400085F83E30A36C85F83F30BDE8F883C0F17C
:107D50008002002130440AF08FFF31462046FEF7B2
:107D6000C7FD20B1BDE8F8831846BDE8F883014699
:107D7000702230460AF080FFD5E600BFFEF714BD42
:107D800002B970476CE600BFFFF7B6BEFEF7B0BDA4
:107D9000F0B5B7B01C4607460D4616460021D8225E
:107DA00068460AF069FF21466846FEF7FDFC044676
:107DB00028B95DB931466846FFF79EFE044668461D
:107DC000D821F9F7CBFE204637B0F0BD2A46394618
:107DD0006846FFF745FE04460028F0D1EAE700BFF9
:107DE000FFF7D6BF2DE9F04F0121C7B081464FF410
:107DF00080600AF06DFF00286BD00025DFF8448119
:107E0000DFF844A10746D82210A829460AF034FF1B
:107E10008AFB0534022DA4EBE574CCBF00260126B5
:107E200004EB44042C1BB9F1000F33D1314610A8E8
:107E3000FEF7BAFC8346002840D1022C50D03B4BC1
:107E400003EB8403D3F8002462BB10A86946FFF754
:107E500053FE834690BBC6F10402684641461201B8
:107E60000AF0F2FE00285BD1B9F1000F2DD10135E7
:107E700008F14008062DCBD1B9F1000F47D110A869
:107E8000D821F9F76BFE38460AF006FF584647B08E
:107E9000BDE8F08FC6F10401621C2548C9010AF053
:107EA00013FFC3E7C4EBC403224910A804EB031477
:107EB0002144FFF7D5FD83460028C6D0B9F1000F55
:107EC000DDD01D480AF0BCFED9E71C480AF0B8FE18
:107ED000CDE7B9F1000F1ED1012047B0BDE8F08F0A
:107EE0004FF47A746121384622460AF0C5FE01E05B
:107EF000013CAAD04FF47A72394610A8FFF7B0FDC2
:107F000083460028F4D0B9F1000FB8D0D9E70A2091
:107F10000AF0C6FEB3E70A480AF092FE0120B6E76F
:107F20004FF0010BB9F1000FA9D0CAE760DC026085
:107F3000E43800206CE00260FC1C0020AC1C002037
:107F4000C8380020E0DE026056555555DFF874C091
:107F5000DCF8003073BB4CF6A840F0B5164C4CF67C
:107F6000A945164E4CF2090704F5027EB84216D018
:107F70004CF20A03124903E083420CD0136A114603
:107F800001F12002002BF7D16DB174450BD22846C8
:107F900056F8045FEAE791F828302A2BF4D02060E5
:107FA0000434002DF1D10022012303482260CCF8D3
:107FB0000030F0BD0048704734F3002024F2026026
:107FC000C0E1026044F5002078B138B50546074CA1
:107FD000074803E054F8200F30B1606829460AF0E2
:107FE0003BFE0028F6D1204638BD7047C0E1026054
:107FF000F83800204CF2090398420DD04CF20A03E5
:10800000064A02E0834205D0136A2032002BF9D1E0
:10801000184670471046704700487047C0E102603C
:10802000837A0A2B0AD8012000FA03F313F08E0F8B
:1080300003D113F4C06F03D00220704700207047B3
:1080400013F0100F0CBF002004207047807A20B17D
:10805000032804D9042800D170470020704701206C
:10806000704700BF837A0A2B08D8012202FA03F373
:1080700013F4E36F14BF10460020704700207047D0
:10808000807A053803288CBF00200120704700BF8C
:108090004CF2090398420FD04CF20A03074903E05F
:1080A000984207D0136A114601F12002002BF7D144
:1080B00003487047486A704702487047C0E1026051
:1080C00020390020F838002008B5FFF77DFF00B107
:1080D000006808BDC36B10B5044693F88000F2F742
:1080E00043FE50B1E36B204693F8801006F006F88B
:1080F000003018BF0120404210BD014810BD00BF34
:108100000094FFFF2DE9F047446984B0C56B002C53
:1081100005F254450CBF4FF000084FF002081D4413
:1081200008EB0109B9F5205F56D8044600681746E8
:108130002B4690F8CC200E4690F8C910C2F34002AE
:1081400090F8C80006F04AF823682E22A91CD3F83C
:1081500018A0D869D04750BBA16B3022E36BC86D23
:10816000C3F81024002839D0BC300121F7F7A2FE53
:1081700080B32368C6F52050E26B2946C8EB0005A2
:10818000A06BD2F810E4DA69C06D03927246D3F89E
:1081900018E0BC30D4F8C030CDF808E000974B446C
:1081A0000195F7F76BFF10B9B8F1000F02D104B0D9
:1081B000BDE8F0873B68D4F8C0201B0A9355D4F87B
:1081C000C0103B680E4473703B6802333B6004B0E0
:1081D000BDE8F0870248EAE70248E8E70248E6E738
:1081E0000093FFFF0096FFFF0089FFFF4368102BFD
:1081F0002DE9F04F9DB000F0A684C36B0446002B20
:1082000000F0A18405F05EF9002840F0A680236804
:1082100093F8CC309D0705D5E36B93F8EC31012B37
:1082200000F00C8165680C2D00F09C80112D00F28F
:108230008A84DFE815F00A010D0134035C03610351
:108240008A03DF0352030F04120057030604880455
:108250000B047F0483048804A200E26C0023204600
:1082600015680B9304F0E2FE002876D1AB7A5A1F12
:10827000032A40F265830B2B00F06283D4F8D430DC
:10828000002B00F05D83E26B2168002A01F0FB8186
:10829000D2F8C031002B01F0F6811968002900F0F6
:1082A0004F835B68002B01F032840DF13008D2F867
:1082B00004342046414698476369032B01F06782E6
:1082C000E36B002B01F08782D3F8C031002B01F063
:1082D000828258680421F7F7EDFD002841F0C08143
:1082E0000646C446062124238146E06B2768002801
:1082F00001F0EB81D0F8C001002801F0E681406870
:10830000FA690DF12C0ED4F8C05003926246BF6991
:108310000D44314602978DE82040F7F765FEE0B93D
:10832000D4F8C03016250B9A0F214B442046120A70
:108330001A71D4F8C0300B9A4B445A710B9BD4F885
:10834000C0200633C4F8C4504B44C4F8C830117080
:1083500063680133636005F009F9054628461DB0DE
:10836000BDE8F08FE36BD3F8883623B9204607F0D9
:1083700023FC0546F2E711236360204607F016F957
:108380000028EAD1A36F162B40F05887236F1A7884
:10839000042A40F0B5872068D4F8A01090F8CC00EB
:1083A000800740F14984112940F2AA87587C03F1E3
:1083B0000C051E7C0C2293F80CB040EA062693F8BC
:1083C0000EA0587B93F80F900490B31D134499426C
:1083D00040F09687E26B4FF000080C23C2F88886C5
:1083E0006360002E00F02B83A36B996E586EF9F733
:1083F000B5FBA36B586E0AF04FFCA76B314601200A
:10840000C7F86480C7F868800AF062FC059000280D
:1084100001F07583A91D32460AF00AFC049B45460B
:10842000BE661A04059BC7F8088042EA0B627B66A9
:1084300042EA090242EA0A22FA668FE7204605F07C
:10844000CFFF00283FF4EEAE87E70123636085E7A6
:1084500021688B69002B01F06B82A3682BB991F81E
:10846000CA30236191F8CB30636191F8C8000028CD
:1084700000F0698391F8CC20D4F8C09091F8C9102D
:10848000C2F3400209F1040305F0A8FE2368E66B7D
:1084900093F8CC2006F21441900740F19B83D6F864
:1084A000DC21002A00F096830E684D688868CA684F
:1084B000C9F80660C9F80A50C9F80E00C9F81220B8
:1084C00088690E694D69CA69C9F81660C9F81A50F9
:1084D000C9F81E00C9F82220A16B8868A0F110031A
:1084E000102BA36800F28B83002B00F04D86002335
:1084F00009F1270589F82630236893F8CC209207E4
:1085000016D5E36BD3F8DC21002A00F0148793F82A
:10851000E0316E1C2B703046E36B93F8E021D3F80A
:10852000DC110AF085FBE26B236892F8E0513544D8
:108530006269AE1C53F822703868002801F0A080F0
:108540004FF00008FFF756FD236893F8C910C0B13B
:108550000269914215DB93F8CBE03146826996457A
:108560000FDC93F8CC309B0702D5037F5A0708D461
:108570003B6808F101081B1201F8023B3B6873706D
:108580000E4657F8040F0028DCD1A3683BB93246E9
:10859000FF2108F1010802F8023B717016462368BA
:1085A00093F8CE30DB0708D533465621002208F178
:1085B000010803F8021B72701E4601224FEAD8110F
:1085C0004FF0000B08FA02F3B04629706B70331DB0
:1085D00008F8022B86F801B01D46D4F8C070D4F814
:1085E000D800069307F52057002801F045800AF0CF
:1085F0004FFBBD4282462B4605D800F10905FB1A08
:10860000AB4280F0F7855D460222A3684244012B0D
:1086100040F02385BA4294BF00230123002B40F091
:108620001C85D4F8EC10B81A0531884219D30127FB
:10863000FF219370501D117004F1F0015770D4F8B0
:10864000EC303B44D370D4F8EC301371D4F8EC2008
:108650000AF0EEFAD4F8EC30D4F8C070053307F520
:108660002057D4F800E01D449EF8C930032B00F0D9
:10867000FA840022DEF878B015449BF80000002848
:1086800000F003844FF0000A04E01BF8010F0028FB
:1086900000F0FC830AF1020AF2F766FB0028F4D12D
:1086A00000232B44D4F8C0709A1C07F5205742448D
:1086B000BA4240F22E842568002095F8CD2002F0C1
:1086C000020103EB000E01F0FF03002900F0F1822C
:1086D0000EF1020095F8C9304044002B00F06C8583
:1086E000B84294BF00230123002B40F06585391A5E
:1086F000032940F2DE821622037083700421C370C6
:1087000042702568D4F8C07095F8CD2007F5205741
:1087100002F004020EEB010302F0FF0AEAB19A1C18
:1087200095F8C9104244002900F04285BA4294BF2E
:1087300000210121002940F03B85B81A032841F2AD
:1087400047801720117091704FF0040AD17050705B
:10875000D4F8C070256807F520575344D5F8A4A075
:1087600003F1020B049308EB0B030593BAF1000F1E
:1087700000F07F87DAF80010002900F0C5874FF07D
:10878000000B08460AF084FA5AF8041FC0B2013000
:1087900083440029F5D10599B94200F261840BF1B7
:1087A00006027B1A9342C0F02285102300228D1D01
:1087B0000A704B702368D3F8A470386890B10AF03F
:1087C00067FA2B465FFA80FA03F8010B1846524607
:1087D00039680AF02DFA0AF1010A57F8040F5544D6
:1087E0000028ECD1059FEB1BDAB2981F191F951FCB
:1087F000000A043A090A38717D71FA70B970D4F828
:10880000C070256807F52057049A1A4495F8CD30B2
:10881000901CDB090492404400F02284B84294BFCB
:1088200000230123002B40F01B84A26B3F1A926EA1
:10883000151DAF42C0F07C8503702321130AC2705E
:1088400041708370A36B596E002A00F0EF860029F7
:1088500000F0EC8604300AF0EBF9049B5D1905D0BA
:10886000069BF5702B4498462B0AB370C9EB0800A1
:10887000D4F8C03001221621C4F8C800C4F8C410CE
:108880001A7094E80C000133636092F8CC309807BA
:1088900000F17584204604F069FE05465EE5204639
:1088A000266F06F083FE054600287FF457ADA36FC0
:1088B000162B00F00582A368012B40F0BF842268CC
:1088C000E368D2F8B4200133002AE360C0F2E68105
:1088D000934240F3E381BC4D40E5204605F05EFA4B
:1088E00005463BE5204605F0E5FA054636E5204617
:1088F00006F088FF054631E5E36C00201E680A900B
:10890000B37A012B00F0D081093B012B40F2A68104
:10891000204606F04BFE00287FF41FADA36F162BF8
:1089200040F08C84226F13780C2B00F0EE83B37A26
:1089300003F0FD03052B40F081840123C4F8A83027
:10894000636800250133636008E5E36C1B689B7A6C
:10895000013BDBB2092B00F20B81012540F20F3203
:1089600005FA03F31A40002A00F00281204606F0BF
:108970001DFE00287FF4F1ACA36F162B40F05E843F
:108980006368216F013363600B780D2B0CBF0123EB
:108990000023C4F8D43040F006842368D4F8A00043
:1089A00093F8CC3003F0020303F0FF05002B00F036
:1089B000A0840C2817D90A7B0C2313440333984254
:1089C00011D96369032B00F0C080002D00F0A08452
:1089D00011440C254B7B897B41EA032153182B441E
:1089E000033398422BD0204632220221774D05F0E6
:1089F000C7F8B3E4204606F0D9FD054600287FF409
:108A0000ADACA36F162B7FF466AF2268D4F8A0102C
:108A100092F8CC3013F0020F0CBF04230C239942C0
:108A200040F0D183236F1B780E2B40F0CC8363681A
:108A30000133636092F8CC309E0700F13C81002541
:108A40008CE4204605F00CFC054687E4204607F040
:108A50000BF982E4E36C1E68B37A022B00F0CA8241
:108A6000DA1E012A40F28980093B012B8CBF0025C8
:108A70000125002D40F081803046FFF701FB0028E2
:108A800000F0A5822368D3F89420002A01F03F80EB
:108A9000D3F89C20002A01F03A80D3F8A0309A1D28
:108AA0000C93B2F5205F00F2AA86D4F8C020190A10
:108AB0001171D4F8C02053712368D4F8C000D3F8E2
:108AC000A020D3F89C1006300AF0B2F82068B37AE0
:108AD000D0F8A020052B02F1060700F0BD85072B7A
:108AE00000F0E586062B00F02886082B40F0AE83C8
:108AF000C569C7F52053D4F8C0200CA90195856934
:108B00003A44E06B00958030F1F7C4F800287FF418
:108B100024ACB17A204605F0F7F900287FF41DACAB
:108B200016200C9BD4F8C0201021C4F8C4003B448C
:108B300020460AE40F23002563600FE42046002549
:108B400004F01CFA0AE4224D08E4002D00F04E86E1
:108B50008F184FF00C0E7E7BBB7B43EA0626D31C9E
:108B60007344334498427FF63EAF931C9A192CE726
:108B7000062300256360FFF7F1BB25684FF47A7385
:108B8000D4F8C0200CA9EE69E06B04320196AD69FF
:108B900080300095F1F77EF800287FF4DEAB256881
:108BA0004FF40073E06BEE6900F2544200F582610D
:108BB00001968030AD690095F1F7AEF800287FF49A
:108BC000CCAB0427ACE700BF0089FFFF8085FFFF27
:108BD000008FFFFF9D690422D869A84700287FF411
:108BE000BCAB236806F583611C229D69D869A84740
:108BF00000287FF4B2ABE16B01F2144154E4002B86
:108C00007FF475AC4B6E002B00F0408700208B6E1C
:108C1000002B40F00E8589F8260009F12705002871
:108C20003FF46AAC0023A26B1A440133127B8342E7
:108C300005F8012BF7D35FE4092940F26183587AE4
:108C40001D1D1E7A93F804B040EA0626587993F861
:108C500006A0049093F80790FFF7B7BBA36BD86DFD
:108C6000002800F00587BC300221F7F723F900281F
:108C700000F0B985A36B0122E06BDB6D8030D3F887
:108C8000C010F0F7E1FF002800F0A582054620465D
:108C90002822022104F074FFFFF760BB0123D34DAB
:108CA000C4F8A830FFF75ABB052305466360FFF7F9
:108CB00055BB19462CE5204605F06CFBFFF74EBB73
:108CC000236893F8CC2002F0020101F0FF00002994
:108CD00000F075823378032B00F09C85E36BD3F8AA
:108CE000DC0109F0D9FFE36B83F8E051C3F8DC51F4
:108CF0002368D4F8A01093F8CC2002F0020202F00E
:108D0000FF00002A0CBF2A2232228A4200F2CA83C4
:108D10003278022A40F0C683002893F8CC2004F170
:108D2000140104F110000CBF4FF004084FF00C08C0
:108D3000C2F34002B044434605F05AFA2368226960
:108D400093F8CA108A42C0F2E284616993F8CB00BA
:108D50008142C0F2DC8493F8C800824200F3D784D9
:108D600093F8C930994200F3D2844346E76B53F835
:108D7000026F5D689868D968C7F83464C7F83854DA
:108D8000C7F83C04C7F840141E695D699869D96941
:108D9000C7F84464C7F84854C7F84C04C7F85014DF
:108DA00098F82260202E00F27D832368D4F8A0205A
:108DB00093F8CC30990740F1B48206F133039A421C
:108DC00000F2AD840C2306F126010B449A4240F0D8
:108DD0006983002708EB060393F8235093F82420B7
:108DE00093F8253042EA0525002B40F02F862846CF
:108DF000D4F84C90FFF7FEF8E36CC9F80000204669
:108E00001968002900F0488605F066F8D4F83C900F
:108E1000D9F87836002B00F02A82002E00F0278245
:108E2000A368002B40F02382A36B04931B689D4230
:108E300000F0818508F1230A63684FF0000E049A60
:108E40005146013302F10C0032466360049BC9F8BD
:108E500078E69E6083E8204009F0EAFE23686269B4
:108E600053F82230043B04E0A26B1268904200F0F9
:108E7000708253F8040F0028F6D120462F220221D9
:108E80005B4D04F07DFEFFF769BA824605F1020BE7
:108E900008EB0B03BB4204933FF602AC049A0AF1C1
:108EA000060ABF1A5745FFF4FBAB2368D3F878B026
:108EB0009BF8000000283FF4F3AB9246002700E047
:108EC0000F46F1F751FF4388B91C0AF1020A1B0A49
:108ED0008AF8043043888AF805301BF8010F00280F
:108EE000EED100293FF4DCABCAB207F1040E4FEA21
:108EF000112C049907F108034FEA1E2708700A2075
:108F00004A7102328F70CA7081F804C04870FFF74E
:108F1000C8BBB91A05294FF000010DD90B2702254E
:108F2000012011709170517106215770D570107128
:108F3000D4F8C07007F5205725680B44B5F8CC204D
:108F4000991C02F4E0724144002A00F0D585B94230
:108F500094BF00220122002A40F0CE85781A04280E
:108F600010D901200A708A7005224870C8702068E4
:108F7000B0F8CC00C0F382100871D4F8C070256836
:108F800007F52057134495F8CD20991C12F0400F97
:108F9000414400F0BF85B94294BF00200120002861
:108FA00040F0B885C1EB070EBEF1030F7FF687AB2B
:108FB000042208708870C87010464A702568D4F87A
:108FC000C07095F8CD2007F52057FFF778BBB37A2E
:108FD000012B40F03B8103460CAA04212046FFF7F9
:108FE00091F800283FF4EDADFFF7B7B90095FFFF0A
:108FF0008086FFFFE36BD4F8C0205B68190A0C93EE
:109000001171D4F8C0205371E66B06F10800EAF73D
:10901000D5FF2568D4F8C0200146EF69301D0C9BB0
:1090200006320197AD690095F0F716FB00287FF432
:1090300094A925684FF40972E06BEE6900F582632C
:1090400000F2544101960430AD690095F0F76AFBD7
:1090500000287FF482A9062762E50023FFF701BB01
:109060000025FFF7FABBDEF874A0DAF8000000284C
:1090700000F05B845246002352F8041F0433002999
:10908000FAD105F1020B08EB0B02BA420492114629
:1090900000F256810633BA1A9A42C0F00C830028B7
:1090A00000F0DC840F464FF0000B04F0F7FF4FF0A8
:1090B0000303B8710BF1040BFB710437DAF80000FD
:1090C00004F0ECFF4FF0010338717B715AF8040F84
:1090D0000028EAD1049F5FFA8BF30BF10201002014
:1090E0007B710233090A3870FB704FEA1B23B97099
:1090F0000D213B710BF106027970D4F8C070D4F8E1
:1091000000E007F52057FFF7B5BA2368D4F8A05060
:1091100093F8CC10B37A154411F0020FA3F1080EA6
:1091200003F0FD000CBF04210C21BEFA8EFE082BBB
:1091300018BF062B0A444FEA5E1E0A9200F089808F
:10914000052800F0868003F0FB02022A00F0DB8392
:10915000033B012B02D9BEF1000F77D0E06B2A460A
:109160000AA98030F0F75CFD002800F0AB832046B0
:109170002F220221CF4D04F003FDFFF7EFB8204668
:1091800005F050F8FFF786BBE36BD3F87836002B79
:109190003FF438AD4B6E002B7FF439AD89F82600D3
:1091A00009F127053EE5C4F8A8500546FFF7D6B8F3
:1091B0004FF0000AFFF7D1BA0021FFF7A9BAD4F89F
:1091C000A0102A22A1E5204632220221BA4D04F045
:1091D000D7FCFFF7C3B82046FEF77CFF0546002802
:1091E00040F0E283636801336360FFF7B7B80023A0
:1091F000FFF70ABB411DC2B2C31C86F804B0090ABE
:10920000571DD01C1B0AB1714FEA1A213273524606
:10921000F771707206F10D0086F805B086F80AB095
:109220003372F172D4F8D81009F002FDD4F8C0708E
:109230000AF10B0207F52057FFF7E7B920460A228B
:1092400002219E4D04F09CFCFFF788B89C4DFFF76F
:1092500085B8A91E8A428AD85178971C92F800C016
:1092600041EA0C22A91A8F4206D90A977FE7A36B1D
:1092700008F1230A0493DFE53A4405280A927FF4B3
:1092800062AF023B022B3FF65BAB2268636992F848
:10929000CC20D4F870A012F0020FDDF828800CBFAB
:1092A0004FF004094FF00C09032B00F0A883022BA8
:1092B000CCDC3046FEF7B4FE0428064600F09D8361
:1092C00000270A9BAA1E93420BD893F800B09A1C61
:1092D0005B780A9243EA0B2BCBEB0505AA4200F020
:1092E0006683204632220221724D04F049FCFFF7CA
:1092F00035B804287FF677AB0A790423FFF75DBB06
:109300002046322202216F4D04F03AFCFFF726B8C6
:10931000114404254E798B7943EA06231344FFF761
:109320005EBB06F12B039A4200F2D98104234AE581
:109330001D46FFF792BA2A7001352368FFF7F8B887
:10934000DEF878B09BF8000000287FF49BA9FFF7B7
:10935000A7B9FEF74FFE63691946069300283FF44C
:109360008CAD03699942FFF688AD836999423FF756
:1093700084AD236893F8CC309B0703D5037F5D074A
:109380003FF57BADA26B06F1280311460492002243
:1093900008EB03064A60002F00F09C82B578F17854
:1093A00018F8030041EA0521737801F1040943EA42
:1093B00000230D464F4575D3059204F1F002079244
:1093C00004F1FC020892102B00F0C6807EDD172B02
:1093D00000F0B38040F3A080232B00F0F5804FF61F
:1093E0000172934248D1A368002B00F05A81D4F84F
:1093F000ECC04FEA4C035A1CAA4240F085803279F7
:10940000934240F081804FF000038DF83030BCF182
:10941000000F00F03083079B06F1050E184603EBA2
:109420000C081EF8013B10F8012B9DF8301053403A
:10943000804543EA01038DF83030F2D19DF8303099
:10944000002B61D10CF1050E08988DF82C30844466
:10945000B6441EF8013B10F8012B9DF82C10534028
:10946000604543EA01038DF82C30F2D19DF82C3091
:10947000002B49D1012305937F1B4E447B1F043FE2
:10948000022B46D9002F00F02682F378B578327887
:1094900043EA0525737805F10409294643EA0223C6
:1094A000B94590D9204632220221074D04F068FBCD
:1094B000FEF754BF0085FFFF8084FFFF0089FFFF98
:1094C0000094FFFF0092FFFF8086FFFF042B00F057
:1094D0009F800B2B00F08480012BCDD12368B3F843
:1094E000CC3003F4E07232B1012904D1C3F382130A
:1094F00032799A42C0D0204628220221C14D04F080
:109500003FFBFEF72BBF5C4620462822022104F0D9
:1095100037FBBC4DFEF722BF162BADD1236893F865
:10952000CD309A07E7D5069B002BE4D00029E2D185
:10953000049B1A46012393679EE7236893F8CD3076
:109540005B07D8D5069B002BD5D00029D3D1E36B80
:109550000122C3F88C268FE72368D3F8A480B8F1E2
:10956000000FD1D0032940F39C813179AB1E727971
:1095700042EA01229A4240F0948196F806A0EB1E3E
:109580009A4540F08E81D8F800B0BBF1000FBBD0F7
:10959000F31D09955D46A3461C4603E058F8045F99
:1095A000002DB0D0284609F073FB8245F6D1524613
:1095B0002946204609F048FB0028EFD15C46AB461F
:1095C000099DC4F8DCB057E7236893F8CD30DB0978
:1095D00091D000298FD1E36B0122C3F888264BE795
:1095E000002900F05E8133795A1CAA4240F059816B
:1095F000711D002B88D07279012A6CD91944B31DD2
:1096000003E013F8012B012A65D99942F9D17BE7D0
:10961000236893F8CD3058067FF56DAF00297FF4AD
:109620006AAF049B1A460123536725E70425FFF719
:1096300014B923680C3120229D69D869A8470028F5
:109640007EF48BAE2023A26B09F1270593601846A8
:1096500089F82630FFF7E6BA0C951946FFF75ABA93
:109660000621142304260DF1400C4FF00009FEF7EB
:109670003CBE5346FFF7C8B805460222FEF7C5BFF9
:109680008046FEF782BF896E00293FF459A90B6816
:10969000002B3FF455A9002A40F0E3810B46FEF76A
:1096A00000BE01297FF430AF3379002B7FF42CAF5B
:1096B000C4F8E810DEE6DEF878B09BF80000002879
:1096C0007EF4E0AF8246FFF7E9BBB86E00283EF4B7
:1096D00017AEFEF714BEE36BC3F85C21CCE608EBD3
:1096E000060393F8271093F8267041EA0727791E9E
:1096F00002297FF6D7AE042106F128003844014440
:109700008A423FF469ABCDE68B46FFF744B820466A
:10971000462202213C4D04F033FAFEF71FBE08EB4F
:10972000060393F8271093F8267041EA0727791E5D
:1097300002297FF6B7AE0C21DEE7E36B5B68991C6C
:109740000C933944B1F5205F59D8D4F8C0101B0AE6
:10975000CB5502F10807D4F8C0100C9B0A44D37112
:10976000E56B05F10800EAF729FC23680146281D8E
:10977000DD69D4F8C02001959D693A440C9B0095A1
:10978000EFF76AFF00283FF4C4A9FEF7E6BDE36CDB
:109790001B685E7AD4F8C030072E00F0F9800422EE
:1097A00006261A71E36BD4F8C050002B00F0E98054
:1097B000D3F8C031002B00F0E480586804F03CFC82
:1097C0004FF00209C446687108210023FEF78DBDE1
:1097D0008A46FEF7C2BF23689B6E002B7EF479ADEC
:1097E0001846FEF777BD094DFFF751BA8F184FF0B5
:1097F000040E7E79BB7943EA0626FFF7B0B9044D23
:10980000FEF7ACBD8086FFFF8091FFFF0093FFFF56
:109810000096FFFF256F0CA9C2F340020BA805F1CB
:109820000C0304F0E5FC0B9902297FF770AF0C9B49
:10983000012B7FF76CAF226892F8C80081423FF796
:1098400066AF92F8C92093423FF761AF226F05F1EE
:109850000F08E36FAE7B1344C8EB0303B342FFF67C
:1098600021AEE36BD3F8DC0109F016FAE76B314661
:10987000012009F02DFAC7F8DC01002800F003816F
:109880004146324609F0D4F9012387F8E0612046C9
:109890006360002503F0B0FB204604F07BFDFEF77B
:1098A0005DBD20463222022104F06AF931E602232E
:1098B0000CAA39462046FEF725FC00283FF429A9CA
:1098C000FEF74BBD2046FEF705FC00287FF44FACA9
:1098D000B37AD6E40597D4F8E830002B5BD123683F
:1098E00093F8CC3003F03003202B3FF404AEA26891
:1098F000012A7FF4A4A8002B3FF4FDAD059B012BAA
:109900007FF49DA8F7E5E06B2A460AA90430EFF73B
:10991000A1FD00287FF42BACE26B23685268D3F8DA
:10992000C430B3EBC20FD3D921E40346FFF7A9BB80
:109930007A4DFEF713BD049B5B68002B7FF47AAA77
:10994000049B08F1230A9B689E427FF475AA049B3E
:109950003246514603F10C0009F076F900287FF4F5
:109960006BAA0C232046636003F060FB05460028C9
:109970003FF474AA20465022022104F001F9FEF7B8
:10998000EDBC23689B6E002B7FF417AF184615E7DC
:1099900005221A7106E7A268012A7FF450A8059AE9
:1099A000002AACD0FFF74BB85D4DFFF770B90AEB5A
:1099B0000902C2EB08030DF13008002F00F091807E
:1099C000414620468DE8880013460BAA06F038FA77
:1099D00000287EF4C2ACA36BD86D002879D0314644
:1099E000BC30F6F767FA00285DD120462822022114
:1099F0004C4D04F0C5F8FEF7B1BC074661E408F130
:109A000002039D42FFF4B3AB98F8000004F03AFB68
:109A1000074600283FF4ABAB0A9B587804F02AFBBA
:109A2000834600283FF4A3AB3946204604F07AFB76
:109A300000287FF49CAB0A9B304602330A93FEF762
:109A4000EFFA58457FF493AB06463AE420462F22BE
:109A50000221354D04F094F8FEF780BC8346FFF7F1
:109A600039BBD2F8C031002B08BF0B46FEF719BC3A
:109A70002E4DFFF70CB99DF83030002B7FF444AD2C
:109A80008DF82C30F2E42A4DFEF768BC89F82630B8
:109A900009F12705FEF730BD50220221254D04F0C3
:109AA0006FF8FEF75BBCA36B42460A9D3946D86D42
:109AB0000B9BBC308DE82008F6F704FA0546002819
:109AC0003EF43EAF20463322022104F059F8FEF75F
:109AD00045BC204628220221144D04F051F8FEF71F
:109AE0003DBC2425414620460B9506F047F9002849
:109AF0003FF471AFFEF731BC0022FFF743BA2046B6
:109B0000502202210A4D04F03BF8FEF727BC0A4D13
:109B1000FEF724BC0020FEF7D2BD00BF008CFFFF83
:109B20000086FFFF0093FFFF808FFFFF0089FFFF8C
:109B30000081FFFF008FFFFF008AFFFF03682DE910
:109B4000F041DC6B82B0002C4DD00B68D41A012C94
:109B500058DD1D789E1C5C784FF6FE730E6044EA5B
:109B60000524651E9D424DD8931B9C424AD803682C
:109B70000F460546D3F83C80B8F1000F15D0186C9D
:109B8000324623462946C04740B128467322022167
:109B900003F0F6FF1C4802B0BDE8F0813E68344493
:109BA00000203C6002B0BDE8F081D3F8A0209442D0
:109BB000EBD1D3F89C1030468DF8078001EB040CF4
:109BC00011F8013B10F8012B9DF807E0614583EA8D
:109BD00002034EEA03038DF80730F1D19DF80730F8
:109BE000002BD2D1DBE7D3F894404CB1D3F89C40A2
:109BF00034B1D3F8A0401CB1D3F89830002BA4D1D5
:109C00000248C8E70248C6E78093FFFF008AFFFFCB
:109C10000084FFFF70B50D68AB1C934213D82E78FB
:109C20006C780B6044EA06241D19AA420BD3006825
:109C30000D46224619460430EFF7FAFC28B92B6886
:109C40001C442C6070BD024870BD024870BD00BF4E
:109C50000084FFFF8083FFFF2DE9F04704469EB09C
:109C6000FF209146E76B0D46984622688DF8490023
:109C70008DF84800002F00F09280D7F8C00100282E
:109C800000F08D8046680346002800F09480186834
:109C9000BC30F6F707F9636907304FEAD00A6BB1B9
:109CA000AB1C994579D3C0F3C7202A78824274D17E
:109CB00069785FFA8AF291426FD11D4605EB0A037B
:109CC00099456AD101213046F6F7F4F8002877D09B
:109CD0002368304629463025DE695246039605AE94
:109CE0009B690096029312AB0195F6F7B1F906460F
:109CF000226804ABE06B92F8CC20D0F88016C2F357
:109D00004002D0F87C0604F069FA20689DF84850BB
:109D100030229DF8103006A99DF849C09DF811E049
:109D200085EA03098369C0698CEA0E05DDF814A091
:109D3000984778BBB8F5097F44D8C8F509732F2B2D
:109D400040D949EA05058AF0300308F25341E26B35
:109D50002B43302539443343C2F810540DF1170614
:109D60000DF147055F421F43FF176FEA070E4FFAD9
:109D70008EFE16F8012F013015F8013F3A400EEA29
:109D80000303134301F8013FE36BD3F8103483421C
:109D9000EFD800201EB0BDE8F087104EA8E7916E06
:109DA00029B98FB1D7F8C0318BB10E466FE74E6835
:109DB00087B90B466BE7936E002B3FF469AF66E7FC
:109DC000074E95E70748E5E73E46384660E71E46FA
:109DD00018465DE7D7F8C00155E700BF0084FFFFD4
:109DE000008AFFFF0094FFFF41648264C3647047F0
:109DF000036893F8CC30DB0716D570B515460446DA
:109E0000D0F8E0000E4608F047FF2946012008F090
:109E10005FFFC4F8E00048B131462A4608F008FF69
:109E2000C4F8E450002070BD01487047014870BD7F
:109E3000008FFFFF0081FFFF4368102B00F0E084DC
:109E4000C36B2DE9F04F0446AFB0002B00F06584E2
:109E500003F038FB002840F07C81226892F8CC3077
:109E6000980740F17981E16B91F8EC31012B00F01A
:109E700056846368122B00F25084DFE813F0DF0190
:109E8000D9010C04E301E70134033B025202E3026F
:109E90006702DF025602BD035A025E0262024E04EE
:109EA0004E04DD019369002B01F03084D4F8C050DA
:109EB00092F8CC2061692B1DC2F34002206904F0A6
:109EC0008DF9AF1D2368042239469E69D869B047D1
:109ED000002840F03E8123681C2205F10A019E699A
:109EE000D869B047002840F03481D5F80660D5F82D
:109EF0000A00D5F80E10D5F81220D4F83CE0CEF8C0
:109F00003464CEF83804CEF83C14CEF84024D5F8AA
:109F10002220D5F81660D5F81A00D5F81E10CEF814
:109F20004464CEF84804CEF84C14CEF85024E36BC9
:109F3000D3F87826002A41F0E480A268A66B8AB99B
:109F4000B2687AB12068026A62B13146806A90478D
:109F5000E36B002801F0D280D3F87826002A41F084
:109F6000D080A66B6268D3F8883601326260002B1D
:109F700001F07982002106F10C002022B16008F086
:109F80007BFEA36B05F127069B68304685F82630DB
:109F9000A16B8A680C3108F04BFEA26B13689268C3
:109FA0001B1206EB0209B354A36B09F1030709F175
:109FB00005081B6889F80130A36B5B6889F80230DB
:109FC000D4F8E820012A01F0868202200023A16B48
:109FD00091F87020002A01F04382391801220026EE
:109FE0004FF0050A3E548E704A70CA70A26B92F808
:109FF00070200A71A16B4A6F53444AB19A1C002029
:10A000000426B918B85432468870C8704E70A16BD7
:10A01000666903EB020A8A6FB6FA86F67609002AA9
:10A0200001F0DD81002E41F0DA810868FDF7E2FFE2
:10A0300038B1007AEDF784FC18B14378022B01F0B7
:10A04000DF8366690023B6FA86F67609E16B53442E
:10A05000D1F88C26002A01F00082002E41F0FD810B
:10A060009A1C1720B918BE548E70CE700426487002
:10A07000E16BD1F888261E445AB1B31C00204FF082
:10A08000230E0422F918F8548870C87081F801E092
:10A09000E16BD1F88436164413F0010310D0B31CE1
:10A0A00000214FF00B0C4FF0020EFA18F95401206A
:10A0B00006239170517182F801C082F803E010719B
:10A0C0001E44D4F8DC20B31C07EB030A002A01F07D
:10A0D000F88200211022F9548AF80120D4F8DC001B
:10A0E00008F0D6FD02460AF1070002F1070B02F163
:10A0F000030E511C5FFA8BF34FEA1E2EA3F1040CE2
:10A10000090A8AF802E0A3F1060E073B8AF803C0A9
:10A110008AF805E08AF806308AF80410D4F8DC10D2
:10A1200008F086FD16EB0B0606D0330A08EB06078F
:10A1300089F8046089F803307D1B1621D4F8C030FB
:10A140000222C4F8C8502046C4F8C4101A7003F0A4
:10A150000DFA2FB0BDE8F08F6368122B00F2DD829C
:10A1600001A151F823F000BF3DA2016031A20160BE
:10A17000A59E016045A201604DA20160E5A40160B9
:10A18000F5A2016023A3016045A401604DA3016015
:10A190003DA401602BA30160F7A5016033A301601A
:10A1A0003BA3016043A301601BA701601BA70160E3
:10A1B00039A201600521204604F02CFB0028C8D1FB
:10A1C000636E1A78162A40F0EA82226801330EA9DB
:10A1D0000DA892F8CC20C2F3400204F009F80D9BC0
:10A1E000022B40F3DC82236893F8CC30990740F1CE
:10A1F0001C83A368002B40F01A85236E1A78002A6E
:10A2000040F0CD825D78002D40F0C98253F8021FE6
:10A210002046D4F8B020C2F802109B88D38004F006
:10A22000D9FB002800F0FE82C4F88850C4F88050A2
:10A23000A368002BC4D1BDE7A8488AE7012300200A
:10A24000636086E7204603F0A9FD82E7E16C002207
:10A250000D680D92AE7A721ED2B2092A08D801207A
:10A2600040F2513100FA02F21140002940F09D8283
:10A270000423062EC4F8C83000F00185082E00F033
:10A28000FE84022E00F0DE84062E00F0DB84002720
:10A29000082E00F23E850123B34013F48C7F00F0BA
:10A2A000388522680023906F0F930178E9B1D4F8C4
:10A2B0003CE0DEF8B4713E68002E01F098823378FD
:10A2C000994201F066803A4603E01B788B4201F028
:10A2D000608052F8043F002BF7D110F8011F0029CD
:10A2E000EAD11368002B41F053807D480023C4F865
:10A2F000C8302EE7D4F8C0300E2204201621C4F84E
:10A30000C800C4F8C4101A7094E80C0001336360EC
:10A3100092F8CC309B0700F17782204603F026F9B3
:10A3200017E7204605F06EFA13E7204605F09CFC7F
:10A330000FE7204603F094FF0BE70F230020636034
:10A3400007E7204602F01AFE002002E7E36C1B68D4
:10A350009B7A5A1F032A40F224820B2B00F02182A1
:10A36000A36BDB6D002B00F01C82204604F02EFC5A
:10A3700010F5CB4FF9D000287FF4EBAE204604F067
:10A3800007FA10F5CD4FF0D010F5CB4FEDD00028E7
:10A390007FF4DFAE6368A26F0133162A636041F079
:10A3A000B080236F1A780F2A41F0AB802268616970
:10A3B00092F8CC2002F00202002A15BF0E250625D5
:10A3C0000C270427032901F0F580A36B0421D86D25
:10A3D000BC30F5F76FFD002841F08A8106464FF04A
:10A3E00024090DF13C08BD1CD4F8A0309D4201F2B7
:10A3F0008880226FD119D75D4A7842EA0727EA1987
:10A40000934241F07E80E36B0FA92046D3F80434D9
:10A410009847A26B216F4B46D06D42460D443146A2
:10A42000BC308DE8A000F5F74DFD054600287FF40F
:10A4300090AE204603F02CF828468AE6204605F028
:10A44000BBFB86E6E36C20461D6805F0AFF80028EC
:10A450007FF47FAE2268236F92F8CC20D4F8A060FE
:10A4600012F0020FA26F1E440CBF04210C21162A09
:10A4700019440F9140F04A841B78102B40F0468419
:10A48000AB7A022B00F05C87A3F10902012A40F2AB
:10A49000B183DA1E012A40F2AD83052B01F07580ED
:10A4A000072B01F0B280062B01F0E980082B01F0A8
:10A4B0000B81012B41F06680324600232046FFF7D6
:10A4C000CBFB00287FF445AE204602F0AFFD00280C
:10A4D0007FF43FAE6368013363603AE68095FFFF27
:10A4E000808CFFFFE16BD1F8C4310621E26C032BB5
:10A4F000D4F8C0701268616000F08A81927A511FAE
:10A500000B2A18BF032940F27D81B3FA83F35B095C
:10A51000002B40F0778102224FF0010A4021FE1DFE
:10A5200087F805A0B9713A716269032A00F066875D
:10A530004FF008084FF007092068B11C90F8CE30A2
:10A5400003F0020303F0FF02002B00F0B385E36B7E
:10A55000D3F8CC51002D01F0DF80AB69002B01F066
:10A560008A8107F5205B6E6C8B45C1F03B81C1EBA6
:10A570000B03B342C1F0368106F1020E4FF0000A20
:10A580009E450ED901F099B9AB69D3B18B456E6C7C
:10A5900017D3C1EB0B039E4213D806F1020E73458D
:10A5A0000FD30B46300A3246F24403F8020B18462A
:10A5B0004E70A96C08F03CFBD5F830518119002D84
:10A5C000E2D1CAF307225FFA8AFAD4F8C030C91B75
:10A5D00016200D26C4F8C810C4F8C40020461E700A
:10A5E000D4F8C03003F80920D4F8C03003F808A02C
:10A5F00002F0BCFFADE5E16BD1F88836002B00F02E
:10A60000FB80D4F8C030162104220FAFC4F8C41068
:10A610000EAE1A702568D4F8C020A86DA16B02F5A3
:10A6200020530A328DE8C0002D6DA847002840F065
:10A63000DB820E9AC2F30726D1B20A320F9B0025A5
:10A64000D4F8C07020464FEA136E87F804E04FEA52
:10A65000134ED4F8C07087F805E04FEA132ED4F8F3
:10A66000C07087F806E0D4F8C070FB71D4F8C03031
:10A670001E72D4F8C0305972E36BC4F8C820C3F816
:10A68000885602F073FF64E5226892F8CC3099078F
:10A690007FF508ACE16B91F8E031002B3FF402ACA0
:10A6A000D4F8C0302069043361690F9392F8CC204C
:10A6B000C2F3400203F092FD0F9D2068AB1C0F9384
:10A6C000466C002E00F05E87D4F8AC7042F64D1256
:10A6D00005F103092EA93A44D4F8E47041F87C9DB1
:10A6E000D4F8E030C06C0097B04700287FF431AD5B
:10A6F0000F9B162703261221C9EB03032046AB70DC
:10A700000F9BD4F8C020C4F8C4709B1AC4F8C8309A
:10A710001670616002F02AFF1BE5404819E52046EB
:10A7200003F05EFE00287FF414AD6368122BF4D8AA
:10A7300001A252F823F000BF3DA2016031A20160E6
:10A7400089A6016045A201604DA20160E5A40160F7
:10A75000F5A2016023A3016045A401604DA301603F
:10A760003DA401602BA30160F7A5016033A3016044
:10A770003BA3016043A301601BA701601BA701600D
:10A7800039A20160099B53F8044F0993002C40F053
:10A79000D7863C4620467822022103F0F1F9204872
:10A7A000D7E40A2300206360D3E4A6F10902012A5A
:10A7B0001ED8E36B002B00F09284D3F8C031002B3D
:10A7C00000F08D8458680221F5F774FB78B1E36BD3
:10A7D00003F18000002B00F08A84D3F8C031002BF5
:10A7E00000F085845B6800225968EFF72DFA6368F2
:10A7F000013300206360ACE4204603F05BFBA8E477
:10A80000064870470020A4E4204603F00BFD84E5D1
:10A81000236893F8CC30C3F381036FE6008FFFFF0A
:10A820000087FFFF204604F043F9A26EA16810786C
:10A83000537843EA0023002940F0F981B3F5205F03
:10A84000ADDC22681F46204692F8CC3013F0020F90
:10A850000CBF05210D21394403F0DCFF00287FF4F3
:10A8600078AC236893F8CC3003F0020303F0FF02C6
:10A87000002B00F0858507F10D03C4F88830266FA2
:10A880003A46E36B20463146D3F8003498472568B2
:10A8900095F8CC3003F00203002B0CBF04220C22ED
:10A8A00003F0FF039742FFF47AAF3278012A7FF476
:10A8B00076AF7278002A7FF472AFB278002B40F046
:10A8C000F081F37843EA022304339F427FF467AFB9
:10A8D000331D05930423FF1A252F7FF660AF95F8EB
:10A8E000CC2004F11401059B04F11000C2F34002D6
:10A8F00003F07EFC22692368E16B6069C1F87C2665
:10A90000C1F8800693F8CA50AA42C0F2188793F89B
:10A91000CB50A842C0F2138793F8C850AA4240F324
:10A92000CC83256193F8C9306361DDF814C06346B8
:10A9300053F802EF5E689D68D868C1F814E4C1F866
:10A940001864C1F81C54C1F820049D69D3F810E0C4
:10A950005E69D869C1F824E4C1F82864C1F82C54B0
:10A96000C1F830049CF82250202D00F2638105F1DB
:10A9700024084745C0F05E81A06B2022002185603D
:10A980000C3008F079F9A06B059E82680C3006F156
:10A99000230108F04DF9206890F8CC309B0740F176
:10A9A00092832335725D1544EB1C9F42C0F0C08733
:10A9B000D0F848C0BCF1000F03D0A368002B00F012
:10A9C000A680002A7FF4EBAE6B1C08930598089DC7
:10A9D00003460646425D2B445B7843EA0223012B83
:10A9E00019460A9340F32681EB18DA1C9742C0F00F
:10A9F000218111F0010140F01D819A1C835C581ED9
:10AA00000F2800F2178113445A1C9742C0F012819C
:10AA1000A06B416040F27F83DD1CAF42C0F00A8131
:10AA200033443046B65C9B7843EA0626731E022BFD
:10AA300040F20081AB199F4240F0FC800544002E9B
:10AA400000F06983032E40F2F580EB7895F80290D0
:10AA50002A7843EA09296B7809F10407CB4643EACF
:10AA60000223BE42C0F0E68000220692079231E047
:10AA7000042B00F0048200F39180002B00F0708220
:10AA8000012B42D1B9F1010F40F021832B79042B26
:10AA900000F21D83A26B3D4482F87030CBEB0606BA
:10AAA000731F043E022B40F2C580002E00F0368357
:10AAB000032E40F2BF80EB7895F802B02A7843EA83
:10AAC0000B2B6B780BF10407D94643EA0223B742FC
:10AAD00000F2B0800D2B00F00F82C9DD172B00F0C3
:10AAE000D18226DC102B00F0D981162B0DD1B9F1C3
:10AAF000000F40F09F80206890F8CD309A0704D571
:10AB0000636913B1A36B01229A673D44C6E7059BB5
:10AB1000D4F8E46003EB0801D4F8E0300096C06C90
:10AB2000E047E36B002800F04A86012283F8E02129
:10AB30004AE7232B00F061814FF601729342E4D182
:10AB4000A368002B00F04E84D4F8EC305A1C5A4510
:10AB500040F0D5852A79934240F0D185002204F156
:10AB6000FC008DF8332083B105F1050E00EB030CDA
:10AB70001EF8013B10F8012B9DF83310534084451B
:10AB800043EA01038DF83330F2D19DF83330002BC6
:10AB900040F0B58501233D4406937FE70A2B00F082
:10ABA00021820B2BB1D1E06BD0F8843643F0010346
:10ABB000C0F88436B9F1000F3CD02B795A1C5A45A5
:10ABC00038D1691D002BA0D06A79012A40F258843F
:10ABD0001944AB1D04E013F8012B012A40F2508404
:10ABE0008B42F8D13D4459E700230A2219460E93BF
:10ABF0001E4623E5E06B721A8030EFF775F80028E7
:10AC000040F0738525684FF40073E06BEE6900F245
:10AC1000544200F5826101968030AD690095EFF7EE
:10AC20007BF800283FF450ACBC48FFF792BAD4F848
:10AC3000A07024E620463222022102F0A1FFB8488B
:10AC4000FFF787BA21680022D1F884300F92002BD9
:10AC500000F01B84D1F89030002B00F01684E06BDC
:10AC600001F188027C310430EEF7BEFC002800F0D0
:10AC70000F8410F5CA4F7FF439ABFFF76ABAD4F8E6
:10AC8000C03005210022C4F8C8101A71D4F8C830A9
:10AC9000D4F8C010581CC4F8C800CA54AE7AFFF7E4
:10ACA000F0BAF37843EA02230C339F427FF477AD86
:10ACB000A368206F012B00F0278401794379E26BB0
:10ACC00043EA0123591CC2F8D431C2F8D811837960
:10ACD000002B40F01E85C379002B40F01A85037AC3
:10ACE000002B40F0168500F109010322013007F026
:10ACF000ABFF002840F00D8595F8CC309A077FF522
:10AD0000E7AD06F10C0305930C23E4E58548FFF756
:10AD100020BAD4F8C030B21E022A47D8D4F8C820CE
:10AD20000021284613440E91C7EB0309FDF778F97B
:10AD300063698046032B00F0FB84A87A042800F0A6
:10AD40006E850FAE24254B463A46314620460E9579
:10AD500005F014F800288CD105466369032B00F038
:10AD6000B685E16B2768002900F09585D1F8C031E0
:10AD7000002B00F090855A68002A00F08085D4F8F6
:10AD8000C80032462946D4F8C060851C586873193B
:10AD9000FD6903950DADBE698DE868000E9BF5F762
:10ADA00023F900287FF465AFD4F8C0300D9ABAB10A
:10ADB000D4F8C810120A481CC4F8C8005A54D4F871
:10ADC000C830D4F8C020581C0D99C4F8C800D1541C
:10ADD0000D9AD4F8C810D4F8C0300A44C4F8C8207A
:10ADE00016210C222046C4F8C4101A70636801337F
:10ADF000636002F0BBFBFFF7ACB90FA801F0A2FD46
:10AE00002068D0F85480B8F1000F3FF47EAE036D97
:10AE1000002B3FF47AAEE36B0122C3F88826B9F128
:10AE2000000F3FF472AEA368002B7FF46EAE806D0E
:10AE30005B462A1D0FA9C047002840F0DB84D4F8E8
:10AE4000388012A83D44D8F8083008F10C011A46A1
:10AE5000119307F0EDFE404601F078FD7C220FA92A
:10AE6000A06B07F0E5FE7C210FA8F6F777FEE36BF9
:10AE700000220121C3F88826C3F878160EE6B9F13E
:10AE8000000F7FF4D7AE206890F8CD3059067FF5DB
:10AE90003CAEA36B01223D445A67FFE52068D0F821
:10AEA000A4300993002B00F03F84B9F1030F1DDD9E
:10AEB0002979ABF102036A7942EA01229A4215D15B
:10AEC000AB1D2F44BB42184600F02E83EA1DAB7920
:10AED000B91A8B420AD8002B7DD013449F4200F050
:10AEE00023835A1C1B78B91A8B42F4D9204632228C
:10AEF000022102F045FE52E4B9F1010F2F44F5DDC5
:10AF00002A796B7943EA02239A1C5A45EED1D80775
:10AF1000ECD40635AF420BD8C8E000BF0083FFFF7A
:10AF20000087FFFF0084FFFF0235AF4240F2BE8082
:10AF3000687803F09FF880460028F5D0287803F061
:10AF4000A1F881460028EFD00146204603F0EAF838
:10AF50000028E9D14A464146E06B01F077FDE3E77E
:10AF60002068D0F82C80B8F1000F3FF4CEADB9F1D5
:10AF7000010FBBDD6B7995F804E043EA0E2E0EF16C
:10AF800002035B45B2D1BEF1020F05F106021EDDE0
:10AF9000E9792B7A43EA012303F1030CE645A5D3B3
:10AFA000A97961B943E35178937843EA012303F126
:10AFB000030CF4459AD81178002900F038836FF01B
:10AFC00002016244C91A8E44BEF1020FEBD8BEF1F1
:10AFD000000F3FF49AAD20462F22022102F0D0FD4F
:10AFE000FFF7DDBBB9F1010F7FF724AE6B7995F860
:10AFF000049043EA092909F102035B457FF41AAE84
:10B0000019F0010F7FF416AED4F83C80D8F8B431B3
:10B01000002B7FF40FAE4FEA590A04210AF1010A0E
:10B02000BAF10C0F28BF4FF00C0A504607F050FE43
:10B03000002800F07584BAF1010FC8F8B4017FF65A
:10B0400064ADB9F1000F3FF460AD099405F1080853
:10B05000044602E0BAF1010F11D918F8020C18F8F1
:10B06000012C42EA0020EFF793FE18B120600AF1AC
:10B07000FF3A0434B9F1020908F10208EAD1099C47
:10B080003D440BE5B9F1000F7FF4D4AD206890F892
:10B09000CD305B077FF539AD6369002B3FF435ADEB
:10B0A000E36B01223D44C3F88C26F7E401233D46BF
:10B0B0000793F3E49246FFF788BA93F8C9309842B1
:10B0C000C8BF636131E405F1230308937EE42046A1
:10B0D0002F22022102F054FDAB48FFF73AB8236853
:10B0E0009B6E002B7FF46EAB1846FFF76CBB23689A
:10B0F0009B6E002B7FF476AB5B68FFDE0122C3F80A
:10B1000078260C232046636001F090FF00283EF46F
:10B1100038AFFFF71EB8002306930793089D002160
:10B12000059B02350A982B449E1C1D46334603E0BE
:10B130000231023388420ED913F8022C562AF7D175
:10B1400013F8017C002FF3D12068636990F8C910CF
:10B150008B42C0F2DE83079B002B00F0708300233C
:10B160000A9916F8022C22B916F8012CFF2A00F0D1
:10B17000EE82023302369942F3D8D4F8E820012A4D
:10B1800000F0BF83206890F8CC3003F03003202B10
:10B1900000F06983A168012900F05D83636950F8BC
:10B1A00023603068002800F080830A9B0021A046BD
:10B1B0005F1E6B1C47F0010705932F44059D03E0BC
:10B1C000BD427BD00235306815F8012CC0F307234F
:10B1D0009A42F5D12A78C3B29A42F1D1FCF70AFF1C
:10B1E0008146002800F0CE81D8F8143002699A42D6
:10B1F00000F38280826993427EDCD8F8003093F8B5
:10B20000CC309C0702D5037F580775D44846FCF71D
:10B2100029FF40B1D8F83C30D3F8B431002B6BD0C3
:10B220001B68002B68D04846FCF72AFF20B1D8F8ED
:10B230000030DA6B002A52D0D8F81430032B00F01B
:10B2400031824846FCF7ECFED8F83C308346D3F810
:10B25000C841002C00F0A982002800F00E824FF0B7
:10B26000000A20685946BC30F4F724FE002845D176
:10B27000A46853460CB19A46F3E7BAF1000F3BD0ED
:10B280004446D046E36BC3F8C08163683568A06B61
:10B2900001332268E16C0560C1F80090636092F8A8
:10B2A000CC3003F0020303F0FF00002B3EF451AF5B
:10B2B000204603F06FF80020FEF74BBF56F8040F4E
:10B2C00000287FF47BAF4446002900F0EE82404620
:10B2D0002822022102F054FC2C48FEF73ABFD3F892
:10B2E00094204AB1D3F89C2032B1D3F8A0201AB1EF
:10B2F000D3F89830002B9FD1012161E70FAB0122D9
:10B300004946206802F022FF0028B1D1BBF1040FAA
:10B3100000F09F81D8F81430022B00F39681236847
:10B3200093F82831042B00F09081BAF1000F14BF7C
:10B3300053462346A468002C9DD144469A46A0E774
:10B3400032460FA904F13C00FEF764FC00287EF4AD
:10B3500000AF0F9B9E427FF4D9AC25684FF4097271
:10B36000E06BEE6900F5826300F25441019604300F
:10B37000AD690095EEF7D6F900283FF4A5A853E48F
:10B38000C4F88020FFF77BBA0087FFFF8096FFFF9D
:10B3900019780EF18000F1F723FE00287FF469ACE4
:10B3A00020680FA9D4F8C820C669D4F8C070C2F5C7
:10B3B0002053019686693A44E06B00968030EEF7A0
:10B3C000EDFB00287FF455ACD4F8C8700F9AD4F880
:10B3D000C0303A44AE7A1F44C4F8C8209BE400232E
:10B3E000FEF734BEB9F1010F40F089812B79002BB3
:10B3F00040F08581C4F8E890FFF7CCBB2168D1F814
:10B400007480D8F80000E0B11D46914602E058F87B
:10B41000040FB8B102F042FE83460028F7D001467F
:10B42000204602F045FE0028F1D173192A1D83F849
:10B4300002B0154683F803A006F802B083F8059021
:10B44000E5E705462A0AAB1C3D7205F10909FA71C8
:10B450001E4405F10A08FFF76FB80026FEF709BE83
:10B460009246FEF7C8BD2368202206F10C01B260A7
:10B47000D8699E69B04700283EF483ADFEF769BEE7
:10B48000C0F85C213D44FFF709BBCF48FEF72EBF53
:10B49000E76B07F10800E8F791FD2668D4F8C0E0F3
:10B4A0000146F369381DD4F8C82001930FABB66983
:10B4B00072440096EDF7FCFF00287FF4DAABD4F875
:10B4C000C8700F9AD4F8C0303A44AE7A1F44C4F81A
:10B4D000C820FEF7DDBEFF2389F8062089F8053075
:10B4E000A168002940F03C8109F10A0389F807109E
:10B4F00089F8082089F80910C8EB0303981CFEF7A7
:10B5000066BDB248FEF725BEE16B90F804E04379D2
:10B51000D1F8D82143EA0E2393427FF440A90133A6
:10B52000C1F8D831FFF7D3BB099BD3F80090B9F12C
:10B53000000F3FF42FA90B963E4627464C46814606
:10B54000204607F0A5FBB14582463FF41BA94D46B6
:10B5500003E04544AE423FF415A995F8008001355B
:10B56000C245F6D152462146284607F06DFB002819
:10B57000EFD1A1463C4637460B9EC4F8DC903D46D1
:10B58000FFF78CBA9248FEF7E4BD32460FA9204679
:10B59000FEF7D4FA00287EF4DCAD0F9B9E427FF4C8
:10B5A000B5ABA97A204602F0AFFC00283EF48CAF80
:10B5B000FEF7CFBDD4F8A020AA42A2D3D85D02F0F6
:10B5C00061FD064600289CD0236F2046D95D02F01D
:10B5D0006FFD002895D1236F042E3B4414BF0DF15D
:10B5E0003C080DF14C08587802F044FD0146002853
:10B5F00087D0A36BD86DBC30F4F75CFC002880D0FA
:10B600002F464FF00009FEF7EEBE32460FA9204646
:10B61000FEF794FA00287EF49CAD324602230F997F
:10B620002046FEF719FB00287EF493ADB9E70332FC
:10B63000006B2146C04700283FF467AA20467022CD
:10B64000022102F09DFAFFF7AAB84346A0461C4625
:10B6500018E6D8F83C202368D2F8B421D3F8C010FB
:10B66000136809782BB903E652F8043F002B3FF426
:10B67000FFAD1B788B42F7D14CE6444605E63246D7
:10B6800020460FA9FEF75AFA00287EF462AD0FA9F2
:10B69000324604F13C00FEF7BDFA00283FF47DAFCE
:10B6A000FEF757BD4846FCF7D1FC014600283FF4A1
:10B6B000C8ADD8F83C0001F0BFF900287FF4C1AD57
:10B6C0001AE69346FEF72EBD32460FA92046FEF736
:10B6D00035FA00287EF43DAD0F99E06B721A803088
:10B6E000EEF702FB00283FF45CAF3A48FEF731BDAD
:10B6F00004264FF014090DF14C08FEF774BE2046E5
:10B700002822022102F03CFAFFF749B83248FEF73E
:10B7100020BD3248FEF71DBDC56E002D7EF41DAF65
:10B72000AA462A46FEF751BF2F443D46FFF7B6B959
:10B73000B8F1000F40F0A6802548FEF7D7BD20469F
:10B740004622022102F01CFA2548FEF702BDA3683A
:10B75000012B00F0888001232068C4F8E8301DE543
:10B76000002209F10A0304F1FC0189F807201846B8
:10B77000D4F8EC205200013289F80820D4F8EC20EB
:10B78000520089F80920D4F8EC2007F051FAD4F8D7
:10B79000EC20034604F1F0011344184607F048FA80
:10B7A000D4F8EC2003461344A6E600283FF465AF26
:10B7B000D8F800309C6E002C7FF451AD9CE583F8E6
:10B7C000E001FFF701B900BF008FFFFF8082FFFF9C
:10B7D0000094FFFF8083FFFF008CFFFF808FFFFF3F
:10B7E0008091FFFF4FF0000A5246FEF7EEBE3A4648
:10B7F000FEF773BD0FA83D4401F0A8F8FFF74EB95E
:10B800000AF102031621FA18FE5404239670D6702A
:10B8100051706669B6FA86F67609FEF717BC0546DA
:10B820000FAE0195CDF800903B4631460EAA20465A
:10B8300004F006FB00283FF490AAFFF71ABA04218F
:10B84000204602F06FFC0028E06B0CBF04210021B1
:10B8500001F00AF983E4002A7FF4A0AC1BB1069B37
:10B86000002B3FF49BAC20462822022102F088F9ED
:10B870003348FEF76EBC9A461A46FEF7A6BE31481C
:10B88000FEF734BD4146E06B01F0D6F805460028CE
:10B890003FF452AFC4E7BA6E002AF0D05368002BD1
:10B8A000EDD069B91346FFF76ABA20462822022173
:10B8B00002F066F92448FEF74CBC5246FEF785BEFE
:10B8C000D1F8C031002B08BF1346FFF758BAD4F89F
:10B8D000C8702846D4F8C0907B1CC4F8C83002F069
:10B8E000DDFB09F80700D4F8C8704046D4F8C080E2
:10B8F0007B1CC4F8C83002F0B1FB08F80700FFF762
:10B9000030BAA368012B02D1069B002BABD0206874
:10B9100044E42046022102F033F90948FEF719BC3D
:10B9200020465022022102F02BF90848FEF711BCF4
:10B9300020464622022102F023F90148FEF709BC05
:10B940000087FFFF008AFFFF808CFFFF0081FFFF61
:10B9500070B50446C06B0D46164600F50270F3F74D
:10B96000BBFAE06B3246294600F51870F9F764FE21
:10B97000E06B3246294600F52F70FAF7A7FCE06B22
:10B980003246294600F54A70BDE87040FCF7B0B871
:10B9900070B50446C06B0D46164600F50270F3F70D
:10B9A0009BFAE06B3246294600F51870BDE87040FE
:10B9B000F9F742BE30B5AFB005460C4601A8F2F724
:10B9C00037FE17A8F8F774FCE96B01A801F50271BE
:10B9D000F2F738FEE96B17A801F51871F8F772FC59
:10B9E000214601A8F3F77CFA04F1100117A8F9F732
:10B9F00027FE01A8F2F720FE17A8F8F75DFC2FB08C
:10BA000030BD00BF2DE9F043866BBBB004468846CD
:10BA10009146002E3BD00DA81E4DF2F709FE23A83B
:10BA2000F8F746FCE16B0DA8242701F50271F2F747
:10BA300009FEE16B23A801F51871F8F743FC164BDA
:10BA400004A90DA8B9F1000F08BF1D46F3F748FA85
:10BA500008A923A8F9F7F4FDE46B0C232A4630214A
:10BA6000CDF80480029306F12C0004AB0097D4F8C3
:10BA70000C44A0470DA8F2F7DFFD23A8F8F71CFC43
:10BA8000394604A8F6F76AF83BB0BDE8F083466B88
:10BA9000C1E700BF404C0020304C0020C06B00F5D7
:10BAA0002F70FAF713BC00BF30B59DB005460C46A9
:10BAB00001A8F9F723FFE96B01A801F52F71F9F748
:10BAC00027FF214601A8FAF705FC01A8F9F71AFF9C
:10BAD0001DB030BD2DE9F043866BA9B00446884601
:10BAE00091465EB30DA8164DF9F708FFE16B0DA85E
:10BAF000202701F52F71F9F70BFF124B05A90DA8AF
:10BB0000B9F1000F08BF1D46FAF7E4FBE16B0C2307
:10BB10002A46CDF80480029306F12C0005AB00976D
:10BB2000D1F80C443021A0470DA8F9F7EBFE3946B7
:10BB300005A8F6F713F829B0BDE8F083466BD1E706
:10BB4000404C0020304C0020C06B00F54A70FBF7E1
:10BB5000CFBF00BF30B5B7B005460C466846FAF710
:10BB600013FEE96B684601F54A71FAF717FE2146A4
:10BB70006846FBF7C1FF6846FAF70AFE37B030BDEA
:10BB80002DE9F043876BC7B00446884691465FB302
:10BB900010A8164EFAF7F8FDE16B10A8302501F554
:10BBA0004A71FAF7FBFD124B04A910A8B9F1000F76
:10BBB00008BF1E46FBF7A0FFE16B0C233246CDF811
:10BBC0000480029307F12C0004AB0095D1F80C44DB
:10BBD0002946A04710A8FAF7DBFD294604A8F5F787
:10BBE000BDFF47B0BDE8F083476BD1E7404C002074
:10BBF000304C002000487047808FFFFF004870479E
:10BC0000808FFFFF70B504460E4601200C211546BB
:10BC100007F05EF880B1002321680660456083600C
:10BC200009B906E019468B68002BFBD188601846DD
:10BC300070BD2060084670BD004870BD0081FFFFE8
:10BC400060B138B504462068E56807F025F820465D
:10BC500007F022F82C46002DF5D138BD704700BF03
:10BC6000C26B0346416CD2F8FC01814226D0F0B48D
:10BC7000D3F8B05002F5007682B05864C2F8FC11D7
:10BC80006C46376828686A46696876682F606E6017
:10BC9000DD6B03C403CAC5F80002C5F804125A6C70
:10BCA0006AB1596901290ADDD1681269D3F8BC006B
:10BCB0008A1A0244C3F8C02002B0F0BC7047D3F81F
:10BCC000BC20C3F8C020F7E72DE9F04FB7B0044619
:10BCD0009346994603A80191429E439DF2F7F2FADA
:10BCE0002046F2F7E3FA002800F089808246F2F756
:10BCF00049FB0446484606F0CBFF419B04EB000895
:10BD000007464344802B73D816AB4946024603EBE3
:10BD10000409484606F08CFF16AB419A03EB080075
:10BD2000409906F085FF5146012203A8F2F7EAFA8E
:10BD3000804610B137B0BDE8F08F419B5A4601995B
:10BD400003A81F44F2F756FB494603A83A46F2F708
:10BD5000C7FB16A903A8F2F7D7FB002D4CD0274448
:10BD60000DF118096FEA040A03A8F2F703FC3A463A
:10BD700016A903A8F2F7B4FB494603A8F2F7C4FBDF
:10BD800003A8F2F7F7FB224616A903A8F2F7A8FBCF
:10BD900016A903A8F2F7B8FB04EB080E754525D2E7
:10BDA000B5FBF4F104FB115171B108F1FF300AEB5E
:10BDB0000E030DF1170201443344701812F8011FED
:10BDC00003F8011F8342F9D17545F046CCD803A88A
:10BDD000F2F77EFA16A88021F5F7C0FE484640210A
:10BDE000F5F7BCFE002037B0BDE8F08F2146DBE759
:10BDF000044837B0BDE8F08F0DF11809E7E70248B5
:10BE000098E700BF008FFFFF0094FFFF70B584B07C
:10BE1000089E099D0A9C009313460A460146019616
:10BE2000062002950394FFF74FFF04B070BD00BFDA
:10BE300070B584B0089E099D0A9C009313460A467B
:10BE400001460196072002950394FFF73DFF04B0D9
:10BE500070BD00BF2DE9F04FADB090469A468B46BD
:10BE6000019004A8379D389CF2F72CFA404606F062
:10BE70000FFF369B00EB030909F11406802E00F238
:10BE8000D88007460246414611A806F0D1FE0CAB09
:10BE900007F114005146369A184406F0C9FE0320F3
:10BEA000F2F704FA0146002800F0CC80012204A831
:10BEB000F2F728FA074618B138462DB0BDE8F08FE2
:10BEC0000BF1010A019904A84FEA5A031A4602939A
:10BED000F2F790FA11A94A4604A8F2F701FB0DA95E
:10BEE00004A8F2F711FBACB3BA4604F00F0309F152
:10BEF000100807AF039304A8F2F73CFB42460DA9D4
:10BF000004A8F2F7EDFA394604A8F2F7FDFA04A8FE
:10BF1000F2F730FB10220DA90DEB0200F2F7E0FA68
:10BF20000DA904A8F2F7F0FA0AF1100E7445C0F05A
:10BF3000848010200AF1FF320DF11B0100232A44F6
:10BF4000013311F801CF984202F801CFF8D87445B7
:10BF5000F246D0D804A8F2F7BBF90420F2F7A6F90C
:10BF6000014600286ED0012204A8F2F7CBF907465B
:10BF70000028A1D1029A04A8019BC2EB0B010B443B
:10BF80001946F2F737FA11A94A4604A8F2F7A8FAB7
:10BF90000CA904A8F2F7B8FA002C5AD02E4BB946D7
:10BFA00007AFA3FB04384FEA181808EB8808A4EB86
:10BFB000880804A8F2F7DEFA32460CA904A8F2F7C2
:10BFC0008FFA394604A8F2F79FFA04A8F2F7D2FADA
:10BFD00014220CA904A8F2F783FA0CA904A8F2F71A
:10BFE00093FA09F1140C64452ED34FF0140E09F1A5
:10BFF000FF320DF11B0000212A4412F8019F01318C
:10C0000010F8013F8E4589EA03031370F5D86445A3
:10C01000E146CED804A8F2F75BF90CA88021F5F729
:10C020009DFD38461421F5F799FD00202DB0BDE89F
:10C03000F08F0A482DB0BDE8F08F039B1846002B07
:10C0400085D077E7064838E7B8F1000FDFD0C6465D
:10C05000CDE707AFDEE700BFCDCCCCCC008FFFFF34
:10C060000094FFFF022906D049420238C9B2C043FA
:10C070005170107070470238FF21C043517010702A
:10C08000704700BF4FF48472002106F0F5BD00BF79
:10C0900090F8CC3061F3000380F8CC30704700BFDB
:10C0A00090F8CC3061F3410380F8CC30704700BF8A
:10C0B00090F8CC3061F3830380F8CC30704700BF38
:10C0C00041638263704700BF8161C261704700BFF6
:10C0D00001614261704700BF10B4019C81624462FB
:10C0E000C26103625DF8044B704700BFC0F8A8103E
:10C0F000704700BF83650165426542B1084610B4D0
:10C1000014460022234611465DF8044B1847704739
:10C110000165426583657047C1650266704700BF6F
:10C1200090F8CD3061F3C30380F8CD30704700BF85
:10C13000C0F8C010704700BFC0F8AC10C0F8B02005
:10C14000704700BF816202624362704701604160D4
:10C150008160C160704700BF032A03D1032B98BFE1
:10C1600040F82310704700BF41667047C166026700
:10C17000704700BF683045E5002B18BF00292DE946
:10C18000F047089E4BD0202A49D8340C47D1B6F549
:10C19000205F94BF4FF000084FF00108B8F1000F86
:10C1A0003DD10446D0F894001F468A46154658B142
:10C1B000D4F89810F5F7D2FCD4F8940006F06CFD92
:10C1C000C4F89480C4F89880D4F89C0030B106F08C
:10C1D00063FD0023C4F89C30C4F8A0302946012038
:10C1E00006F076FD8146C4F8940050B33146012034
:10C1F00006F06EFD8046C4F89C0098B12A46514670
:10C20000C4F898504846C4F8A06006F011FD3246C4
:10C210003946404606F00CFD0020BDE8F0870A488C
:10C22000BDE8F0870546484606F036FD284606F08C
:10C2300033FD00230548C4F89430C4F89C30BDE8B1
:10C24000F087D4F89C50EEE7008FFFFF0081FFFFDE
:10C25000A1B32DE9F041C46B54B3202A94BF4FF031
:10C2600000084FF00108B8F1000F21D10646D4F8BC
:10C27000B8010F46154658B1D4F8BC11F5F76EFC5D
:10C28000F36BD3F8B80106F007FDF46BC4F8BC817A
:10C290002946012006F01CFDC4F8B80158B1C4F8C5
:10C2A000BC512A46394606F0C3FC0020BDE8F081A7
:10C2B0000348BDE8F0810348BDE8F08100487047BD
:10C2C000008FFFFF0081FFFFC1630264704700BF62
:10C2D000F8B500F17C06044617460A4630461021A0
:10C2E000E8F780FA48B1054688343046E7F768FC3D
:10C2F0002046E7F765FC2846F8BD88343A46102109
:10C300002046E8F76FFA05460028EED12846F8BD2A
:10C31000F8B500F17C0604461F463046E7F754FEA8
:10C3200048B1054688343046E7F74AFC2046E7F72F
:10C3300047FC2846F8BD88343946069A2046E7F778
:10C3400043FE05460028EED12846F8BDF8B500F1B9
:10C350007C0604460F4604313046E7F7B3FC48B18B
:10C36000054688343046E7F72BFC2046E7F728FCE3
:10C370002846F8BD883407F110012046E7F7A2FCF3
:10C3800005460028EED12846F8BD00BFC0F8C4100D
:10C39000704700BF8167704741677047F8B5054631
:10C3A00019B308460E4606F073FCFF2804462ED843
:10C3B000D5F8D87057B1384606F06AFC01463846C1
:10C3C000F5F7CCFBD5F8D80006F066FC611C01201F
:10C3D00006F07EFC0746C5F8D800D0B131462246AB
:10C3E00006F026FC00203855F8BDD0F8D84054B1EE
:10C3F000204606F04DFC01462046F5F7AFFBD5F888
:10C40000D80006F049FC0020C5F8D800F8BD024865
:10C41000F8BD0248F8BD00BF008FFFFF0081FFFF9D
:10C42000C06B00F5E470FFF7EDBB00BFC36BC3F852
:10C43000CC11C3F8D0217047C36BC3F8C411704747
:10C44000C1620263704700BF2DE9F0418046086871
:10C450000F4678B10D4600244FF6FF7606F018FC23
:10C46000431E0444FE2B0AD8B44208D855F8040FE2
:10C470000028F3D1C8F8A4700020BDE8F08101487D
:10C48000BDE8F081008FFFFFD0F8DC00704700BFEF
:10C4900080F8C81080F8C920704700BF80F8CA1023
:10C4A00080F8CB20704700BF90F8CE3061F30003D6
:10C4B00080F8CE30704700BF90F8CD3061F3410373
:10C4C00080F8CD30704700BF90F8CD3061F3820323
:10C4D00080F8CD30704700BF90F8CE3061F3410353
:10C4E00080F8CE30704700BF0429034610D84A1E9A
:10C4F000032A07D9B3F8CC20002061F38812A3F8EF
:10C50000CC207047034850F82220B2F5205FF1D9C3
:10C510000148704764060020008FFFFF90F8CD307F
:10C5200061F3861380F8CD30704700BF90F8CD30AE
:10C5300061F3041380F8CD30704700BF90F8CD3020
:10C5400061F3C71380F8CD30704700BF90F8CD304D
:10C5500061F3451380F8CD30704700BF90F8CC30C0
:10C5600061F3051380F8CC30704700BFC0F8B410F9
:10C57000704700BF0A684B68C0F8B820C0F8BC30EC
:10C58000704700BF0346D0F8A800012816D01A68EB
:10C5900092F8CC20920705D5D3F88010D3F88820E4
:10C5A00091420AD8D3F8A02012B1D96F8A4204D39D
:10C5B000586F003018BF012070470120704700BF3E
:10C5C000436F0BB1C06F704718467047436B0BB198
:10C5D000186E7047836B002BFAD14FF0FF30704715
:10C5E00020B1436B13B11868FBF752BD00207047B0
:10C5F000036893F8CC309B0708D54269022A0ED015
:10C60000084B0948032A08BF184670474369032BA3
:10C6100003D8064A52F8230070470548704705487A
:10C62000704700BF5C4C0020684C002004060020CE
:10C6300020390020504C0020436CCBB11A6DAAB1B8
:10C64000517802290ED011D3063902290ED89A68E2
:10C65000036893F8CC3013F0020F0CBF05230D23B1
:10C66000D018704752695B691A44F1E70548704772
:10C67000036893F8CC3013F0020F0CBF05200D2097
:10C68000704700BF0094FFFF0368B3F8CC30C3F3DA
:10C690008213013B032B10D80D4A52F82320036B61
:10C6A0004BB193F87030013B032B09D9B2F5205FF1
:10C6B00028BF4FF42052104670474FF42052EEE747
:10C6C000034951F823309A4228BF1A461046704752
:10C6D0006406002010B1406B00B1C06D704700BF10
:10C6E000A0B1026892B110B592F8CC300446DA07D6
:10C6F00004D52046BDE81040FDF79EBBFBF776FD54
:10C70000236893F8CC30DB07F3D410BD00487047A2
:10C71000008FFFFF78B1036810B504461BB908E02D
:10C72000FFF7DEFF30B963682046102BF8D10020F8
:10C7300010BD024810BD0148704700BF008FFFFFC9
:10C74000D022002106F098BAF0B51F4690F8CC3000
:10C75000C5B0044661F300030D46164662F341037B
:10C7600080F8CC3000294BD1D9B2022390F8CD20EB
:10C770004FF47A7E63F3830190F8CE30A0F8B8507E
:10C7800042F09E0243F00203494884F8CC104EF672
:10C79000602184F8CD20102284F8CE304FF0FF3392
:10C7A00060644448C4F8ACE0A064C4F8B010C4F8B5
:10C7B000B420C4F8BA30A4F8BE30022F5CD00122F5
:10C7C0000323964284F8CA3084F8C83084F8C9300C
:10C7D00084F8CB2068D0FBF7B9FB374A374B626649
:10C7E0006367E060A06060602060EEF79FFA4FF43E
:10C7F00080620023A067C4F8C420184645B0F0BD8D
:10C8000090F8CD204FF47A7190F8CE304EF6602E2D
:10C81000C0F8AC1042F01E0243F00203244884F832
:10C82000CD20102184F8CE3000224FF0FF33606419
:10C83000012D2048C4F8B0E0A064C4F8B410A4F8F6
:10C84000B820C4F8BA30A4F8BE30B6D14FF4807224
:10C850001B4904A806F0ECF94FF0020E04A900955C
:10C8600003AB4FF4807220468DF80CE0FFF750FDCB
:10C870000028A2D00346C0E7002312480321124A31
:10C88000124E134DA067184684F8CA1084F8CB10D6
:10C8900084F8C81084F8C910E260A2606260226067
:10C8A0006666656745B0F0BD022384F8CB3092E739
:10C8B000F5BB0160FDBB016008F60260086A00205C
:10C8C000DC0400202C6A0020206A002018F6026098
:10C8D000306A002038B505467C30E7F771F905F17C
:10C8E0008800E7F76DF9D5F8940060B1D5F8981095
:10C8F000F5F734F9D5F8940006F0CEF90023C5F821
:10C900009430C5F89830D5F89C0060B1D5F8A010E7
:10C91000F5F724F9D5F89C0006F0BEF90023C5F818
:10C920009C30C5F8A030A86E28B1846806F0B4F930
:10C930002046002CF9D12846D021BDE83840F5F733
:10C940000DB900BF7C22002106F096B988B110B560
:10C950000446C06D20B105F005F8E06D06F09CF9C5
:10C96000606E06F099F920467C21BDE81040F5F78D
:10C97000F5B8704770B50C460646FFF7E7FF7C2216
:10C980002146304606F054F9E36D83B14FF49A71B5
:10C99000012006F09DF9F065F8B104F0DDFFE36DCC
:10C9A000F06D5A68996805F049F8054670B9606EEF
:10C9B00058B1A56E0120294606F08AF9706660B16B
:10C9C0002A46616E06F034F9002070BDF06D06F065
:10C9D00063F900232846F36570BD014870BD00BFB0
:10C9E0000081FFFF98B191B1836B83B1026892F827
:10C9F000CC20D2070BD410B504461846FFF7BAFF77
:10CA000020B9E36B0122C3F8782610BD10BD0148A0
:10CA1000704700BF008FFFFF0B4648B141B1416B2B
:10CA200031B1026892F8CC20D20701D41846A1E7B0
:10CA300000487047008FFFFF012905D0042901D16C
:10CA4000407870470020704700787047012906D071
:10CA5000042903D1437803B94270704770470378C3
:10CA6000002BFAD10270704701704170704700BF0F
:10CA7000B0B110B504465030EAF78CFF04F19000D5
:10CA8000EAF788FF04F13800F1F722FC04F14400D2
:10CA9000F1F71EFC2046D021BDE81040F5F75EB846
:10CAA000704700BF38B5C56B002D41D005F5027049
:10CAB000F1F7C2FD05F51870F7F7FEFB05F52F70CD
:10CAC000F8F720FF05F54A70F9F762FE281DECF72C
:10CAD00027FF05F18000EDF73DF8D5F8B40106F029
:10CAE000DBF8D5F8B80138B1D5F8BC11F5F736F850
:10CAF000D5F8B80106F0D0F8D5F8C80128B1846897
:10CB000006F0CAF82046002CF9D1D5F8DC0106F071
:10CB1000C3F8D5F8E40106F0BFF8D5F8F001FFF747
:10CB20008FF828464FF4D261BDE83840F5F716B8C3
:10CB300038BD00BF2DE9F0410446C06C08B1FFF7D5
:10CB400097FFA06B08B1FFF701FFE56B1DB1204611
:10CB5000FFF7A8FFE56BE36C002B00F08980A36B67
:10CB6000002B76D0002D7AD0E36C002B00F086806D
:10CB7000A06B002800F082807C22002106F07CF867
:10CB8000E56CD0220021284606F076F805F1500029
:10CB9000EAF7FCFE05F19000EAF7F8FE05F138002F
:10CBA000F1F790FB05F14400F1F78CFBE56B4FF4D6
:10CBB000D262002105F5027805F51876284605F5BC
:10CBC0002F7706F059F84046F1F732FD3046F7F777
:10CBD0006FFB4046F1F73CFD3046F7F779FB05F572
:10CBE0004A763846F8F78AFE00213846F8F796FE6E
:10CBF0003046F9F7C9FD01213046F9F7D5FD00238C
:10CC0000264A281D2B70C5F800246B70ECF71EFC1B
:10CC100005F18000ECF798FF03222368C5F8C421D2
:10CC200093F8CC20920711D5E26B616CC2F8FC112D
:10CC300093F8CC3013F0010318BF022382F8EC31D3
:10CC4000636D1BB10022206D114698470020BDE89E
:10CC5000F0817C21012006F03BF8A06382E74FF4CD
:10CC6000D261012006F034F8E06338B105467BE775
:10CC7000D021012006F02CF8E06470E7284606F089
:10CC80000BF8E06C06F008F8A06B06F005F800233E
:10CC90000348E363E364A363BDE8F08151B9016035
:10CCA0000081FFFFF8B504460F46012042F64D1102
:10CCB000276006F00DF8E06500284FD0054642F6E3
:10CCC0004D11012006F004F80646C4F8AC00002817
:10CCD00040D097F8CC309B071ED400F1080E00F12D
:10CCE0000B0700F10D0205F10D0305F1080005F138
:10CCF0000B01C4F8B060606620462566C4F8B4E055
:10CD0000C4F8B870C4F8BC20C4F8C020A166E366BB
:10CD10002367BDE8F8400DE700F1030E00F10B07B3
:10CD200000F10D0205F10D03E81C05F10B01C4F83B
:10CD3000B460206620466566C4F8B0E0C4F8B870F8
:10CD4000C4F8BC20C4F8C020A166E3662367BDE830
:10CD5000F840EFE6284605F09FFFE6650048F8BD7D
:10CD60000081FFFFF8B50022436D04460D46426086
:10CD700013B11146006D9847E26D00230D32A36098
:10CD8000E360C4F8EC30C4F8F030C4F8F430C4F810
:10CD9000F830C4F8FC30C4F80031C4F80431C4F8E9
:10CDA000E8306367A367E36722670DB9C4F8805072
:10CDB000D4F8AC0000230026002700F10D0194F9FF
:10CDC000D020C4F88830A4F88430C4F8C010C4F867
:10CDD000A030C4F8A430C4F8A830C4F8C430C4F8F3
:10CDE000C830C4F8CC30C4E92467C4E926670AB166
:10CDF00084F8D030002342F64D1223641946636450
:10CE000005F03AFFCDB1A06C30B1FFF731FEA06C58
:10CE100005F042FF0023A364606B30B1FFF796FD7D
:10CE2000606B05F039FF002363630023C4F8DC3036
:10CE300055B12046BDE8F8407CE642F64D12294641
:10CE4000E06D05F019FFDEE7D4F8E00005F024FFFF
:10CE5000C4F8E050C4F8E4502046BDE8F84069E664
:10CE600000217FE710B50446FFF764FE80B9236810
:10CE700093F8CC309A0702D5A268032A09D0002281
:10CE8000012320466260A360BDE81040FFF742BC6A
:10CE900010BD13F0010F4FF00102E36B14BFC3F894
:10CEA000D421C3F8D821EAE7002850D038B5044689
:10CEB000D0F8AC0038B142F64D11F4F74FFED4F87B
:10CEC000AC0005F0E9FEE06D30B142F64D11F4F72B
:10CED00045FEE06D05F0E0FEA06C20B1FFF7C8FD57
:10CEE000A06C05F0D9FEE36B8BB12046FFF7DAFDAD
:10CEF000E06CFFF7BDFDA06BFFF728FDE06B05F0D0
:10CF0000CBFEE06C05F0C8FEA06B05F0C5FE606BC3
:10CF100020B1FFF71BFD606B05F0BEFED4F8D850C2
:10CF200055B1284605F0B4FE01462846F4F716FE32
:10CF3000D4F8D80005F0B0FED4F8E00005F0ACFE5F
:10CF400020464FF48471BDE83840F4F707BE7047BF
:10CF500010B50446FFF7A6FDE06B05F09DFE00232B
:10CF6000A06CE36320B1FFF783FDA06C05F094FE95
:10CF7000E26C0023A264E36410BD00BF38B583688F
:10CF80000446C26B012BD2F878562CD0606B38B1B6
:10CF9000826FA36B9A67FFF7D9FC606B05F07CFE8C
:10CFA00023680020A16B5A6A6163A06312B188688C
:10CFB00000B1EDB193F8CC309B070DD5E36BD3F8FE
:10CFC000F0314BB1636D1BB10022206D11469847C3
:10CFD00063680133636038BD2046FFF7B9FF6368BB
:10CFE0000133636038BD022200238260C360CDE755
:10CFF000986A90472368DDE710B50446C06B00F5DA
:10D000000270F1F725FBE06B00F51870F7F760F997
:10D01000E06B002100F52F70F8F780FCE06B012138
:10D0200000F54A70BDE81040F9F7BEBB2DE9F04F9E
:10D03000836BD9B0C66C054604933368C46B187A09
:10D04000EAF77EFC002800F0F08133688046587AC9
:10D05000F1F72CF98246002800F0E7816B69022B7A
:10D060002FDC934B934AC4F80C34934BC4F804243C
:10D07000C4F80834D4F8783653BBEB6BD3F88C265D
:10D08000012A00F0F080049B302204F2544904F29B
:10D09000144B2C33D4F810140292184606934023F4
:10D0A000864A0190484600935B46D4F80C74B84712
:10D0B00058B918AB05934FF409714846F4F74EFD83
:10D0C0000FE0032B00F07A817D4859B0BDE8F08F66
:10D0D000049B04F2144B04F254492C33069318AB0E
:10D0E00005935F460DF1200C3868103757F80C1C7B
:10D0F000E64657F8082C0CF1100C57F8043C4F4545
:10D10000AEE80F00F0D110AF0DF1200E0FCFCBF82D
:10D110000000CBF80410CBF80820CBF80C300FCF70
:10D12000CBF810004027CBF81410CBF81820CBF820
:10D130001C30BEE80F00C4F83404C4F83814C4F836
:10D140003C24C4F84034BEE80F00C4F8440408A8E6
:10D15000C4F848143946C4F84C24C4F85034F4F7E1
:10D16000FDFC4FF48072059B3021029201935B46D7
:10D1700000970698D4F80C44524AA0470028A4D13E
:10D1800039465846F4F7EAFC98F80120D8F80440EC
:10D1900002F0FD03E408082B746000F09780062A73
:10D1A00000F094800122514606F13800F1F7AAF808
:10D1B00000288AD10122514606F14400F1F7A2F875
:10D1C000002882D15046F1F7DDF8049B81465B6F61
:10D1D0007061012B00F03581024698F80130D8F8D3
:10D1E0000C10072BF16000F02281049B9B6F012B38
:10D1F000D8F8143000F03881B2FBF3F203FB0232AE
:10D20000B2606B69012B40F22D81023B012B3FF68E
:10D210005BAF03B2B268059C0A445B0005992044E9
:10D220003769746801EB030BB2602A6892F8CC206E
:10D23000D20700F11C8104EB030A059B07909A4476
:10D2400007B9F768059B3A460AEB040106F1180096
:10D25000049305F0EDFC39193A4606F128005144D3
:10D2600005F0E6FC68E018AAD3F804342846114615
:10D27000059298476B69032B00F0AE802422049B33
:10D2800004F25449D4F810142C3300920E4A184674
:10D2900006933023019048460293059BD4F80C7402
:10D2A000B84700287FF411AF04F2144B03E700BF26
:10D2B00055BE0160B5B9016005BA0160904C00200F
:10D2C0000094FFFFA04C0020784C002000230C2786
:10D2D0000A2A7361F76000F096800422082317463B
:10D2E000326131682A68097F11F0020F0CBF1021EA
:10D2F00008210B44B36092F8CC9019F0010900F0BA
:10D300008E80059A002392469946049204EB030B03
:10D31000059B9B44002F67D0059B3A460BEB04010D
:10D3200006F12800079305F083FC39193A4606F107
:10D330001800594405F07CFC6B69002B7FF7C4AEE4
:10D34000B9F1000F52D12B68DC6D3CB1186E4B4621
:10D35000019775680699059A0095A04706F1500453
:10D3600041462046EAF726FB00287FF4AEAE903611
:10D3700041463046EAF71EFB00287FF4A6AE594628
:10D380000123D8F804202046EAF740FB00287FF468
:10D390009CAE03465146D8F804203046EAF736FBE7
:10D3A00000287FF492AE98F80130022B4CD00598FB
:10D3B0004FF48071F4F7D2FB002086E633685B7A85
:10D3C000072B22D02B4B2C4AC4F80C342B4BC4F81F
:10D3D0000424C4F808344DE6EB6C1B685B7A072B19
:10D3E00014BF202230224AE7F76895E704994A469D
:10D3F00006F13800F0F7FEFF4A46079906F14400AF
:10D40000F0F7F8FF9FE737616BE71D4B1D4AC4F843
:10D410000C341D4BC4F80424C4F808342AE6059AD9
:10D4200002EB040A079293460CE718484DE603B254
:10D43000B26005995B0074680844376901EB030B1F
:10D44000F3E60A227261C8E620460421EAF702FBED
:10D4500000287FF43AAE30460421EAF7FBFA0028B0
:10D46000A5D032E603B2E4E71344B360C9E6049002
:10D47000DA464BE70DBE0160A9BA0160D5BA01607A
:10D4800031BE016055BB016081BB0160008FFFFFB1
:10D490004368102B10B5044607D0C36B8BB1D3F88B
:10D4A0000034D0F8A020016F9847236893F8CC305F
:10D4B0009B0706D5E36B23B1D3F8D8210132C3F81B
:10D4C000D82110BD70B5C569002D47D00446D0F8ED
:10D4D000CC0050B936E0D4F8CC108142A1EB00006A
:10D4E00032D3C4F8CC00A8B1E56923680246D4F869
:10D4F000C81093F8CC30091AD4F8B46013F0020FB6
:10D50000A06A0CBF05230D2319443144A847002805
:10D51000E1DC70BD082107E0D4F8B050AB5C01330A
:10D52000DBB2AB5493B9D1B223684A1E93F8CC3026
:10D5300003F00203994203F0FF05EDD805B1022084
:10D54000814209D0002070BD054870BD236893F862
:10D55000CC309B07F6D5F2E7024870BD024870BD9B
:10D560000094FFFF8094FFFF008FFFFF03682DE909
:10D57000F04F93F8CC309DB00446D0F8C8609A07BD
:10D5800043D5C76B002F00F0FA8197F8EC31D0F843
:10D59000C450012B2ED0162D2CD1D4F8C0301D78BC
:10D5A0001DB1E26B002A00F09E80321F100C110AA0
:10D5B0005870D4F8C0309970D4F8C030DA7023684D
:10D5C00093F8CC309B0700F19F81002D00F0A582DD
:10D5D000E36B3246D4F8C0102046D3F800349847A5
:10D5E000236893F8CC309F0740F19782E76BD4F81B
:10D5F000C45047B197F8EC31012B04D025F0020359
:10D60000142B00F0D281EBB204E0D0F8C430162B1A
:10D61000C3D0DBB2D4F8B42013702368206993F828
:10D62000CC3061699D07D4F8B42000F1AE81507010
:10D630009170D4F8B830320A1A70D4F8B8305E70ED
:10D64000656C002D00F0AC80216B00294BD02A6D59
:10D65000D4F8C830002A00F0A281B3F5205F92F818
:10D6600001801E4600F29F81B8F1070F00F0AB80E9
:10D67000B8F1020F00F08D8108F0FD03082B40F097
:10D680007981002310AF0A932A68BE46D4F8B030DF
:10D69000127F1868596812F0020FEB68226808BF01
:10D6A0004FF01008099318BF4FF0080894F8C430E1
:10D6B000D5F81090AEE803008DF8483092F8CC20F1
:10D6C00020699307616900F1BD81DDF824E08DF8E0
:10D6D00049008DF84A10320ABEF10C0F8DF84C60EB
:10D6E0008DF84B2003D0C9481DB0BDE8F08FD5F8A8
:10D6F00010A0BAF1040F00F0B681BAF10C0FF2D10C
:10D700002A46D4F8B0100DAB0DF1370E52F8180FB1
:10D7100001F1FF3C0B930DF13F0B5168926807C379
:10D72000099B1EF8011F1CF8012FF34582EA010234
:10D730008EF80020F5D10993099B0DF1300CD4F837
:10D74000C0E005F15000C9EB0303CDF818800EEBE3
:10D75000060B02969A193B460D270B99C4F8C82070
:10D760005246CDF80CE0CDF804E0CDF814B0CDF879
:10D7700010C00097EAF7F6FB0028B5D10C9BB34226
:10D78000B1D1D4F8C8300A9A4344C4F8C830002A4A
:10D79000A9D1D4F8B820190A1170D4F8B820537060
:10D7A00023682046D4F8C82093F8CC3013F0020F39
:10D7B0000CBF05230D231344C4F8CC30FFF782FEC1
:10D7C0001DB0BDE8F08F6369002B8CDD05F13800DA
:10D7D0000822D4F8B01010AFF0F782FE606C03227C
:10D7E000D4F8B4103830F0F77BFE606C0222D4F825
:10D7F000B8103830F0F774FE606CD4F8C820D4F854
:10D80000C0103830F0F76CFE606C39463830F0F7F5
:10D810007BFE606C3830F0F7ADFED4F8C820636C46
:10D820003946D4F8C00010445A6905F001FA656C15
:10D83000D4F8C86008F0FD026B69082A3344C4F8C4
:10D84000C8301E4600F06681B8F1060F00F0628114
:10D85000B8F1020F7FF447AF01260022581C0D9249
:10D86000ED68B0FBF5F105FB1100281A854200F0C8
:10D87000C780C5B201E0D4F8C830D4F8C0100B445A
:10D880009D5401329042F6D2D4F8C85063690135F4
:10D89000012B0544C4F8C85040F3D0802268636C63
:10D8A0009569D06903F11801DA68A84700287FF468
:10D8B0001BAF616CD4F8BC00CA68183105F0B8F928
:10D8C000606CD4F8C850C268D4F8C0302A44C4F898
:10D8D000C8200DA9C2680193029100F118010095BA
:10D8E0005030EAF713FB00287FF4FEAE0D9B9D42FB
:10D8F0007FF4F9AE6369012B40F3AD80002E00F098
:10D90000CA80D4F8C83044E7D4F8C830C3F52053EF
:10D91000072B48D9D4F8C0000836011D0C3005F09B
:10D9200097F9D4F8C8300833C4F8C830002D71D046
:10D93000E36B0022D4F8C010D3F8D4311B0A0B716A
:10D94000E16BD4F8C030D1F8D4115971E06BD4F840
:10D95000C010D0F8D4310133C0F8D431CA800A7273
:10D96000D4F8C0301A4632F8011F9278A3F8091093
:10D97000DA722DE6B8F1060F3FF483AEB3E6D0F8C5
:10D98000C450162D3FF409AE3DE60132FEF76AFBA6
:10D990004FE68A6F002A3FF416AF00265DE7B3F525
:10D9A000205F7FF6A0AE1A489EE61021012005F008
:10D9B0008FF98046002800F0AB80D4F8C890012091
:10D9C000494605F085F9C8F80000002800F09D8060
:10D9D0004A46D4F8C01005F02BF90022EBB2C8F883
:10D9E0000490C8F80C2088F80830D7F8F01109B96D
:10D9F0004EE01146CA68002AFBD1C1F80C8009E646
:10DA0000D4F8C0101046CA543EE700BF0094FFFF90
:10DA1000008FFFFFD4F8C0301D71D4F8C0305D71A5
:10DA2000D4F8C030DD801D72D4F8C0301A4632F808
:10DA3000011F9278A3F80910DA72D1E5D4F8C0304A
:10DA4000606C46E70DF14902FEF70CFBD5F80CE0DF
:10DA5000D4F8C8603FE6606CC26800F17801183005
:10DA600005F0E6F84AE7D4F8B0200EAEA8690DAB91
:10DA70000D90106851680B9303C6D4F8BC10106861
:10DA8000526808604A60D4F8C860D5F80CA053E624
:10DA9000C7F8F081BEE5D4F8B01010ABD4F8B4608C
:10DAA0000D220868D4F8C8504968676C03C32B0A74
:10DAB000B6F800E0B67810A907F13800ADF848E0F4
:10DAC0008DF84B308DF84A608DF84C50F0F708FD1A
:10DAD000606CD4F8C820D4F8BC103830F0F700FDE2
:10DAE000D4F8C830D4F8BC10606C19443830F0F762
:10DAF0000BFD606C3830F0F73DFD626CD4F8C83037
:10DB000052691344C4F8C83043E6404605F0C4F8EF
:10DB10000348E9E501230A93B6E594F8C43079E5B2
:10DB20000081FFFF02680146D2F8B430002B10B428
:10DB30000EDB04201624D1F8C0300022C1F8C80042
:10DB40000846C1F8C4401A705DF8044BFFF70EBDDB
:10DB5000D2F8B030D2F8AC20B3FBF2F201324FF081
:10DB6000010303D001335208DBB2FBD1CA68013292
:10DB70009A42CA60DDDD00205DF8044B704700BFAB
:10DB8000A0B170B4046874B1D0F8C0401526022565
:10DB9000C0F8C460C0F8C8502170D0F8C0305A70C6
:10DBA00070BCFFF7E3BC024870BC70470048704788
:10DBB000008FFFFF28220221FFF7E2BF20B3026897
:10DBC00012B392F8CC20D20714D54268102A1BD188
:10DBD0000321D0F8CC208160A2B9D0F8C01030B4B5
:10DBE00004251624C0F8C850C0F8C4400A7030BCE0
:10DBF000FFF7BCBC8268012A08D04368102B03D110
:10DC0000FFF730B9FFF75EBC01487047FEF782BDF1
:10DC1000008FFFFF90E80A00102B91F8CC2001D074
:10DC2000002070478368032BFAD091F8CD309B0613
:10DC3000F6D5B8312DE9F04102F002060446006E37
:10DC4000C6F108078D1930443A46294604F0FCFF16
:10DC50008046D4F8B00029463A46304404F0F4FF38
:10DC6000B8F1000F04DC002802DC0020BDE8F081E0
:10DC70002046BDE8F041FFF7A1BF00BF70B51446D4
:10DC80000E460546FEF700FDA04205D22B6893F82C
:10DC9000CC309B071BD40446D5F8CC3083B917236E
:10DCA000C5F8C84031462246C5F8C430D5F8C00092
:10DCB00004F0BEFF2846FFF759FC38B9204670BD76
:10DCC0002846FFF7FFFB0028F8D070BD70BD014863
:10DCD000FBE700BF008FFFFF002846D0036870B548
:10DCE0000446E3B116460D46FFF794FFC0B96368DA
:10DCF000102B04D02046FEF70DFD002834D12368F8
:10DD000093F8CD30DB0604D5012E02D96369012BCF
:10DD100007DD324629462046BDE87040AEE714488C
:10DD200070BD636C13F1500FF3D01B6D002BF0D05E
:10DD30005B78022BEDD194F9D0304BB90122294602
:10DD40002046FFF79BFF0028EADD012384F8D0304E
:10DD5000721E691C2046FFF791FF0028E0DD0023BA
:10DD6000013084F8D03070BD70BD0148704700BFED
:10DD7000008FFFFF70B1026862B1D0F8CC2022B9E9
:10DD80004368102B03D010467047FFF79BBB01215F
:10DD9000FFF7F6BE00487047008FFFFFF8B5C36C71
:10DDA0001B689A7A0B2A3BD90268064692F8CC3057
:10DDB000DB0740D5C36B002B6ED0D3F8C051002DCC
:10DDC0006AD02B68002B69D02D68002D40D06C687C
:10DDD00042F2F6739C4220D80723D6F8C020210CCB
:10DDE000200ADF1CD1542246D6F8C01019444870CE
:10DDF000D6F8C0100B449C70D6F8C000A96838440F
:10DE000004F016FF42F2FD723B19D5F83051D21AD8
:10DE1000002D3AD06C689442DFD9244A1046F8BDF0
:10DE20004FF41663D340DA07BED5436800220133AE
:10DE300043601046F8BDD0F8D430002BF5D0C36B4A
:10DE40001BB1D3F8C051002DBED1956E002DBBD1B2
:10DE500007232F462846D6F8C02016240B21107120
:10DE60003046D6F8C0205771D6F8C0209571D6F844
:10DE7000C020C6F8C830C6F8C440117073680133BA
:10DE80007360BDE8F840FFF771BBDD1FC5F30740C5
:10DE9000C5F30727EDB2DEE7956E0DB9044AC8E772
:10DEA00029680029FAD0002BCBD18DE7008BFFFF2A
:10DEB000808AFFFF10B401221424D0F8C010C0F8EB
:10DEC000C440C0F8C8200A7042685DF8044B0132B3
:10DED0004260FFF74BBB00BF4369022B08DD4B7A62
:10DEE000072BC36B0CBF054A054AC3F800247047D3
:10DEF000C36B044AC3F80024704700BF49BB0160EC
:10DF00009DBA016091B901602DE9F047C56B84B0FD
:10DF100007688046D5F8B89105F2544305F5CF66F9
:10DF2000D7F89420D7F89840B9F1000F7BD0D5F8F6
:10DF3000BC4105293AD007294ED0062958D00829D6
:10DF400073D1FB6905F2564A03A905F180000193DC
:10DF50005246BF69CAEB06030097EBF7DDFE10BB24
:10DF6000039B190A0AEB030285F8553485F854140B
:10DF7000B31A012B53DD1346210A03F8021B9E42FC
:10DF800054704CD3F61AB44249D822461846494632
:10DF900004F04EFED8F83C200444002002F2544322
:10DFA000E41AC2F8104404B0BDE8F087F31A012B5C
:10DFB00035DD05F25647230A85F85544BE4285F8FB
:10DFC00054342CD3F31B9C4229D8224600213846D6
:10DFD00004F052FE3A19CBE7F31A012B1FDD0021A2
:10DFE000302305F2864285F8541485F85534BFE78E
:10DFF000FA6905F2564A03AB281D01925146BF69E2
:10E00000CAEB06020097EBF78DFB0028CBD1039AF1
:10E01000130A85F85524524485F85434A8E7044877
:10E0200004B0BDE8F087914683E70248BBE700BF34
:10E03000008FFFFF0094FFFF10B501210446F1F7A8
:10E0400039FF08B1012010BD20460421F1F732FF4D
:10E05000002814BF0320002010BD00BF022807D0F5
:10E06000042805D0A0F10100B0FA80F04009704703
:10E0700003207047012803D003280CBF0420002090
:10E08000704700BF0138C0B2052802D8024B185CA7
:10E0900070470020704700BF2C0600200338052879
:10E0A00002D8024B185C70470020704734060020ED
:10E0B0004369032B05D104290BD0052903D002297C
:10E0C0000DD00A487047C36B0020094AC3F80424E6
:10E0D0007047C36B0020074AC3F804247047C36B22
:10E0E0000020054AC3F80424704700BF009AFFFFD0
:10E0F00055BB0160A9BA0160B5B9016003689A6FA8
:10E1000052B1137843B1994202D108E08B4206D054
:10E1100012F8013F002BF9D14FF0FF30704700207B
:10E12000704700BF03685A6F52B1136843B19942F8
:10E1300002D108E08B4206D052F8043F002BF9D1FF
:10E140004FF0FF3070470020704700BF012A70B5C4
:10E150001D46064611D0802103F090F9C0B12B680E
:10E160004FF0FF341B4943F400632B603046082214
:10E1700003F08EF9F8B9204670BD897A0A290AD9C8
:10E180000021304603F07AF9E0B904461249EDE780
:10E1900004461049EAE78A4012F0820F07D112F4D0
:10E1A000C06F06D112F01C0118BF8021E9E72021C1
:10E1B000E7E70821E5E72B684FF0FF3443F480538D
:10E1C0002B60D8E72B684FF0FF34034943F400631A
:10E1D0002B60CBE7002D0020F0270020012A04D07F
:10E1E0001870597030B430BC70471A46FDF73ABF0A
:10E1F000012A04D01A7802605B780B60704710B473
:10E2000040F201121C78121B02605A78C2F580732A
:10E21000012B03D00B605DF8044B704740F20113F3
:10E220009B1AF7E7026838B5D2F8AC200446C36BF6
:10E23000456DC3F8E8211DB19108006DA847E36B57
:10E24000A26F162A03D0022283F8EC2138BD226F78
:10E250001278142AF7D1032283F8EC2138BD00BFCD
:10E260004369012B70B5044640F38D80C26CD0F831
:10E27000BC001169D3685B1AC118C4F8C0102268C9
:10E280000431E36B204692F8CC20D3F8083402F036
:10E29000010298476369D4F8C05004F1F000002BE4
:10E2A00005F1040115BF0C22242210262826C4F8EB
:10E2B000EC2004F0BDFC16221423C4F8C860C4F896
:10E2C000C4202B70E26BD2F878362BB3216891F81A
:10E2D000CC30DD0705D40F23636091F8CC30D8072C
:10E2E00020D50A23636091F8CC3003F0020303F0D9
:10E2F000FF01EBB9D4F8B03019605960E16CA26B42
:10E3000023686164226393F8CC309B0733D42046A2
:10E31000BDE87040FFF72AB994E80A000133636052
:10E3200091F8CC3003F0020303F0FF01002BE1D0A1
:10E33000D4F8B0100023606CC2F8FC01086849688A
:10E34000C2F80002C2F80412D4F8B020C2F80230B9
:10E35000D380D4F8B02053780133DBB25370002B54
:10E36000CCD1D4F8B02013780133DBB21370002B7A
:10E37000C4D1074870BD2046FFF754FF2046BDE8D2
:10E380007040FFF7F3B8D0F8BC10C0F8C01076E7C3
:10E390008094FFFF38B5C36B0446D3F8F001FDF756
:10E3A0004FFCE36B0022D3F8D811C3F8F021C3F877
:10E3B000F421656DC3F8F8111DB11146206DA84711
:10E3C000E36BA26F162A03D0002283F8EC2138BD3C
:10E3D000226F1278142AF7D1032283F8EC2138BD7A
:10E3E00038B5C36B054693F8EC21012A1FD0D3F84A
:10E3F000F021C3F8F421FDF733FCEB6B012283F825
:10E40000EC21EB6B13E06268D5F8C00004F010FC5F
:10E410006368E2682846C5F8C830EB6B217AC5F816
:10E42000C410C3F8F421FFF7A1F880B9EB6BD3F85F
:10E43000F4416CB1237A2168162BE4D10B78142BAC
:10E44000E1D12846FDF70CFC2168DCE7184638BD11
:10E450006A68102A0DD0022283F8EC216B6D002B24
:10E46000F4D0EA6B286DD2F8E8219108984720464D
:10E4700038BD0322204683F8EC2138BD01682DE920
:10E48000F04791F8CC30C76F9C0703D50B2F3AD9D2
:10E490000C2402E0032F36D90424056FAA786B7888
:10E4A0001202EE7842EA034333431E19C0F8A0601B
:10E4B00091F8CC3099071FD52A7904466B79D0F8AA
:10E4C0003C8043EA0223B8F1000F00F0F480426878
:10E4D000102A1ED0D8F8D82193421DD0D8F8F821A0
:10E4E000013A934212D12B78032B0FD02046FFF72D
:10E4F00077FF58B1BDE8F0879F4BB74234BF18464D
:10E500000020BDE8F0879D48BDE8F0879C48BDE845
:10E51000F0872A78012AE1D1B74280F01B81A6F169
:10E520000C07D8F8E491B9F1000F00F0E88004225C
:10E530002946484604F088FB0028E4D1EA7909F12D
:10E540000C00AB7A95F806A012026E7A1B0242EA22
:10E550000A4295F808A043EA0643EE7A42EA0A0A1C
:10E5600000EB07091E430AEB0603BB42CBD806F1BA
:10E570000C08E36F9845C6D8324605F10C015044AB
:10E5800004F056FB0AF00702C2F10803002A76D015
:10E590009E424FEADA0064D866B19E1B19F800204B
:10E5A000012505FA06F101360A439E42D2B2F8D19E
:10E5B00009F80020F8080ED099F80030FF2BA5D1FB
:10E5C00009F1010309EB000103E013F8012BFF2A15
:10E5D0009CD18B42F9D117F007070FD019F8001022
:10E5E000CB0993D0C7F10707062301E0D2078DD5E9
:10E5F000BB4241FA03F203F1FF33F7D1E36F9845D1
:10E600007AD3D4F88020D4F888108A4216D9266F9D
:10E61000521AD4F8A00042F64D15636E3044E66DF0
:10E620001944C71A9B1BED1AD319C4F88870AB4262
:10E63000C4F8803000F2978004F00AFBE36BD4F852
:10E64000A020D3F8E411206F04F0F2FAE36BD3F8C2
:10E65000E40104F021FBE36B0020C3F8E401BDE812
:10E66000F0879A44F61A19F800200125013B05FAB3
:10E6700003F10A43D2B2002BF8D109F8002016F0BA
:10E68000070311D006EB0A05C3F10802F61A0120B0
:10E69000ED0819F8053000FA02F101320B43082A9F
:10E6A000DBB2F8D109F80530F208FF2109EBDA00F6
:10E6B00004F0E2FA7EE7B7421ED303223149A81DD7
:10E6C00004F0C2FAC0B90322691C05F1090004F084
:10E6D000BBFA58B9B8F1000F3FF40CAFD8F8E49189
:10E6E000B9F1000F42D0A6F10C0720E7A6F10C0704
:10E6F000B8F1000F7FF415AF1F48BDE8F087B6F5FD
:10E70000205FF9D817F007034FF0010006EBD7019F
:10E7100018BF0346194404F0DBFA0346C8F8E401C5
:10E7200030B328681860AA889A80D8F8E431A3F832
:10E73000069083F80890E36BD3F8E4311A4632F878
:10E74000011F9278A3F80910DA72E36B256FD3F8F2
:10E75000E491F3E603220B49A81D04F075FA0028A2
:10E760007FF4DDAEAFE70848BDE8F087BDE8F0878D
:10E770000648BDE8F08700BF808FFFFF008EFFFFD7
:10E78000809AFFFFDC0500200096FFFF0081FFFF5D
:10E79000836F162B10B5044622D0152B0ED023689C
:10E7A00093F8CC3003F0020303F0FF002BB1E06BD1
:10E7B00018B16368102B19D0002010BDE36F022B35
:10E7C00019D1226F1378022B17D0012B01D00D48DD
:10E7D00010BD53789BB1642B0A4808BF002010BDC0
:10E7E000FFF74CFE0028E8D1A36FD6E72046FEF7DE
:10E7F000AFFB002010BD044810BD044810BD044804
:10E8000010BD00BF8099FFFF008EFFFF8088FFFFD3
:10E810008087FFFF036A2DE9F041002B00F0BC80E8
:10E82000456E42F64D13C26DAA1A9B1A8B42C0F078
:10E83000B78003680F46044693F8CC309A072FD46C
:10E84000D0F88060B14230461FD880E0D4F88060B4
:10E85000D4F82480B8F1000F00F08B8023682A469A
:10E86000616ED3F8A8303144A06AC047002800F098
:10E8700089807CDB8542C0F09680D4F8806030448B
:10E880008742C4F88000064661D9A36D3D1A002B6B
:10E89000DED0206D98470228D8D14948BDE8F081E4
:10E8A000436D002B7CD0836D002B79D0D0F888107D
:10E8B000D0F8802049B1914275D8521AC0F8802012
:10E8C000002A62D10023C4F8883097423FD9002A39
:10E8D00069D1A36D13B3206D984702281ED1636DD3
:10E8E0001BB10022206D114698476368102B31D070
:10E8F000E36B2168D3F8E821D1F8B0108A42CCD27A
:10E90000500081425AD3824258D8C3F8E8012046C9
:10E91000FFF766FD58BB2B48BDE8F0816368102BFC
:10E9200044D0E36BD3F8E831616E42F64D12E06DEE
:10E93000656A081A121A002D3CD0A06AA84708B3CD
:10E9400010F5D04FCBD0002811DBC4F88000002098
:10E95000BDE8F081236893F8CC30DB079DD5A36830
:10E96000032B9AD12046FFF7DDF80028D3D0BDE86D
:10E97000F081616E2A46236A3144A06A98470028D4
:10E980007FF477AF1048BDE8F0812944284604F0B1
:10E990005FF9D4F8802095E7436A002B7FF440AFFD
:10E9A0000A48BDE8F0810A48BDE8F0812368D3F841
:10E9B000A830B9E7236AA06A9847C0E70846A4E7E9
:10E9C0000098FFFF0097FFFF808DFFFF008FFFFF84
:10E9D0000094FFFF036893F8CD3003F00803002B89
:10E9E0005FD0016E00222DE9F00F8C7884B00025F5
:10E9F00016462302CC7991F804A01643CF784FEA4B
:10EA00000A684FEA1A2991F805A01F43CDE902458B
:10EA1000DDE9024534433D4344EA080445EA09057B
:10EA2000A0464FEA1A44A94601944FEA0A4491F8D5
:10EA300006A000944FEA1A674FEA0A26DDE900456E
:10EA4000D0E924AB45EA090544EA080445EA070988
:10EA500044EA0608CB4508BFC2451DD3BAEB0806F9
:10EA60006BEB0907002F08BF402E1ED2D0F89C4048
:10EA7000C6F12001D0F89830A6F1200204FA01F185
:10EA800023FA06F024FA02F20843104340F3000090
:10EA900004B0BDE8F00F7047104604B0BDE8F00FB9
:10EAA000704703F0FF02104670474FF0FF30EFE76A
:10EAB000036893F8CD301B0761D5016E00232DE963
:10EAC000F00F8A7884B0CF7800241502CA7991F8C3
:10EAD00004A026462F434FEA1A2926434FEA0A6824
:10EAE00091F805A0CDE90223DDE902233B4332433F
:10EAF00043EA090342EA080299464FEA1A4390465C
:10EB000001934FEA0A4391F806A000934FEA1A676F
:10EB10004FEA0A26DDE90023D0E924AB43EA0903E2
:10EB200042EA080243EA070942EA0608CB4508BF61
:10EB3000C24525D2B8EB0A0A69EB0B0BBBF1000FFB
:10EB400008BFBAF1400F3BD2D0F89830AAF12006A6
:10EB5000D0F89C20CAF1200103FA06F603FA0AF461
:10EB600002FA0AF523FA01F144F0010435430D439A
:10EB7000C0E92645C0E9248904B0BDE8F00F70471C
:10EB8000BAEB080A6BEB090BBBF1000F08BFBAF137
:10EB9000400FF1D20121AAF12005CAF1200401FAA7
:10EBA00005F301FA0AF221FA04F42343D0E92645D9
:10EBB00022432B43C0E9262304B0BDE8F00FDEE773
:10EBC00001220023C0E92623D4E700BFD0F8A0101B
:10EBD0002DE9F04F04469DB0C9B1456F002D40D1DD
:10EBE000C26F91423FD3C567C0F8A050236820464A
:10EBF00093F8CC3013F0020F0CBF05210D21FFF765
:10EC000009FE58B1054628461DB0BDE8F08F436F98
:10EC10002BB3002528461DB0BDE8F08F636EA26EB1
:10EC20001E782068A6671578527842EA0525E567C0
:10EC300090F8CCE01EF0020F40F0CF8159789F7819
:10EC4000A6F11402032A1AD91EF0020F00F0A981BE
:10EC50000023724DC4F88830C4F88030DAE7C36707
:10EC6000C4E76F4DD6E7521A006FE267014403F024
:10EC7000EFFFE36FC4F8A050002BCAD1B6E72369B9
:10EC80008B4240F0D58190F8C930BB42C0F2D081B0
:10EC9000E76D42F64D12216FC91B521A954200F2E0
:10ECA000C7810EF0020202F0FF03002A40F0BC8090
:10ECB000226C002A00F0428292689542C0F04382A2
:10ECC0006169002904DD02F52452954200F23B827D
:10ECD000002B20460CBF05210D212944FFF79AFD8A
:10ECE00000288FD1226892F8CC3003F0020303F0A1
:10ECF000FF01002B00F06E81E36F0D33C4F8883004
:10ED0000256C002D00F05D81E06A002800F025826E
:10ED1000D5F89030002B00F01B82E76FAE68597871
:10ED2000B742C0F0798101F0FD03082B00F0638148
:10ED3000A1F10603B3FA83F35B09002B40F05B817A
:10ED4000022940F00A8261690B93012940F30E8287
:10ED5000EB68194619448F42C0F05E8169694E1C08
:10ED600033449F42C0F05881836FD4F87080012BE8
:10ED700000F07C8338464FF00009EA68B0FBF2F6F9
:10ED800002FB1606002E40F017826369012B11DD8D
:10ED9000801ABF1AE0676AB130463146E36E0D440F
:10EDA00001311B5CC9B285F82830256C0846EA6839
:10EDB0009142F3D30BA9434605F19000029105F16E
:10EDC00028018DE88001E9F7A1F8002840F0B3811F
:10EDD0000B9B9F4200F006822268114D92F8CC30C6
:10EDE0009E0740F11B8125F0800313F5E44F7FF46B
:10EDF00011AF63680B2B00F011810D2B00F00E8119
:10EE0000D2F8C020002A3FF423AFA36901339A420D
:10EE1000A3613FF61DAF034DFCE600BF809AFFFFE4
:10EE20000094FFFF808EFFFF216EB4F884C091F83C
:10EE300000804A7842EA0822624500F099811EF07B
:10EE4000010F00F014816368102B08BF162E40F0EC
:10EE50000E81002A40F00B81D4F880300D2B40F257
:10EE600006817A7B012A40F00281D0F84480856CCB
:10EE7000B8F1000F00F0F882002D00F0F5823C2B75
:10EE800040F26D813A78162A40F06981FA78002ABA
:10EE900040F065813A79002A40F06181FA7C002ACD
:10EEA00040F05D813A7D002A40F059817A7D002A48
:10EEB00040F0558197F83B10A3F13D02914200F2DA
:10EEC0004E817A183C3B92F83C209A4200F24781EE
:10EED000D0F84CA03D31D4F8E0B0D4F8E4903944F7
:10EEE00050465B46CDF80090D4F8AC60A8470028A7
:10EEF00000F0A68039685B467A685046FD684FF09E
:10EF0000030AD7F808B04FF0FE0CF5604FF0FF0E83
:10EF1000316006F11C057260C6F808B039697A697B
:10EF200031611CA9726106F520523F7E86F80DA062
:10EF3000377686F819C086F81AE0CDF8009041F8C7
:10EF4000305DC047002840F03481109A9F4D921BDD
:10EF5000D1B2A2F11903A2F10D07A1F11C0EA1F18A
:10EF600019000D393F0AC0B286F81BE03173C3F3B4
:10EF70000741C3F3072330763074B175B173F3756D
:10EF8000F373F772E369D4F8AC10A06A984723686A
:10EF900093F8CC3003F00203DBB2002B3FF43AAE1F
:10EFA00056E60A2202212046894DFEF7E9FD236834
:10EFB00093F8CC3003F00203DBB2002B3FF42AAE0F
:10EFC00046E692F8CC309B077FF523AE2046FFF74C
:10EFD0006FFD1EE6C4F8801092E69A7840F20111A7
:10EFE0005B78C2F58077C91A012F7FF429AE40F211
:10EFF0000117BF1A24E62968EB68087F296910F019
:10F00000020FA3EB01030CBF4FF010084FF00808EC
:10F0100003EB08018F4230D26E4DDFE615F5E34F6A
:10F020007FF4F8AD204614220221FEF7A9FDF1E598
:10F030000EF00203664DDBB2002B3FF4EBAD07E6AA
:10F0400001212046FDF78EFE002800F06382236830
:10F0500093F8CC309F077FF5D5AD10F5CF4F05461F
:10F060003FF4D8AD15F5CE4F7FF4F2ADE56F05F165
:10F070000D03594DC4F88830CCE5FE1A216E0DF110
:10F080004009A76FC8EB06064B46E6670868496863
:10F0900003C38DF8487092F8CC30276F9B07206926
:10F0A000616900F18C8033468DF849008DF84A1073
:10F0B0001A0A8DF84C308DF84B20EB680C2B7FF43E
:10F0C0008BAE2B69042B00F028820C2B7FF484AECE
:10F0D00055F8280F0DF1300C236E6968E246AA68D6
:10F0E00003F1FF3E0DF13B050DF13303AAE80700E4
:10F0F00013F8011F1EF8012F9D4282EA01021A70C7
:10F10000F6D1206C0BAA07EB060E0D2504924B4698
:10F11000CDF8188061460397903002960C22019733
:10F12000CDF814E00095E8F75DFF002800F0EA81D3
:10F1300010F5C64F40D0054622684FE66A1EB2F56C
:10F14000205FFFF4C5AD224D002B3FF463AD7FE59A
:10F15000AB68E76F9F42FFF45FAF204D3EE6204D66
:10F1600090F8CC3098077FF555AD7BE7E968F1E57D
:10F1700020460993FFF72EFC00287FF478AF142E69
:10F18000099B0ED0172E7FF493AD6268102A3FF4CE
:10F190008FADA16801297FF46AAF022A3FF488ADE0
:10F1A00065E762680C2A3FF483AD0A2A3FF480AD1C
:10F1B0005DE70A4D2068D3E72268064D0EE60DF1A3
:10F1C0004902FCF74FFFE36F72E700BF8095FFFF36
:10F1D000008EFFFF808EFFFF809AFFFF0094FFFFED
:10F1E0000087FFFF6269012A40F3A181D4F87CE027
:10F1F00089F00109206F216C00EB0E03D1F814A0F7
:10F2000013F8017C013707EB0A039E4580F08081EB
:10F21000B9F1000F00F07C8100231F46002A7FF720
:10F22000DBADBE4534BF4FF0000803F00108C7EB6B
:10F230000E020AF52053002507F1FF3C01219A42F6
:10F240008CBF4FF0000808F001082B4608FB0202B3
:10F25000501E10F8012FBB422CBF002101F001010C
:10F260000133CCEB0202B3F5807FB2FA82F24FEAAF
:10F27000521201FB0255ECD1AF4214BF002508F039
:10F2800001056B025B1B1F40C7EB0E03E367B9F17F
:10F29000000F00F0A280CAEB0303A26E190AE36715
:10F2A0001170A36EE26F5A706369002B40F3708196
:10F2B000206CE36F026807EB0308527AB8F5807F91
:10F2C000A2F1030288BFA8F58076042A00F26081CB
:10F2D000DFE812F0C300C3005E01C30005001D3368
:10F2E00008F11D02DB09C3EBD2134FEA052A0822FD
:10F2F000216E4430C5EB0A0A0AEA030AEFF7F0F878
:10F30000206C0322616E4430EFF7EAF8206C022291
:10F31000A16E4430EFF7E4F8206CE26F4430216FC7
:10F32000EFF7DEF8226FE36F1344002F00F018812F
:10F330001F44002213F8011BBB4282EA0102F9D1EB
:10F340000DF14009206C8DF830200AF1010A494680
:10F3500044309DF83030EFF7D7F80027206C0137A4
:10F36000216F4430EFF75AF95745F7D1206C4430FC
:10F37000EFF700F9236C206F5A69811908EB02033B
:10F380009B1B07D0CE18002311F8017B7B40B142B4
:10F39000DBB2F9D100218DF82C30E36F9DF82C60A1
:10F3A0008DF82B1082B11A44C618024416F8011BBE
:10F3B00019F8010B9DF82B70964281EA000141EA91
:10F3C00007018DF82B10F1D19DF82B20D2B2002D22
:10F3D00000F0C380002A40F0C080002B40F0B080D5
:10F3E0006269032A00F0CA80D4F8A4200132032AFB
:10F3F000C4F8A4203FF7E0AE206890F8CC20920734
:10F4000019D4082208E0216E4B5D0133DBB24B5565
:10F41000002B40F09980EAB22068551E90F8CC107D
:10F4200001F002018A4201F0FF03ECD89A4200F099
:10F43000AC80E36F2068B3F5205F02467FF6C1AD74
:10F4400090F8CC30990705D563680D2B02D00B2BB3
:10F450007FF4D6AC4F4DFFF7DDBB153308F1150235
:10F460009B09C3EB921340E74B4D79E67F1A216E5F
:10F47000626E0CABE7673E0A0868496803C393787D
:10F480000CA9B2F800E005F144000D228DF83A30E5
:10F49000ADF838E08DF83C708DF83B60EFF720F860
:10F4A000206CE26FE16E4430EFF71AF8206C10A97F
:10F4B0004430EFF729F8206C4430EFF75BF8256C07
:10F4C0000021E26E6B698DF82A10E06F93B103445E
:10F4D00010AE111802EB030E11F8013B16F8012BC8
:10F4E0009DF82AC0714583EA02034CEA03038DF8B4
:10F4F0002A30F1D19DF82A30002B7FF45DAE4FF019
:10F5000001093AE40B9B9E427FF466ACE36F64E72B
:10F51000012383E6214DFFF77DBBA86A0DABE26EA8
:10F520000DF1300C0C901068516803C3E9E5206CB4
:10F53000C26800F1B801283003F07AFB626955E631
:10F540000022C4F8A42057E7206890F8CC309B072D
:10F5500001D4E36F6FE7022368E7114D22683DE4B1
:10F560000DF14009206C8DF830700AF1010A49460E
:10F5700044309DF83030EEF7C7FFEEE6A26F172A51
:10F580003FF432AF2268034D28E40246054D25E4DE
:10F59000054DE3E7008EFFFF008FFFFF8098FFFF20
:10F5A000808EFFFF8094FFFF0094FFFF38B5D0F8F6
:10F5B000A850044675B10025C0F8A850284638BDAB
:10F5C0002046F3B9FFF7E4F810F5CD4F02D010F55F
:10F5D000CB4F0ED12046FFF7F9FA10F5CB4F03467B
:10F5E000EED12046FFF7F2FA10F5CB4F0346F1D0EB
:10F5F000E6E748B9A36F162BE0D12046FDF748FF98
:10F60000DCE71D46284638BD0546284638BD00BF04
:10F61000002800F0E880036870B50446002B00F075
:10F62000E48093F8CC3015460E469B0709D5FDF7CC
:10F6300049FF68B9E36B23B193F8EC31012B00F07B
:10F64000BE802046FEF7E6FA10F5D64F01D000B195
:10F6500070BD6368102B07D02046FDF75BF810F5EE
:10F66000D64F01D00028F3D1616F002940F090807F
:10F67000A36D1BB1206D984701305ED02046FFF787
:10F6800095FF002840F09580E36F23BBA36F172BF5
:10F690001CD0162B22D0A268032A43D0152B00F0D1
:10F6A0009D80172B25D16368226F102B62674ED087
:10F6B000236893F8CC30DB07D6D5A368032BD3D1CE
:10F6C0002046FEF72FFA0028CED0C1E72046FFF7EC
:10F6D0006DFF00287ED1A36F162BDCD12268216F2D
:10F6E00092F8CC300978D80705D501290BD09907B5
:10F6F000BAD4404870BD0029F9D19807D4F8A010B9
:10F7000042D40429F5D192F8CD20920627D463691A
:10F71000002B6CDD642201212046FEF731FA00281F
:10F72000A2D070BD2268D2F8B4100029B6DBE2681E
:10F7300001329142E260B1DADBE7636D002B9DD0CC
:10F740002268206DD2F8A8209108984796E7636D4B
:10F75000002BADD00022206D11469847A8E7D4F8C1
:10F76000E82012B913F0300FD1D003F00303022BBD
:10F7700036D02046FDF776FB10F5D64F3FF474AF38
:10F7800000287FF465AF6FE70C297FF46DAFBAE70F
:10F79000E26F3046954228BF15462A4603F048FAE4
:10F7A000E36F5B1BE3678BB1636F2B446367284692
:10F7B00070BD10F5E54F7FF44BAF002070BD2046C3
:10F7C000FEF70EFE00283FF43CAF70BD6367C4F83F
:10F7D000A830ECE710F5E54FEFD070BD064870BDDE
:10F7E0000323A360C5E705487047044870BD04487B
:10F7F00070BD00BF0089FFFF0097FFFF008FFFFF74
:10F800000094FFFFC26C03462DE9F047166884B0F0
:10F81000B17A0B291BD91A68072992F8CC2002F07B
:10F82000010000D1C0B9D96BC2F38102D1F8C47113
:10F83000032F08BF1746B7B9A8B15A688024996B3F
:10F84000002001320C665A6004B0BDE8F0874FF426
:10F850001662CA40D007DED55A68002001325A60CD
:10F8600004B0BDE8F08718461C46FFF79FFE05462A
:10F8700008BB94E80C000133636092F8CC30DA07DF
:10F880001DD56269DAB103F0020AD4F8A090BAF18A
:10F89000000F0CBF07220F220AF0FF0191450ED185
:10F8A000A36F162B00F0228120460A220221FEF7C8
:10F8B00067F9B748D4E7284604B0BDE8F087A26FDF
:10F8C000162AF1D1D4F8708098F800200B2A7DD147
:10F8D00003F0020AD4F8A090BAF1000F5ED0B9F19B
:10F8E000110F73D998F80D1098F80E3098F80C2075
:10F8F00043EA0123002A69D14FF00C084344033343
:10F90000994563D1D4F83890D9F85C0038B102F049
:10F9100029F8A36BD86D03F0BFF9D4F838904FF4F1
:10F920009A71012003F0D4F9C9F85C00002800F0B6
:10F93000168108F10308DFF86C9202F00DF8D4F894
:10F94000A00008F1030E804547D270453ED3236FD7
:10F9500003EB080203EB0E0113F80830B3BB557834
:10F96000937843EA05237F2B1A460EEB03082DD923
:10F9700040452BD3A36BD86D02F060F8484505468F
:10F98000DDD01ADD10F5165F1CD12B222046022196
:10F99000FEF7F6F8284604B0BDE8F087B9F1090F84
:10F9A00014D998F8051098F8063098F8042043EA1E
:10F9B00001235AB94FF00408A0E710F5225F03D1E4
:10F9C0005022E3E70028BAD02A22DFE7204632227D
:10F9D0000221FEF7D5F86F4842E7D4F8009099F875
:10F9E000CC30DB0702D4A368012B69D0002F3FF491
:10F9F00062AFE36BD3F8CC81B8F1000F00F0C180A7
:10FA0000D3F8D021A36B4146D9F83850D86D03F113
:10FA1000600ED9F864300395D9F834C0D4F8D850C2
:10FA2000CDF808C08DE8204001F07EFDA36B0546AF
:10FA30000221D3F85C9009F1BC00F0F73BFAD4F84E
:10FA400000E078B1D9F8C030DEF878201978002AC3
:10FA500067D0137823B964E012F8013F002B60D01F
:10FA60009942F9D19EF8CC203146A06B02F00102F8
:10FA700000F16003C06D82F00102FEF767FB002811
:10FA800063D0002D61D1012F49D0B8F1000F7DD195
:10FA9000022F7BD1404DA36B1B6EDF0566D45E0742
:10FAA00092D413F4DC3F7FF470AFD80700F180806C
:10FAB00099077BD413F0080F0CBF2E22302265E784
:10FAC000636BDB6D5BB1A16B5A68C96D486882429C
:10FAD00005D18968986803F0B7F8002886D02046D9
:10FAE00031220221FEF74CF82A48B9E6D4F870809A
:10FAF00098F800300B2B7FF469AF00294FF0030218
:10FB000026490CBF04200C20404403F09DF8002837
:10FB10007FF4E2AEA36B4022012F1A6644D100208D
:10FB20009EE6A36B31461B4E1A6ED86D002D08BFA2
:10FB3000354642F4803243F8602F9EF8CC2002F024
:10FB4000010282F00102FEF701FB012F10D0B8F193
:10FB5000000F01D1022F9DD0002DE0D09BE7204661
:10FB600050220221FEF70CF80D4879E631220DE70C
:10FB700015F51C5FD3D015F5F44FD0D0002DCED0A5
:10FB800089E7D9F86C80D9F870203BE7014D82E70E
:10FB90000089FFFF0086FFFF8089FFFFDC05002052
:10FBA0000081FFFFD2D9FFFF024859E62C22EDE683
:10FBB0002D22EBE6808BFFFF10B50446FFF7F6FC25
:10FBC000002832D1A36F142B40D1E36F012B36D123
:10FBD000236F1B78012B32D1A26BE16C2368E262A8
:10FBE000216493F8CC3003F0020303F0FF02EBB181
:10FBF000B4F884300020002101339BB2C4E9240111
:10FC0000A4F88430C4E9260173B16369012B13DDC4
:10FC1000E16CE06ECA680B69D31A0344236763681A
:10FC200000200133636010BD0C4810BD236E1A60C4
:10FC30005A606369012BEBDCE36E2367EFE7204634
:10FC400032220221FDF79CFF054810BD20460A2202
:10FC50000221FDF795FF034810BD00BF8094FFFF10
:10FC60000082FFFF0089FFFF0268C36BF0B592F8C6
:10FC7000CC2085B00546D3F80834D24301A902F060
:10FC8000010298472846FFF791FC00284CD1AB6F42
:10FC9000162B67D12E6F3378142B5CD12F68D5F8D3
:10FCA000A02097F8CC30980740D4102A53D10421D3
:10FCB00001F10C030022314401A81E448DF80320F9
:10FCC00011F8013B10F8012B9DF80340B14283EA83
:10FCD000020343EA04038DF80330F1D19DF80330A9
:10FCE000002B38D10C2201AB05F1FC04C5F8EC2047
:10FCF00007CBC5F8FC006160A260EB6BD3F87836E7
:10FD0000C3B197F8CC30D90705D40A236B6097F8B4
:10FD1000CC30DA0713D50F236B6097F8CC3003F0A3
:10FD2000020303F0FF0083B905B0F0BD182A12D119
:10FD30000C21BDE76B6801336B6097F8CC3003F0A2
:10FD4000020303F0FF00002BEED02846FEF722FB53
:10FD5000002005B0F0BD284632220221FDF710FF39
:10FD60000448E1E728460A220221FDF709FF02487C
:10FD7000DAE700BF8081FFFF0089FFFF2DE9F04136
:10FD8000AEB005468846164601A81F46EEF750FC61
:10FD900017A8F4F78DFA01A8EEF75AFC044670B1E3
:10FDA00001A8EEF749FC17A8F4F786FA2846502276
:10FDB0000221FDF7E5FE20462EB0BDE8F081E96B9B
:10FDC000402201A801F21441EFF786F8044600280A
:10FDD000E6D13A46314601A8EFF77EF804460028FE
:10FDE000DED1414601A8EFF77BF804460028D7D1C1
:10FDF00017A8F4F76DFA04460028D1D1E96B402228
:10FE000017A801F21441F5F717FC04460028C7D1E2
:10FE10003A46314617A8F5F70FFC04460028BFD133
:10FE200008F1100117A8F5F70BFC044601A8EEF73E
:10FE300003FC17A8F4F740FA002CBCD0B6E700BFCB
:10FE40002DE9F04184B01546064688469DF82C0001
:10FE50001F46EEF72BFA0446EEF794FA286001A845
:10FE6000EEF730FA214601A80022EEF74BFA0446DD
:10FE700058B101A8EEF72CFA304650220221FDF7C6
:10FE80007FFE204604B0BDE8F08101A8EEF786FAB7
:10FE900004460028EDD1F16B402201A801F2144183
:10FEA000EEF786FA04460028E3D139460A9A01A8FB
:10FEB000EEF77EFA04460028DBD1414601A8EEF7B2
:10FEC00081FA044601A8EEF703FA002CD9D0D3E753
:10FED0002DE9F04FC3B00024924680460DF1080989
:10FEE0008B464FF4807221464846019402F0C4FECE
:10FEF000BAF1000F70D055465F463F26AB68002B25
:10FF000055D0AA450ED0354B3946354A4046002CCF
:10FF100018BF1A4602F0A4FE002857DBB84255D29B
:10FF20003F1A804401A92846EFF72CFA002846D151
:10FF3000019B39462B4A404602F092FE002845DBE1
:10FF400087428CBF00240124002C3FD12B693F1A2B
:10FF50008044002B3ED049460BE07F2B10D01E2A58
:10FF60000ED90B7001342B690131A3420ED9FE2C3E
:10FF70000CD86B691B5D03F17F021F2BD2B2ECD84A
:10FF80000E7001342B690131A342F0D84FF0000EFE
:10FF90004B46154A3946404609F804E002F060FE37
:10FFA000002813DB874211D93F1A80442C7FAD69AA
:10FFB000002DA3D1C7EB0B0043B0BDE8F08F0B4A77
:10FFC0003946404602F04CFE0028B9DA084843B0F2
:10FFD000BDE8F08F1C46D9E75046F8E7D04C00202A
:10FFE0002C160020D44C0020E04C0020D84C0020DF
:10FFF00080D6FFFF2DE9F04F576885B09046064642
:02000004600298
:10000000202F03913BD94FF001091C27039D0024A9
:10001000DFF894B0DFF894A0D8F8083024B9B9F12B
:10002000000F01D01A78A2B107F1FF3E1B5D3046E8
:100030001A4AA64594BFDE46D6462946CDF800E0CA
:1000400002F00EFE0028064421DBA842A5EB0005C5
:100050001DD20134BC42DFD3D8F80430BB4209D0F2
:1000600030460F4A294602F0FBFD00280FDB85428F
:100070000DD92D1A039B581B05B0BDE8F08F57B161
:10008000012F94BF4FF000094FF00109BEE705486A
:1000900005B0BDE8F08F3846EEE700BFDC4C00202D
:1000A000E44C002080D6FFFFD4270020401500201C
:1000B000002070470020704770B5ADF5207D53AD2E
:1000C00068B9284601F048FC314A324B284612688C
:1000D000196802F025F8C0B10DF5207D70BD2E48DD
:1000E00002F0F2FD284601F037FC2A4B284A284648
:1000F0001968126802F014F8044638B3274802F071
:100100009FFD20460DF5207D70BD06AE304601F006
:1001100023FC234A234B30461268196802F000F88A
:100120000028D9D105AA02900190034600923146D9
:100130000246284601F000FC0028CDD1304601F0EF
:1001400011FC284601F00EFC0020C5E706AE304643
:1001500001F002FC134B124A30461968126801F094
:10016000DFFF04460028C9D10F4802F0ADFD05A904
:10017000029423460194224600912846314601F01C
:10018000DBFB04460028B9D1084802F059FDD5E749
:1001900040100020F0690020EC4C0020FC1C0020E6
:1001A0003C100020EC690020084D0020401D00207C
:1001B0002DE9F041044682B0884615463B4F312375
:1001C0006A4641462046E2F785FC002868D1266849
:1001D000009B1E44302301AA31462046E2F77AFCF8
:1001E00008BB2368F21A002A56DD18782A4606232F
:1001F000314642F8040B2046E2F76CFC98B92368BC
:10020000D5F804E0AB60D4F800C00CEB0E03F21A92
:100210002360002A40DD1CF80E201E2A13D9244832
:1002200002B0BDE8F081A0F50E500028F8D1236897
:100230009E4223D001202021287702F049FDA861A9
:1002400030B30546C6E727FA02F2D207E7D50133F5
:1002500005F110023146204623601CF80E30EB6099
:10026000E2F7E8FB0028DED122682B696A61226888
:1002700013442360A86123689E42DBD1B04512D0AD
:100280002021012002F024FDA86108B1054696E76F
:10029000084802B0BDE8F081074802B0BDE8F0812F
:1002A000A0F50E50BCE70020BAE700BF0810585078
:1002B0001EDCFFFF80D7FFFF20DCFFFF08B5E2F761
:1002C000C1FD08B1A0F50C5008BD00BF08B5E2F7AC
:1002D0004BFD08B1A0F50C5008BD00BF2DE9F0435F
:1002E000042414258FB00C7014701D600468302C29
:1002F00061D18768446801973C44A74240D01D46BD
:1003000016468846A023214602AA01A8E2F7E2FB8E
:10031000002839D010F1620F04D0A0F50C500FB0B6
:10032000BDE8F083019B9C422AD0A12302AA21466A
:1003300001A8E2F7CFFB00283FD010F1620FECD10B
:10034000019B9C421CD0A22302AA214601A8E2F7ED
:10035000C1FB002844D010F1620FDED1019B9C420A
:100360000ED002AAA323214601A8E2F7B3FB00287E
:1003700000F0888010F1620FCFD1019B9C4218D110
:1003800000200FB0BDE8F083019F01A8029B05AAE1
:100390001F443946E2F756FD10B1B0F50C50BED1FE
:1003A000414605A8EFF7D0F80028B6D1019B9F423F
:1003B000B9D03F48B3E73F48B1E7029908AB019F86
:1003C00005AA01A80F443946E2F7CEFC20B9069AE7
:1003D000092A13D03848A2E7B0F50C509FD1F6E7B0
:1003E00001992A46029B01A8CD182946E2F7B0FBE5
:1003F000002892D1019B9D42B1D0DAE707992F489E
:1004000002F022FC0028E5D1089B302BD3D10A9BB7
:10041000099A039303EB0208434547D293F800E09F
:100420000DF13809062303A80CAA414649F80CED42
:10043000E2F750FB48B1A0F50C5000287FF46FAFF5
:10044000019B9F423FF47DAFB3E7039A31460C9B7B
:1004500048460D9213440393EFF776F80028EAD14B
:10046000039B9845ECD003A8052304AA4146E2F774
:1004700031FB0028DFD1049B002BDCD1039B984586
:10048000DED096E7019D01A8029B0BAA1D442946D8
:10049000E2F75EFB00287FF440AF019B9D4288D1CC
:1004A0000B9A012A3FF46AAF054838E7054836E75A
:1004B0009ADCFFFF9EDCFFFF52DFFFFF2C4D002088
:1004C00000DDFFFFA0DCFFFF036870B5CE1A82B02D
:1004D000002E14DD154601AA04461E78E2F7A0FBA3
:1004E00048B92368019AAB6023682E6013446A60A0
:1004F000236002B070BDA0F5125002B070BD01487B
:10050000F7E700BF20DBFFFF2DE9F041069E3468CE
:10051000CCB917460D461A461C463946EEF7DCFFA5
:1005200068B92378062B11D02B68052B00D033BB7C
:100530006B681648002B08BF0020BDE8F081A0F5CD
:100540001850BDE8F0811248BDE8F0810821012073
:1005500002F0BEFB8046A8B13946284608F10403E4
:100560004246FFF7BBFE044618B9C6F80080BDE856
:10057000F081404602F090FB2046BDE8F081034840
:10058000BDE8F0810348BDE8F08100BF00DDFFFF5A
:1005900000D8FFFF80D7FFFF03682DE9F043CD1A95
:1005A00083B0002D40F31F811D78172D00F0D280FD
:1005B000182D40F0D18004260133144601AA0546C7
:1005C0000360E2F737FA20B1A0F5105003B0BDE8A0
:1005D000F083019F06F108039F42C0F0B0802968B4
:1005E000206088190B780131303B092B00F2A7807D
:1005F0002368814203EB83034FEA430323602960AE
:1006000011F8012CA2F1300213442360EAD1022E2A
:1006100000F099800023811C024663601378013248
:10062000303B092B00F28B806368914203EB83031C
:100630004FEA430363602A6012F801ECAEF1300E1A
:1006400073446360EAD1002200F1040EA2600A78CC
:100650000131303A092A72D8A2688E4502EB820233
:100660004FEA4202A260296011F801CCACF1300CD3
:100670006244A260EBD1002100F1060CE1609EF81B
:1006800000100EF1010E3039092958D8E168E6450D
:1006900001EB81014FEA4101E160C5F800E01EF87D
:1006A000018CA8F130084144E160E8D14FF0000E20
:1006B00000F10808C4F810E09CF800E00CF1010C0F
:1006C000AEF1300EBEF1090F39D8D4F810E0C445B0
:1006D0000EEB8E0E4FEA4E0EC4F810E0C5F800C0C7
:1006E0001CF8019CA9F13009CE44C4F810E0E3D114
:1006F000BF1BA7F10806012E21D9002600F10A0C24
:10070000666108F1010698F800003038092816D80B
:100710006069B44500EB80004FEA400060612E60E4
:1007200016F8019CA9F130094844606116D0B04622
:1007300098F8000008F1010630380928E8D9334854
:1007400003B0BDE8F083312BD8BF643303F26C7380
:1007500023605FE702262FE72D4837E7A7F10A0657
:10076000012E35D0002EEAD1246842F20F75AC423A
:10077000E5D81729E3D8BEF13B0FE0D83B28DED8F7
:100780000C2BDCD8012141F2AA5001FA03F31840E6
:1007900058BB13F4256F2AD15907D0D5A30728D009
:1007A000E3171C494FF4C87081FB0451C3EBE113FC
:1007B00000FB1344002C14BF1C231D23002ABEDDA4
:1007C0009A42D4BF0020012000283FF4FFAEB6E7D4
:1007D00098F801605A2EB2D108F10208A7F10B0671
:1007E000C5F80080BEE70C48F0E61F23E6E71E23AD
:1007F000E4E70849E317642081FB0451C3EB61116E
:1008000000FB11410029CCD01D23D7E700DCFFFFFE
:100810009EDBFFFF1F85EB51A0DBFFFF036870B578
:10082000CE1A002E1ADD1D7805F07F05022D13D19A
:100830005E1C1546044606601B7842F8043BE2F74E
:10084000F9F830B922686B68AA6022681344236003
:1008500070BDA0F50A5070BD014870BD014870BD63
:100860001EDDFFFF20DDFFFF70B5056882B08D4201
:100870001CD02D78144643F0A003064642F8045BD2
:10088000E2F728F908B102B070BD30683023616822
:1008900001AAA060304634680C442146E2F71AF9F8
:1008A00038B93268019B13449C4206D1002002B043
:1008B00070BDA0F5145002B070BD0148E3E700BF61
:1008C0009ADAFFFF2DE9F04385B0002607460C4673
:1008D00004AD104698469DF8309045F8046D2946C1
:1008E000EEF70AFE90B1244A2146384602F0B8F9E4
:1008F0000546002D38DBAC4236D9B8F1060FA4EB23
:1009000005060BD0A01B05B0BDE8F083039B214674
:100910001A4A384602F0A4F90546EAE74846EDF7D8
:10092000C5FC0D9B81461878EDF7C0FC8046B9F1F7
:10093000000F1DD04846EDF72DFD8146B8F1000FA0
:1009400014D04046EDF726FD0D9B31465A684B46C4
:100950000090781901920A4A02F082F9002803DB1C
:10096000864201D9361ACDE70648CCE70248EBE7C4
:10097000DFF80490E2E700BF384D0020E04C002093
:100980003C4D002080D6FFFF10B51346064A0C46AA
:1009900002F066F9002805DB84428CBF00200120AC
:1009A00000B910BD0148FCE7544D002080D6FFFF80
:1009B0002DE9F043044695B090F828010D46EDF777
:1009C00075FC226904AB61690646EDF705FDF8B9CF
:1009D000304694F82971D4F82C9194F82881EDF7D9
:1009E000D1FCD4F8206105F1BC02D4F8244104AD57
:1009F0000190494643463846009503960294EFF726
:100A00008FFA003018BF0120404215B0BDE8F083D6
:100A10004FF0FF30F9E700BFF0B5044683B00D4654
:100A200021B9061C18BF0126002E35D095B38CB312
:100A30002A6823689A422DD162686B68934229D153
:100A4000A968A06802F000F9064618BBE768EB68E1
:100A50009F423CD00C2F01D0132F1BD10C2B01D067
:100A6000132B17D123692A69934213D162696F69E5
:100A7000BBB1013F02EB030E12F8013B17F8010F67
:100A800023F020014340A1F1410108D0202B01D1E6
:100A9000192904D94FF0FF36304603B0F0BD964512
:100AA000EAD1227F2B7F9A42F4D1A469AD690CB9B7
:100AB000002DF1D0002CEDD0002DEBD022682B685A
:100AC0009A42E7D162686B689A42B9D0E2E722693C
:100AD00029698A42BED169696069019302F0B4F85C
:100AE000019B0028B6D1DCE770B5054610461446D8
:100AF0000E46EFF719FB012812D0062810D0023855
:100B0000C0B2022816D86368012229681B78013B0D
:100B100002FA03F30B420CBF4FF0FF30002070BD10
:100B20002046EFF7BFF9336898424FF0FF3028BFF7
:100B3000002070BD4FF0FF3070BD00BF70B506687B
:100B40008E420CD03678154643F0A003044642F896
:100B5000046BE1F7BFFF20B110F1620F07D1002055
:100B600070BD22686B68AA6022681344236070BD60
:100B7000F8B5466896423AD0044608460F4602F059
:100B800087F8022E14D9A5682B782A2B10D16B7800
:100B90002E2B0DD160B13B782E2B09D03A46002385
:100BA00003E012F8014F2E2C05D001339842F8D102
:100BB0004FF0FF30F8BD002BFAD0C01A013EB04212
:100BC000F6D12C463B44002514F8012F013513F8CB
:100BD000016B22F020017240A1F1410103D0202AD3
:100BE000E6D11929E4D8A842EED80020F8BD8268E1
:100BF000AEB102F1FF3C0D468B1915F8012B1CF824
:100C000001EF22F0200492EA0E02A4F1410403D085
:100C1000202AB1D1192CAFD89D42EED1E5E730465C
:100C2000F8BD00BFD0F804210B4B18461340084014
:100C30000B4098420ED148F201000A43074B10B412
:100C4000044610400C40844214BF184600205DF852
:100C5000044B704701487047FE7FFFFF00D8FFFF3D
:100C60002DE9F8430C46002947D01546089A8146DD
:100C700000F14C069B1A002703F1010818E0A36954
:100C8000022B1EDCD4F80031002B01DD43450CD3D0
:100C900021464846FFF78CFE38B904F1A400FFF75F
:100CA00007FA20B3002F08BF2746D4F830412CB3F1
:100CB00004F16C013046FFF7AFFE0028F5D1002D9E
:100CC000DDD1D4F8FC30002BEFD0D4F8F8305B073E
:100CD00017D4D4F80031002B01DD4345E5D3002DB6
:100CE000D6D104F1A400FFF7E3F90028DAD104F12A
:100CF0008C00FFF7DFF90028D4D127463846BDE83D
:100D0000F88304212046FFF78DFF0028E1D0CCE7CF
:100D10002DE9F04F89468DB0002B00F052819C697F
:100D200016461D46134600940746B24A01F098FF46
:100D30000028C0F24D81814540F24A81C0EB090490
:100D400007443346AC4A2146384601F089FF002863
:100D5000C0F23E81844240F23B81241A074405F1EF
:100D60001C0221463846FFF745F90028C0F23081C1
:100D7000844240F22D81241A074433469F4A21467B
:100D8000384601F06DFF0028C0F22281844240F213
:100D90001F81241A074405F14C0221463846FFF70B
:100DA00097F80028C0F21481844240F21181241A7D
:100DB00007443346924A2146384601F051FF002845
:100DC000C0F20681844240F20381241A074405F1EF
:100DD0006C0221463846FFF77BF80028C0F2F88005
:100DE000844240F2F580D5F8A02007EB0008241AD1
:100DF000334605924046D5F89C702146814A0497B7
:100E0000D5F898700397D5F894700297D5F890703C
:100E10000197D5F88C70009701F022FF0028C0F2EE
:100E2000D780844240F2D480D5F8B820241A804478
:100E3000334605922146D5F8B4704046724A04976D
:100E4000D5F8B0700397D5F8AC700297D5F8A870B4
:100E50000197D5F8A470009701F002FF0028C0F2B6
:100E6000B780844240F2B480241A80443346674AF3
:100E70002146404601F0F4FE0028C0F2A9808442D9
:100E800040F2A680D5F82C21241A95F82931804407
:100E90000192214695F82871404605F128020097F5
:100EA000FFF710FDB0F1000AC0F29280544540F205
:100EB0008F8005F1BC0B5846EFF72CF91221024642
:100EC00007A8FFF761FD002840F083805846CAEB71
:100ED0000404EEF7E7FFD04407AB019021464046FB
:100EE000009333464A4A01F0BBFE002870DB84427F
:100EF0006ED9D5F8F830271A08EB0004DA0528D5A2
:100F0000D5F8FC203346DFF834C13946DFF830E14C
:100F10002046002A18BFE6463E4ACDF800E001F020
:100F20009FFE002854DB874252D9D5F800313F1A82
:100F30000444002B0BDD013B374A3946204601F0C3
:100F40008FFE002844DB874242D93F1A0444D5F87B
:100F5000F830980676D4D90300F1AD805A0700F135
:100F6000D9801B0538D533462C4A3946204601F036
:100F700077FE00282CDBB8422AD23F1A044405F53C
:100F80008475274EDFF8A48011E0069B0093394654
:100F90003346244A2046244E01F062FE002817DB27
:100FA00087420444A7EB000712D9ED68A5B106A952
:100FB0002846EEF70DFB1D4B0028E6D0CDF8188033
:100FC000E4E71B4A01F04CFE002801DB814500D814
:100FD00018480DB0BDE8F08F2046174A394601F099
:100FE0003FFE0028F4DB8742F2D9381AC0EB090033
:100FF000EFE700BF904D0020AC4D0020C44D002015
:10100000DC4D0020F44D00202C4E0020644E0020CA
:101010007C4E0020904E0020B04E00201C5000203E
:10102000D4270020345000202C160020384D0020FA
:10103000704D002080D6FFFFBC2C0020604D0020AA
:10104000684D00203346C84A3946204601F008FE64
:101050000028BDDBB84234BF00230123002BB7D1E9
:101060003F1A044405F1E802DFF804E35168C818A8
:10107000874240F287803F1A4BB19EF80010022B46
:10108000217002D19EF8011061701C44516841B179
:1010900000239168C95C013304F8011B51688B423D
:1010A000F7D3D2680223DFF8D8E2002ADED122701B
:1010B000D5F8F8304FE73346AC4A3946204601F0C0
:1010C000CFFD002884DBB84282D295F818813F1A00
:1010D0000444A74B18F0800F40F0728118F0400FC5
:1010E00040F0818018F0200F6ED118F0100F5CD105
:1010F00018F0080F4AD118F0040F40F0838018F060
:10110000020F40F09C8018F0010F40F08A80D5F863
:10111000F83023E73346974A3946204601F0A0FDD0
:101120000028FFF655AFB842BFF452AFD5F804819E
:101130003F1A04448E4B18F0800F40F09E8018F048
:10114000400F40F08B8018F0200F40F0B48018F072
:10115000100F40F0A18018F0080F40F0CA8018F07E
:10116000040F40F0B78018F0020F40F0EE8018F046
:10117000010F40F0DB8018F4004F40F0C980D5F833
:10118000F830EEE600237C48237022E77B4A39469C
:10119000204601F065FD0028FFF61AAF87427FF672
:1011A00017AF3F1A0444764BA5E7764A39462046E6
:1011B00001F056FD0028FFF60BAF87427FF608AF1F
:1011C0003F1A04446E4B93E76F4A3946204601F0BC
:1011D00047FD0028FFF6FCAE87427FF6F9AE3F1AC6
:1011E0000444674B81E7694A3946204601F038FDDF
:1011F0000028FFF6EDAE87427FF6EAAE3F1A0444C0
:101200005F4B6FE7624A3946204601F029FD00280E
:10121000FFF6DEAE87427FF6DBAE3F1A0444584B42
:101220006DE75C4A3946204601F01AFD0028FFF6BA
:10123000CFAE87427FF6CCAE3F1A044467E7564AEA
:101240003946204601F00CFD0028FFF6C1AE87426A
:101250007FF6BEAE3F1A0444494B54E74F4A394625
:10126000204601F0FDFC0028FFF6B2AE87427FF673
:10127000AFAE3F1A0444424B65E73946484A204620
:1012800001F0EEFC0028FFF6A3AE87427FF6A0AE89
:101290003F1A04443A4B52E7424A3946204601F08D
:1012A000DFFC0028FFF694AE87427FF691AE3F1A2E
:1012B0000444334B4FE73C4A3946204601F0D0FC0A
:1012C0000028FFF685AE87427FF682AE3F1A0444BF
:1012D0002B4B3CE7354A3946204601F0C1FC00283B
:1012E000FFF676AE87427FF673AE3F1A0444244B76
:1012F00039E72F4A3946204601F0B2FC0028FFF6B4
:1013000067AE87427FF664AE3F1A04441C4B26E763
:10131000284A3946204601F0A3FC0028FFF658AEC3
:1013200087427FF655AE3F1A044428E7224A3946E1
:10133000204601F095FC0028FFF64AAE87427FF672
:1013400047AE3F1A04440E4B15E71C4A3946204667
:1013500001F086FC0028FFF63BAE87427FF638AEF0
:101360003F1A0444064B02E7C44E0020DC4E002026
:10137000D4270020684F002080D6FFFF304F002088
:101380002C1600201C4F0020144F0020044F00207A
:101390003C4F0020544F0020484F0020944F002025
:1013A000804F0020BC4F0020A84F0020E04F0020BD
:1013B000D04F00200C500020FC4F0020F04F0020A8
:1013C0003946074A204601F04BFC0028FFF600AEE4
:1013D00087427FF6FDAD3F1A0444024B7EE600BF14
:1013E000F44E00202C1600202DE9F04390461D46B7
:1013F00083B0894607460E461B4C01221B4B05E075
:10140000083454F8043CCBB154F8082C2A42F7D0E5
:10141000009338464346164A314601F021FC002825
:1014200007441DDBB042A6EB000619D254F8083C75
:1014300008345D4054F8043C002BE5D125B9C6EBD7
:10144000090003B0BDE8F08343463846094A3146F7
:1014500001F006FC002803DB864201D9361AEEE7CC
:10146000054803B0BDE8F08368F502603C500020F9
:10147000645000206C50002080D6FFFFD0F8F83078
:1014800013F0040301D0FFF7CDBB1846704700BF2F
:10149000F8B50446D0F8F80010F4006012D01646F3
:1014A0000F4604F5847403E0042D0CD0E468A4B165
:1014B0006568B542F8D132463946A06801F0C4FBF0
:1014C0000028F1D1F8BD2A46A168054801F0BCFB0F
:1014D0000028F7D0E468002CEAD10248F8BD00BF2C
:1014E000E005002000D8FFFF38B511F1840419D0C1
:1014F000D1F89420054622B914E0E46B94B1226936
:1015000082B12B6A9342F8D16169686A01F09CFB51
:101510000028F2D104F11800FEF7CAFD0028ECD033
:10152000012038BD002038BD2DE9F04FB5B00024B2
:10153000984681463F9B20A80E9121460F9250224B
:101540001C603E9C01F098FBB8F1000F00F0EA81AE
:10155000B4B1204601F09CFBD9F8F83005469A0654
:1015600040F1AE8109F1E80603E0F668002E00F0D4
:10157000C1812A4621463046FFF7FAFA0028F4D105
:1015800009F1BC042046EEF7CFFD01230138D8F85D
:1015900004208340134200F08E8108F10C0208F110
:1015A000080311460892184622460793FFF79CFA53
:1015B000002840F07B81002420AF4FF0010A0B94FB
:1015C0000D9420AB09F1A40043F83490631C0693FA
:1015D000FEF76EFD18B17B6843F001037B6009F1F3
:1015E0008C00FEF767FD18B17B6843F400737B60E5
:1015F0000D9B002B40F0118199F82831D8F800207C
:10160000013B0AFA03F3134203D17B6843F480439E
:101610007B6099F82931D8F80420013B0AFA03F3DA
:10162000134203D17B6843F400437B60069B012B8C
:1016300000F0D5800B9B01220E994846009323466B
:10164000FFF70EFB0546002800F00C8109F16C0144
:1016500009F14C00FFF7E0F9002840F0BB800123BE
:101660000B9A01320B92002B40F0B480069B082BA2
:1016700000F2568129464846FFF79AF97B68002810
:1016800040F00B810A9305F1BC03089907981A46AC
:101690009B46FFF729FA20B10A9B43F480330A9353
:1016A0007B600F9B002B00F039811C4600260C97B5
:1016B000CDF810B0CDF8249003E0D4F8F040002C21
:1016C0007BD0A369002BF8D0E26A6B6C9A42F4D10C
:1016D000A96C206B01F0B8FA0028EED1D5F8F830EB
:1016E0005B0706D502212846FFF79CFA002840F048
:1016F000D98094F8E800D8F80020431E0AFA03F3D2
:10170000134201D146F4003694F8E930D8F80420A9
:10171000013B0AFA03F3134201D146F48026ECF7A9
:10172000C5FD10AB226983466169ECF755FE0028C0
:1017300040F0B880049A08990798FFF7D5F908B1E6
:1017400046F48036D4F8EC10584694F8E89094F8B3
:10175000E9B00591ECF716FED4F8E0704B46059918
:101760000397D4F8E470049A029710AF019058469A
:101770000097EEF7D5FB002840F0948004F16C0050
:10178000FEF796FC08B146F0200604F15400FEF77F
:1017900091FC08B146F4806621460998FFF7A4FE43
:1017A00000288AD00C9F46F002060A9BA946069C98
:1017B00008371E4347F8046C03E70C9FF5E70B9BC3
:1017C00001220E99484600932346FFF749FA054641
:1017D000002847D07B680A9301230D9353E709F152
:1017E0006C0109F14C00FFF717F90028E7D10E9BB7
:1017F000002BE4D0D9F804601D4603E0D5F8305141
:10180000002DDCD06B68B342F8D13246A968D9F814
:10181000080001F019FA0028F0D120AA069D3F9F88
:1018200002EBC504DDF800816E1E54F8041C10ABF9
:10183000419832461091B8F1000F05D054F8081CB9
:10184000C047002859D110993B68083C35461943D8
:101850003960002EE8D10029334808BF002035B098
:10186000BDE8F08F0B9A2346D9F830114846009214
:101870000022FFF7F5F9054600284AD0069B012B08
:101880003FF4F8AE09F16C0109F14C00FFF7C4F820
:1018900000287FF4EBAE0346E2E643F008030A9328
:1018A0007B60F0E60C9F46F010067EE7219B43F438
:1018B000803321937FE6219B43F4004321936CE620
:1018C00009F16C0601E0B669A6B17268032AFAD183
:1018D000B168164801F0B8F92A4621460028F2D12D
:1018E00006F10C00FFF744F900283FF449AEB66951
:1018F000002EEAD10423219342E610F51C5F0C4B25
:1019000008BF18464FF0FF333F9A136035B0BDE86B
:10191000F08F7B6843F008037B607EE70F9E44E70F
:101920000348EFE70348EDE700D9FFFFB4270020A5
:1019300000D0FFFF00D8FFFF70B584B0089E099D5E
:101940000A9C029503948DE84800024BFFF7ECFDDA
:1019500004B070BD08F602604FF49A72002101F0E5
:101960008BB900BF002868D0F8B50746064606F1D7
:10197000BC00EEF743FAD6F82C0101F08DF9746E35
:1019800054B12046A5692021F0F7E8F8204601F07F
:1019900083F92C46002DF4D1D6F8844054B120466A
:1019A000A5692021F0F7DAF8204601F075F92C46F8
:1019B000002DF4D1D6F8144154B12046E568102129
:1019C000F0F7CCF8204601F067F92C46002DF4D151
:1019D000D6F8F44054B12046E5681021F0F7BEF87F
:1019E000204601F059F92C46002DF4D1B06828B1F9
:1019F0007168F0F7B3F8B06801F04EF9D6F83061CD
:101A0000002EB4D14FF49A713846D7F83041F0F730
:101A1000A5F820464FF49A7174B1D4F83051F0F71C
:101A20009DF8A74220462C46F3D001F035F9204618
:101A30004FF49A71002CF0D1F8BD70472DE9F04FAA
:101A40009DB0002800F08D81B1FA81F56D09002D5F
:101A500040F08781824690460F46044605E0D4F860
:101A600030612546002E75D03446A369002BF6D18F
:101A700010A90DAA0D930846049113A9109313936E
:101A80000E460392059153609360436083607360D8
:101A9000B3601CAE07EB080B302308A846F8548D42
:101AA000594632460897E1F715F8002840F08F8133
:101AB000089BDDF81C80C3EB0B0BC345C0F03F81D6
:101AC00043440120C7EB0309C4F80490494601F0E0
:101AD000FFF883460890A060002800F07D81394619
:101AE0004A4601F0A5F8C8EB0901302332465944B3
:101AF00008A801EB08076161089139460297E0F7F1
:101B0000E9FF804600284FD1079FA023089819AA13
:101B1000616900EB070B08A8C1EB0B075946276169
:101B2000E0F7D8FF0346002849D010F1620F00F01B
:101B30000B8120461F46FFF715FF15B10023C5F89E
:101B40003031A24502D0204601F0A6F838461DB03B
:101B5000BDE8F08F4FF49A71012001F0B9F8C4F894
:101B60003001002800F03A8131464FF49A7201F0BA
:101B700083F80DAB0D961946039310AB1096139690
:101B80001846049313AB4E608E601D460593D4F83F
:101B900030316E60AE60254646608660002B40F0B6
:101BA0006082A14F1C46C8E7A8F506572046FFF7FC
:101BB000D9FE002FC1D138461DB0BDE8F08F08997D
:101BC00004F11802199B08A801EB03084146E0F74D
:101BD000BFFF002840F0BB80089B984540F0F5808F
:101BE00004F11C02594608A8FEF718FE0346002817
:101BF0009FD104F12807039B594608A83A46FEF7EF
:101C000065FB0346002894D1A369022B00F20281F0
:101C1000013304F5967203993846A36104F229133F
:101C2000009204F59472FEF76FFC8046002840F0A5
:101C300093800898302332465946E06308A8E0F7BD
:101C400049FF0746002840F0B780089904F14C028C
:101C5000079B08A81944FEF7ABFA0746002840F096
:101C6000A78008983023E76B19AA5946C71B08A814
:101C7000A763E0F72FFF002800F0B280B0F51057FF
:101C800040F09680089BA36432463023594608A84A
:101C9000E0F720FF0746002840F08E80079B4BB1FD
:101CA000089904F16C0208A81944FEF781FA074666
:101CB00000287DD1A06C04F1BC02089B59461B1A78
:101CC00008A86364EFF73AFE0746002870D1A369BD
:101CD000023B012B47D9089B9B4530D1049B08A8A8
:101CE000059A0299FEF7F2FA0746002860D1E26AE7
:101CF000149B9A4240F093801599206B00F0A4FF4A
:101D00000746002840F08B800E9A119B9A4240F0C3
:101D100086802AB112990F9800F096FF00287ED194
:101D200008A804F58E720299FEF7CEFB0346002840
:101D30007FF4FFAE089B029A9A423FF407AF204619
:101D40003A4FFFF70FFEF8E6C4F8188048E7B0F501
:101D500008533FF445AFECE620464746FFF702FE46
:101D6000EBE6314FF2E6012304F1C402594608A81C
:101D7000FEF7E4FE0746D8B9A369023B012BAAD8B7
:101D8000022304F1D002594608A8FEF7D7FE074601
:101D900070B9A369032B9ED104F1DC02594608A84F
:101DA000FEF762FD00284DD010F1620F93D0074678
:101DB0002046FFF7D7FDC0E6A7F506572046FFF7F8
:101DC000D1FD002F3FF4F7AEB7E6194BB1E6204640
:101DD000184FFFF7C7FDB0E6174FAEE6164FB5E652
:101DE000089904F18C02199B08A801EB03094946E4
:101DF000FEF7D2FB0028DAD104F1A402494608A874
:101E0000FEF7CAFB0028D2D1089B994540F02B81F0
:101E10004B4638E72046094FFFF7A4FD8DE62046E4
:101E2000074FFFF79FFD88E600D8FFFF1ADEFFFF90
:101E30009ADDFFFF80DEFFFF80D7FFFF80DAFFFF24
:101E400080D9FFFF8046089B9B454DD930235946DA
:101E500008A809AACDF85880CDF85C80CDF860803C
:101E6000CDF82880CDF82C80E0F734FE002840F033
:101E7000F280089E0623099817AA37785946064427
:101E800008A81697E0F726FE002840F0E480089A9C
:101E9000179B18921344C3EB0B020893002A27DD0B
:101EA0000AAA314608A8E0F729FE10F1620F02D015
:101EB000002840F0D08009AA0423314608A8E0F7A2
:101EC00009FE002840F0C780089A099B13449E42EF
:101ED0000CD10BA916A8EDF733FA68B10A9B089646
:101EE00043B933469B45B1D83FF4F8AE844F5FE722
:101EF000844F5DE7844F5BE7D4F8F8200B9B12EA30
:101F0000030740F0F5801A43B3F5807FC4F8F8204A
:101F100000F0AB8076DC042B51D0202B46D130234F
:101F2000314608A804F1E8070DEB0302E0F7D2FD03
:101F3000002834D1089B0C9A1A449642D6D19E426E
:101F400036D9F21A002AD3DD13F8019B19AA3146BB
:101F500008A80893E0F76EFD08BB09F0C003802BCA
:101F6000C8D1B9F1820F04D0089A199B1344089381
:101F7000E5E7BB6853B1FB68002B40F0B980102146
:101F8000012000F0A5FEF860B8B107468223089A48
:101F90003B60199BBA607B6013440893CFE7A0F5C0
:101FA0001457002F7FF404AF089B4DE7574FFFE60F
:101FB000C7F80C803FF448AF98E7554FF8E6314634
:101FC00019AA08A819978DF868701B97E0F7F6FD15
:101FD000002840F08F80199F002F3AD01B9A0646A8
:101FE000C4F804010346501E10F8012FD900013334
:101FF0008A40032B46EA0206C4F80461D4D89F4203
:10200000F2D8D1E7B3F5006F16D0B3F5803FCDD14C
:10201000314619AA08A819978DF868701B97E0F740
:10202000CDFD002866D1199B012B12D11B9A089B6C
:10203000127884F8182107E73146062304F58472E4
:1020400008A8E0F713FE002854D1D4F81031002B73
:10205000AAD1304FACE6A0F51457002F3FF43BAEA9
:10206000A6E61C4615E52C4FA2E6C4F8FC7030230A
:10207000C4F8007119AA314608A8E0F72BFD04F155
:10208000FC0704F58079002889D1089B9E423FF423
:10209000DBAE3A46314608A8E0F730FD88B110F1D2
:1020A000620F7FF47CAF3A46314608A8E0F750FD56
:1020B00000287FF474AFD4F8FC3013B10123C4F8C6
:1020C000FC30089B9E423FF4BFAE4A46314608A80A
:1020D000E0F73EFD00287FF462AF089B9E427FF44C
:1020E00005AFD4F8002133460132C4F80021ABE635
:1020F0000A4F5DE6B0F514573FF456AF58E600BFFF
:102100009ADAFFFFA0DAFFFF9EDAFFFF80DFFFFF12
:1021100096DAFFFF9CDAFFFF9ADBFFFF00DBFFFF91
:10212000002872D02DE9F04F0C468BB000296AD000
:1021300015460746002A3CD08B1813F8016C002E78
:1021400037D13349204600F0B7FD90B3012D56D961
:102150000DF1180AB146B046059607A8EDF7CEFB7B
:10216000CDF808A0CDF804802346CDF8008007A85C
:10217000284A2749EDF7C8FB834610B31BF5A45F37
:1021800007A83ED01BF5845F0BD0EDF78DFD069AB6
:10219000B9F1000F08BFD9460136AD1A1444012D1C
:1021A000DBD8059B4BBB1C48B9F1000F18BF484654
:1021B00004E02A4621463846FFF740FC0BB0BDE854
:1021C000F08F069B3846089A0799ED1A1C44FFF7D2
:1021D00035FC834607A8EDF767FDBBF1000F09D07A
:1021E0001BF5225F06F101060BD0B9F1000F08BF05
:1021F000D946D4E701230593D1E73046DEE7064808
:10220000DCE75846DAE70548D8E70448704700BFDE
:1022100098500020B450002080D8FFFF00D8FFFF66
:102220002DE9F041294F002542690124B96B4FF097
:10223000020E16684FF4303821F47C010369DFF890
:102240009CC041F48021B9633168576839433160DB
:102250004FF001161E49C3F810E01D61C3F848C0D5
:102260005C629962C3F82C809F6C1A491F651D62DD
:102270009E651C61037E184E02EB03152C7A2B46DB
:1022800001EB0414A46826602C7AED6801EB0414B9
:10229000646825601C690CB15B692360407E0E4C4C
:1022A00002EB001393F828001A4601EB0010806837
:1022B000046093F82840D86A01EB04114B68186059
:1022C000136B0BB1526B1A60BDE8F08100C00F4078
:1022D000B80B0505AC0B002061F801003B3728194D
:1022E0004369027E03EB0212F0B4147A8C4209D0E7
:1022F0001A7AFF2A06D08A4228D01A7EFF2A01D0F5
:102300008A4201D0F0BC704701252E4693E80600B2
:102310000968114217D00F4A03EB061305270E4E2A
:1023200002EB041461680F60197A02EB01118968ED
:102330000E601C7AD96802EB0412526811601A69A7
:102340000AB15B6913600576F0BC704700252E4624
:10235000DCE700BFAC0B002061F8010043690B4AC9
:1023600003EB011010B4017A094C02EB01118968EA
:102370000C60047AC16802EB0412526811600269B1
:102380000AB1436913605DF8044B7047AC0B002041
:1023900061F801004369427E03EB0212F0B492F847
:1023A00028408C420BD093F82820FF2A07D08A427D
:1023B0002BD093F83820FF2A01D08A4201D0F0BCFC
:1023C000704701252E4693E806000968114219D08E
:1023D0000F4A03EB061305270E4E02EB0414616847
:1023E0000F6093F8281002EB011189680E6093F8D2
:1023F0002840D96A02EB0412526811601A6B0AB1C4
:102400005B6B13604576F0BC704700252E46DAE71B
:10241000AC0B002061F8010043690C4A03EB01108A
:1024200010B490F828100A4C02EB011189680C6076
:1024300090F82840C16A02EB041252681160026BE6
:102440000AB1436B13605DF8044B7047AC0B00207E
:1024500061F80100114B1249D86E0A4640F4403031
:1024600030B4D86640F23765D86EA02440F440708E
:10247000D8664D648C64936C1B06FCD4094B40F207
:102480003760A0211A4658649964936C13F0800356
:10249000FBD1054A137030BC704700BF00C00F402D
:1024A00000400C4000800C40A1F50020704700BFA8
:1024B000704700BF704700BFF0B5244A0020244B8E
:1024C0004FF0100C234C1126DFF8C8E012272060D3
:1024D0000125C2F800C0C3F800E01660DFF8B8E0DC
:1024E0001D4EC3F800E01D4917601E6041F0150144
:1024F0001B4F1C4E17601E601B4F1C4E17601E604A
:102500001B4F11601B4E1C491F6016601B4F19604A
:102510001B4E1C4917601E601B4F11601B4E1C494F
:102520001F60166019602560BFF34F8FBFF36F8F78
:10253000C3F8B001BFF34F8FBFF36F8F52F8883CE1
:1025400043F4403342F8883CF0BD00BF9CED00E00E
:10255000A0ED00E094ED00E009001000A0F70020DD
:10256000130020002100020714000020250008139A
:10257000090000101600202027000B131700004050
:1025800033001013180000602F000B0719000070B3
:102590002F000B133F00001025000803F0B58D4BF2
:1025A00018228D4E01208D4948F20C7E8C4D4FF043
:1025B000FF378C4C83B0C3F85C12C3F8605200251F
:1025C000C3F86412C3F868424FF40054C3F86C6255
:1025D0008549C3F87062C3F87462C3F87862834EA9
:1025E000DA661A675A679A67DA67C3F88020C3F811
:1025F0008420C3F8882040F20562C1F82C03C1F89A
:102600003003C1F83403C1F83803C1F83C03C1F802
:1026100050032946B36976481840764B0343764801
:10262000B361D6F8843043F00C03C6F88430022638
:10263000036833430360036803EA0E0E6F4B4EEAF0
:102640000303DFF8F0E103606D4B4760DEF80870CC
:102650003B406C4F43F000538360C36823F0780322
:10266000C360036A1F40684B3B43664F0362036AC3
:102670001F40654B3B43654F43628762C762DEF88C
:10268000B830634F23F03F0343F00103C0F8B83084
:10269000DEF8BC30DFF884E123F03F0343F00103B0
:1026A000C0F8BC30056104660767C0F88020446646
:1026B0004767C0F884200468564B24F00204564A49
:1026C0000460C0F818E0C66143F8041B9342FBD1D4
:1026D000494B1A68194642F001021A600B68464AD3
:1026E00013F00103FAD14D4E022540F2F56440F299
:1026F000664040F299414A4F966142F20146D561E7
:1027000040F23545C2F8004242F20124C2F81002FC
:102710000120C2F820121146C2F8307207F15A4760
:10272000C2F8346207F51377C2F840523D4E3E4D71
:10273000C2F85072C2F85462C2F86052C2F86442E1
:10274000C2F8A030C2F8A430C2F8B0004B692A4ADF
:10275000DD07FBD5012300244FF48030114653617F
:10276000C2F8A040C2F8A400C2F8B0304B69224AB7
:10277000DC07FBD5012300244FF4003011465361E0
:10278000C2F8A040C2F8A400C2F8B0304B691A4A9F
:10279000D807FBD501230024244811465361C2F811
:1027A000A040C2F8A400C2F8B0304B69124ADB075F
:1027B000FBD5D2F8003145F60D5121209BB2506176
:1027C0008B4239D01A4B00221A605A609A60DA6044
:1027D00003B0F0BD00801F40F9700100F9B00100A6
:1027E000F9100100F900010000841F4000C00F40F3
:1027F000FFFCFF1F000300A000402A401200FFFF63
:10280000FF37F70000FFF07C40000080FF000F83DF
:102810006300020000422A4000432A40F05AF05A66
:102820009F041830063201263806180A04000300F7
:1028300050F7002000802A4000244FF4802001231C
:102840001146C2F8A040C2F8A400C2F8B0304B69EB
:102850003B4ADF07FBD501234FF40004002011465B
:102860005361C2F8A040C2F8A400C2F8B0304B696E
:10287000334ADE07FBD501234FF400044FF48030C8
:1028800011465361C2F8A040C2F8A400C2F8B030AB
:102890004B692B4ADD07FBD501234FF400044FF4AD
:1028A000003011465361C2F8A040C2F8A400C2F83B
:1028B000B0304B69224ADC07FBD501234FF40004FA
:1028C000204811465361C2F8A040C2F8A400C2F8E3
:1028D000B0304B691A4AD807FBD5D2F8003145F61B
:1028E0000D5121209BB250618B4210D0164B082213
:1028F0004FF400041A7015490020154A0123009076
:10290000521A1448224400F0D3F903B0F0BD4FF43A
:1029100000044FF4802101231046C2F8A040C2F801
:10292000A410C2F8B03043690549DB07FBD501208C
:10293000054B10224FF0807448611A70DBE700BF2E
:1029400000402A4004000300A5F5002000000070AC
:102950000000007050F70020F0B4174A40274FF4F1
:1029600080314FF480564FF400554FF4404443F209
:102970004200136913F0020F06D094615161906117
:10298000136913F0020FF8D113F4005F01D1556100
:10299000EFE713F4805F01D15661EAE7002BE8DA34
:1029A00013F4803F01D09161E3E75B0601D45761E6
:1029B000DFE7F0BC704700BF00800D40394A0320BC
:1029C0003949F3EE095A13689FED386A23F0010381
:1029D000DFED376AF0B4136000241061D1F8E03005
:1029E000344FD8B2C3F30B211B0D334E07EE100A40
:1029F00005EE101A07EE903A304BB8EEC55A304D3E
:102A0000B8EEC77A3060F8EEE77A29602D4937EEE4
:102A1000466A2D4E77EEC57A2C4877EE666A2C4DC5
:102A200037EE657A26EE276AC7ED007A66EEA76A6A
:102A3000176867EE277A83ED007AC6EE075A86EEAE
:102A4000876AC7EE876A35EE857AFCEEC77A36EE7E
:102A5000057A17EE903ABCEEC77A47EA035376EE52
:102A6000857A136017EE103AD2F81071FCEEE77A0F
:102A700001EA0341394317EE903AC2F81011C3F34B
:102A80000B03D2F810110B43C2F81031136843F056
:102A9000020313603470C0F840510E4B0122F0BCA9
:102AA0001A60704780810D4000441F400000AA4218
:102AB0000000B4427CF2002074F2002078F2002082
:102AC00070F200200000FF0F40E400E0006C0020E6
:102AD000150E010008E100E0304B40F6617270B560
:102AE000C3F8202140F2044500F0A6F82C492D48F7
:102AF000D1F880202C4C42F003022C4BC1F88020EE
:102B0000C0F86051226813401BB9D0F8A8319A0769
:102B10001AD0244B4FF00041234A51631A46D3F890
:102B2000401141F00201C3F84011D2F840319B0737
:102B3000FBD44FF400301E491B4B4FF0004208609D
:102B400019209A6300F070F81A4D0022164B4FF0CE
:102B50008041144C0A26996328461A601146C4F82D
:102B6000A8614FF4207200F087F84FF4810640F21C
:102B700043114FF48000104B104A2E602864C4F8B3
:102B80005851C4F84811C3F804220D4A4FF40031DB
:102B900001231160C4F8403170BD00BF00800D40BA
:102BA00000C00F4000002E4000900D40001C1E0091
:102BB0008CE200E000000020006C0020E10F01002A
:102BC0000CE100E008B50E4B1B6E9B0700D4FBBE6A
:102BD00072B60C4B00200C4AC3F8400103F160436D
:102BE0000A49A3F55F2311649D46BFF34F8F084A3E
:102BF00003F5E0430749126818461960936898473F
:102C000000441F4000002E4000C00A400300200086
:102C10001C002000000012EBF8B500BFF8BC08BC97
:102C20009E467047000000005FF800F06DFB00005A
:102C30005FF800F0350101005FF800F08117010036
:102C40005FF800F0A14301005FF800F02D410100A2
:102C50005FF800F0914101005FF800F08949010040
:102C60005FF800F0054801005FF800F0B143010093
:102C70005FF800F0953601005FF800F0594201005E
:102C80005FF800F0513A01005FF800F06D090100B3
:102C90005FF800F0414D01005FF800F0813B01005A
:102CA0005FF800F0254301005FF800F0A9F800008C
:102CB0005FF800F0452101005FF800F0DD510100F0
:102CC0005FF800F0250101005FF800F0FD4201000F
:102CD0005FF800F0BD39010045000000454C0000E0
:082CE000F5580000B9F50000F1
:102CE80001000000020000000400000008000000CD
:102CF80010000000200000004000000080000000DC
:102D08001B00000036000000637C777BF26B6FC508
:102D18003001672BFED7AB76CA82C97DFA5947F0D6
:102D2800ADD4A2AF9CA472C0B7FD9326363FF7CCB2
:102D380034A5E5F171D8311504C723C31896059A4F
:102D4800071280E2EB27B27509832C1A1B6E5AA072
:102D5800523BD6B329E32F8453D100ED20FCB15B5D
:102D68006ACBBE394A4C58CFD0EFAAFB434D3385C6
:102D780045F9027F503C9FA851A3408F929D38F59A
:102D8800BCB6DA2110FFF3D2CD0C13EC5F974417D1
:102D9800C4A77E3D645D197360814FDC222A908848
:102DA80046EEB814DE5E0BDBE0323A0A4906245CD4
:102DB800C2D3AC629195E479E7C8376D8DD54EA939
:102DC8006C56F4EA657AAE08BA78252E1CA6B4C605
:102DD800E8DD741F4BBD8B8A703EB5664803F60E5E
:102DE800613557B986C11D9EE1F8981169D98E944D
:102DF8009B1E87E9CE5528DF8CA1890DBFE6426866
:102E080041992D0FB054BB1651F4A7507E4165531C
:102E18001A17A4C33A275E963BAB6BCB1F9D45F1AF
:102E2800ACFA58AB4BE303932030FA55AD766DF608
:102E380088CC7691F5024C254FE5D7FCC52ACBD72F
:102E480026354480B562A38FDEB15A4925BA1B677F
:102E580045EA0E985DFEC0E1C32F7502814CF01261
:102E68008D4697A36BD3F9C6038F5FE715929C95A0
:102E7800BF6D7AEB955259DAD4BE832D587421D39D
:102E880049E069298EC9C84475C2896AF48E79787F
:102E980099583E6B27B971DDBEE14FB6F088AD1782
:102EA800C920AC667DCE3AB463DF4A18E51A318290
:102EB8009751336062537F45B16477E0BB6BAE8452
:102EC800FE81A01CF9082B94704868588F45FD199D
:102ED80094DE6C87527BF8B7AB73D323724B02E254
:102EE800E31F8F576655AB2AB2EB28072FB5C203ED
:102EF80086C57B9AD33708A5302887F223BFA5B2A9
:102F080002036ABAED16825C8ACF1C2BA779B492A9
:102F1800F307F2F04E69E2A165DAF4CD0605BED5F5
:102F2800D134621FC4A6FE8A342E539DA2F355A045
:102F3800058AE132A4F6EB750B83EC394060EFAA01
:102F48005E719F06BD6E10513E218AF996DD063DE1
:102F5800DD3E05AE4DE6BD4691548DB571C45D05A7
:102F68000406D46F605015FF1998FB24D6BDE99765
:102F7800894043CC67D99E77B0E842BD07898B88E2
:102F8800E7195B3879C8EEDBA17C0A477C420FE978
:102F9800F8841EC90000000009808683322BED48A2
:102FA8001E1170AC6C5A724EFD0EFFFB0F85385621
:102FB8003DAED51E362D39270A0FD964685CA62187
:102FC8009B5B54D124362E3A0C0A67B19357E70F0E
:102FD800B4EE96D21B9B919E80C0C54F61DC20A2A7
:102FE8005A774B691C121A16E293BA0AC0A02AE54E
:102FF8003C22E043121B171D0E090D0BF28BC7ADC7
:103008002DB6A8B9141EA9C857F11985AF75074C74
:10301800EE99DDBBA37F60FDF701269F5C72F5BCCE
:1030280044663BC55BFB7E348B432976CB23C6DCE9
:10303800B6EDFC68B8E4F163D731DCCA42638510A9
:103048001397224084C61120854A247DD2BB3DF8BF
:10305800AEF93211C729A16D1D9E2F4BDCB230F39A
:103068000D8652EC77C1E3D02BB3166CA970B999D1
:10307800119448FA47E96422A8FC8CC4A0F03F1ACE
:10308800567D2CD8223390EF87494EC7D938D1C105
:103098008CCAA2FE98D40B36A6F581CFA57ADE2875
:1030A800DAB78E263FADBFA42C3A9DE45078920D36
:1030B8006A5FCC9B547E4662F68D13C290D8B8E8FE
:1030C8002E39F75E82C3AFF59F5D80BE69D0937CD1
:1030D8006FD52DA9CF2512B3C8AC993B10187DA781
:1030E800E89C636EDB3BBB7BCD2678096E5918F4F0
:1030F800EC9AB701834F9AA8E6956E65AAFFE67E1B
:1031080021BCCF08EF15E8E6BAE79BD94A6F36CE5F
:10311800EA9F09D429B07CD631A4B2AF2A3F233123
:10312800C6A5943035A266C0744EBC37FC82CAA6C8
:10313800E090D0B033A7D815F104984A41ECDAF7FB
:103148007FCD500E1791F62F764DD68D43EFB04DAB
:10315800CCAA4D54E49604DF9ED1B5E34C6A881B93
:10316800C12C1FB84665517F9D5EEA04018C355D10
:10317800FA877473FB0B412EB3671D5A92DBD25248
:10318800E91056336DD647139AD7618C37A10C7A5C
:1031980059F8148EEB133C89CEA927EEB761C935CF
:1031A800E11CE5ED7A47B13C9CD2DF5955F2733FFB
:1031B8001814CE7973C737BF53F7CDEA5FFDAA5B02
:1031C800DF3D6F147844DB86CAAFF381B968C43E2B
:1031D8003824342CC2A3405F161DC372BCE2250CF0
:1031E800283C498BFF0D954139A80171080CB3DEC5
:1031F800D8B4E49C6456C1907BCB8461D532B67058
:10320800486C5C74D0B85742F4A750514165537E5E
:1032180017A4C31A275E963AAB6BCB3B9D45F11FAB
:10322800FA58ABACE303934B30FA5520766DF6AD04
:10323800CC769188024C25F5E5D7FC4F2ACBD7C52B
:103248003544802662A38FB5B15A49DEBA1B67257B
:10325800EA0E9845FEC0E15D2F7502C34CF012815D
:103268004697A38DD3F9C66B8F5FE703929C95159C
:103278006D7AEBBF5259DA95BE832DD47421D35899
:10328800E0692949C9C8448EC2896A758E7978F47B
:10329800583E6B99B971DD27E14FB6BE88AD17F07E
:1032A80020AC66C9CE3AB47DDF4A18631A3182E58C
:1032B80051336097537F45626477E0B16BAE84BB4E
:1032C80081A01CFE082B94F94868587045FD198F99
:1032D800DE6C87947BF8B75273D323AB4B02E27250
:1032E8001F8F57E355AB2A66EB2807B2B5C2032FE9
:1032F800C57B9A863708A5D32887F230BFA5B223A5
:10330800036ABA0216825CEDCF1C2B8A79B492A7A5
:1033180007F2F0F369E2A14EDAF4CD6505BED506F1
:1033280034621FD1A6FE8AC42E539D34F355A0A241
:103338008AE13205F6EB75A483EC390B60EFAA40FD
:10334800719F065E6E1051BD218AF93EDD063D96DD
:103358003E05AEDDE6BD464D548DB591C45D0571A3
:1033680006D46F045015FF6098FB2419BDE997D661
:103378004043CC89D99E7767E842BDB0898B8807DE
:10338800195B38E7C8EEDB797C0A47A1420FE97C74
:10339800841EC9F800000000808683092BED48329E
:1033A8001170AC1E5A724E6C0EFFFBFD8538560F1D
:1033B800AED51E3D2D3927360FD9640A5CA6216883
:1033C8005B54D19B362E3A240A67B10C57E70F930A
:1033D800EE96D2B49B919E1BC0C54F80DC20A261A3
:1033E800774B695A121A161C93BA0AE2A02AE5C04A
:1033F80022E0433C1B171D12090D0B0E8BC7ADF2C3
:10340800B6A8B92D1EA9C814F119855775074CAF70
:1034180099DDBBEE7F60FDA301269FF772F5BC5CCA
:10342800663BC544FB7E345B4329768B23C6DCCBE5
:10343800EDFC68B6E4F163B831DCCAD763851042A5
:1034480097224013C61120844A247D85BB3DF8D2BB
:10345800F93211AE29A16DC79E2F4B1DB230F3DC96
:103468008652EC0DC1E3D077B3166C2B70B999A9CD
:103478009448FA11E9642247FC8CC4A8F03F1AA0CA
:103488007D2CD8563390EF22494EC78738D1C1D901
:10349800CAA2FE8CD40B3698F581CFA67ADE28A571
:1034A800B78E26DAADBFA43F3A9DE42C78920D5032
:1034B8005FCC9B6A7E4662548D13C2F6D8B8E890FA
:1034C80039F75E2EC3AFF5825D80BE9FD0937C69CD
:1034D800D52DA96F2512B3CFAC993BC8187DA7107D
:1034E8009C636EE83BBB7BDB267809CD5918F46EEC
:1034F8009AB701EC4F9AA883956E65E6FFE67EAA17
:10350800BCCF082115E8E6EFE79BD9BA6F36CE4A5B
:103518009F09D4EAB07CD629A4B2AF313F23312A1F
:10352800A59430C6A266C0354EBC377482CAA6FCC4
:1035380090D0B0E0A7D8153304984AF1ECDAF741F7
:10354800CD500E7F91F62F174DD68D76EFB04D43A7
:10355800AA4D54CC9604DFE4D1B5E39E6A881B4C8F
:103568002C1FB8C165517F465EEA049D8C355D010C
:10357800877473FA0B412EFB671D5AB3DBD2529244
:10358800105633E9D647136DD7618C9AA10C7A3758
:10359800F8148E59133C89EBA927EECE61C935B7CB
:1035A8001CE5EDE147B13C7AD2DF599CF2733F55F7
:1035B80014CE7918C737BF73F7CDEA53FDAA5B5FFE
:1035C8003D6F14DF44DB8678AFF381CA68C43EB927
:1035D80024342C38A3405FC21DC37216E2250CBCEC
:1035E8003C498B280D9541FFA80171390CB3DE08C1
:1035F800B4E49CD856C19064CB84617B32B670D554
:103608006C5C7448B85742D05051F4A7537E41655A
:10361800C31A17A4963A275ECB3BAB6BF11F9D45A7
:10362800ABACFA58934BE303552030FAF6AD766D00
:103638009188CC7625F5024CFC4FE5D7D7C52ACB27
:10364800802635448FB562A349DEB15A6725BA1B77
:103658009845EA0EE15DFEC002C32F7512814CF059
:10366800A38D4697C66BD3F9E7038F5F9515929C98
:10367800EBBF6D7ADA9552592DD4BE83D358742195
:103688002949E069448EC9C86A75C28978F48E7977
:103698006B99583EDD27B971B6BEE14F17F088AD7A
:1036A80066C920ACB47DCE3A1863DF4A82E51A3188
:1036B800609751334562537FE0B1647784BB6BAE4A
:1036C8001CFE81A094F9082B58704868198F45FD95
:1036D8008794DE6CB7527BF823AB73D3E2724B024C
:1036E80057E31F8F2A6655AB07B2EB28032FB5C2E5
:1036F8009A86C57BA5D33708F2302887B223BFA5A1
:10370800BA02036A5CED16822B8ACF1C92A779B4A1
:10371800F0F307F2A14E69E2CD65DAF4D50605BEED
:103728001FD134628AC4A6FE9D342E53A0A2F3553D
:1037380032058AE175A4F6EB390B83ECAA4060EFF9
:10374800065E719F51BD6E10F93E218A3D96DD06D9
:10375800AEDD3E05464DE6BDB591548D0571C45D9F
:103768006F0406D4FF605015241998FB97D6BDE95D
:10377800CC8940437767D99EBDB0E8428807898BDA
:1037880038E7195BDB79C8EE47A17C0AE97C420F70
:10379800C9F8841E000000008309808648322BED9A
:1037A800AC1E11704E6C5A72FBFD0EFF560F853819
:1037B8001E3DAED527362D39640A0FD921685CA67F
:1037C800D19B5B543A24362EB10C0A670F9357E706
:1037D800D2B4EE969E1B9B914F80C0C5A261DC209F
:1037E800695A774B161C121A0AE293BAE5C0A02A46
:1037F800433C22E01D121B170B0E090DADF28BC7BF
:10380800B92DB6A8C8141EA98557F1194CAF75076C
:10381800BBEE99DDFDA37F609FF70126BC5C72F5C6
:10382800C544663B345BFB7E768B4329DCCB23C6E1
:1038380068B6EDFC63B8E4F1CAD731DC10426385A1
:10384800401397222084C6117D854A24F8D2BB3DB7
:1038580011AEF9326DC729A14B1D9E2FF3DCB23092
:10386800EC0D8652D077C1E36C2BB31699A970B9C9
:10387800FA1194482247E964C4A8FC8C1AA0F03FC6
:10388800D8567D2CEF223390C787494EC1D938D1FD
:10389800FE8CCAA23698D40BCFA6F58128A57ADE6D
:1038A80026DAB78EA43FADBFE42C3A9D0D5078922E
:1038B8009B6A5FCC62547E46C2F68D13E890D8B8F6
:1038C8005E2E39F7F582C3AFBE9F5D807C69D093C9
:1038D800A96FD52DB3CF25123BC8AC99A710187D79
:1038E8006EE89C637BDB3BBB09CD2678F46E5918E8
:1038F80001EC9AB7A8834F9A65E6956E7EAAFFE613
:103908000821BCCFE6EF15E8D9BAE79BCE4A6F3657
:10391800D4EA9F09D629B07CAF31A4B2312A3F231B
:1039280030C6A594C035A26637744EBCA6FC82CAC0
:10393800B0E090D01533A7D84AF10498F741ECDAF3
:103948000E7FCD502F1791F68D764DD64D43EFB0A3
:1039580054CCAA4DDFE49604E39ED1B51B4C6A888B
:10396800B8C12C1F7F466551049D5EEA5D018C3508
:1039780073FA87742EFB0B415AB3671D5292DBD240
:1039880033E91056136DD6478C9AD7617A37A10C54
:103998008E59F81489EB133CEECEA92735B761C9C7
:1039A800EDE11CE53C7A47B1599CD2DF3F55F273F3
:1039B800791814CEBF73C737EA53F7CD5B5FFDAAFA
:1039C80014DF3D6F867844DB81CAAFF33EB968C423
:1039D8002C3824345FC2A34072161DC30CBCE225E8
:1039E8008B283C4941FF0D957139A801DE080CB3BD
:1039F8009CD8B4E4906456C1617BCB8470D532B650
:103A080074486C5C42D0B857A75051F465537E4156
:103A1800A4C31A175E963A276BCB3BAB45F11F9DA3
:103A280058ABACFA03934BE3FA5520306DF6AD76FC
:103A3800769188CC4C25F502D7FC4FE5CBD7C52A23
:103A480044802635A38FB5625A49DEB11B6725BA73
:103A58000E9845EAC0E15DFE7502C32FF012814C55
:103A680097A38D46F9C66BD35FE7038F9C95159294
:103A78007AEBBF6D59DA9552832DD4BE21D3587491
:103A8800692949E0C8448EC9896A75C27978F48E73
:103A98003E6B995871DD27B94FB6BEE1AD17F08876
:103AA800AC66C9203AB47DCE4A1863DF3182E51A84
:103AB800336097517F45625377E0B164AE84BB6B46
:103AC800A01CFE812B94F90868587048FD198F4591
:103AD8006C8794DEF8B7527BD323AB7302E2724B48
:103AE8008F57E31FAB2A66552807B2EBC2032FB5E1
:103AF8007B9A86C508A5D33787F23028A5B223BF9D
:103B08006ABA0203825CED161C2B8ACFB492A7799D
:103B1800F2F0F307E2A14E69F4CD65DABED50605E9
:103B2800621FD134FE8AC4A6539D342E55A0A2F339
:103B3800E132058AEB75A4F6EC390B83EFAA4060F5
:103B48009F065E711051BD6E8AF93E21063D96DDD5
:103B580005AEDD3EBD464DE68DB591545D0571C49B
:103B6800D46F040615FF6050FB241998E997D6BD59
:103B780043CC89409E7767D942BDB0E88B880789D6
:103B88005B38E719EEDB79C80A47A17C0FE97C426C
:103B98001EC9F8840000000086830980ED48322B96
:103BA80070AC1E11724E6C5AFFFBFD0E38560F8515
:103BB800D51E3DAE3927362DD9640A0FA621685C7B
:103BC80054D19B5B2E3A243667B10C0AE70F935702
:103BD80096D2B4EE919E1B9BC54F80C020A261DC9B
:103BE8004B695A771A161C12BA0AE2932AE5C0A042
:103BF800E0433C22171D121B0D0B0E09C7ADF28BBB
:103C0800A8B92DB6A9C8141E198557F1074CAF7568
:103C1800DDBBEE9960FDA37F269FF701F5BC5C72C2
:103C28003BC544667E345BFB29768B43C6DCCB23DD
:103C3800FC68B6EDF163B8E4DCCAD731851042639D
:103C480022401397112084C6247D854A3DF8D2BBB3
:103C58003211AEF9A16DC7292F4B1D9E30F3DCB28E
:103C680052EC0D86E3D077C1166C2BB3B999A970C5
:103C780048FA1194642247E98CC4A8FC3F1AA0F0C2
:103C88002CD8567D90EF22334EC78749D1C1D938F9
:103C9800A2FE8CCA0B3698D481CFA6F5DE28A57A69
:103CA8008E26DAB7BFA43FAD9DE42C3A920D50782A
:103CB800CC9B6A5F4662547E13C2F68DB8E890D8F2
:103CC800F75E2E39AFF582C380BE9F5D937C69D0C5
:103CD8002DA96FD512B3CF25993BC8AC7DA7101875
:103CE800636EE89CBB7BDB3B7809CD2618F46E59E4
:103CF800B701EC9A9AA8834F6E65E695E67EAAFF0F
:103D0800CF0821BCE8E6EF159BD9BAE736CE4A6F53
:103D180009D4EA9F7CD629B0B2AF31A423312A3F17
:103D28009430C6A566C035A2BC37744ECAA6FC82BC
:103D3800D0B0E090D81533A7984AF104DAF741ECEF
:103D4800500E7FCDF62F1791D68D764DB04D43EF9F
:103D58004D54CCAA04DFE496B5E39ED1881B4C6A87
:103D68001FB8C12C517F4665EA049D5E355D018C04
:103D78007473FA87412EFB0B1D5AB367D25292DB3C
:103D88005633E91047136DD6618C9AD70C7A37A150
:103D9800148E59F83C89EB1327EECEA9C935B761C3
:103DA800E5EDE11CB13C7A47DF599CD2733F55F2EF
:103DB800CE79181437BF73C7CDEA53F7AA5B5FFDF6
:103DC8006F14DF3DDB867844F381CAAFC43EB9681F
:103DD800342C3824405FC2A3C372161D250CBCE2E4
:103DE800498B283C9541FF0D017139A8B3DE080CB9
:103DF800E49CD8B4C190645684617BCBB670D5324C
:103E08005C74486C5742D0B8C66363A5F87C7C8460
:103E1800EE777799F67B7B8DFFF2F20DD66B6BBD53
:103E2800DE6F6FB191C5C554603030500201010397
:103E3800CE6767A9562B2B7DE7FEFE19B5D7D7624B
:103E48004DABABE6EC76769A8FCACA451F82829D47
:103E580089C9C940FA7D7D87EFFAFA15B25959EB3D
:103E68008E4747C9FBF0F00B41ADADECB3D4D46736
:103E78005FA2A2FD45AFAFEA239C9CBF53A4A4F761
:103E8800E47272969BC0C05B75B7B7C2E1FDFD1CBA
:103E98003D9393AE4C26266A6C36365A7E3F3F4198
:103EA800F5F7F70283CCCC4F6834345C51A5A5F400
:103EB800D1E5E534F9F1F108E2717193ABD8D87323
:103EC800623131532A15153F0804040C95C7C752AF
:103ED800462323659DC3C35E30181828379696A1DC
:103EE8000A05050F2F9A9AB50E07070924121236EC
:103EF8001B80809BDFE2E23DCDEBEB264E27276956
:103F08007FB2B2CDEA75759F1209091B1D83839E86
:103F1800582C2C74341A1A2E361B1B2DDC6E6EB2DC
:103F2800B45A5AEE5BA0A0FBA45252F6763B3B4D26
:103F3800B7D6D6617DB3B3CE5229297BDDE3E33E04
:103F48005E2F2F7113848497A65353F5B9D1D16886
:103F580000000000C1EDED2C40202060E3FCFC1FB8
:103F680079B1B1C8B65B5BEDD46A6ABE8DCBCB467E
:103F780067BEBED97239394B944A4ADE984C4CD444
:103F8800B05858E885CFCF4ABBD0D06BC5EFEF2AE1
:103F98004FAAAAE5EDFBFB16864343C59A4D4DD7BC
:103FA80066333355118585948A4545CFE9F9F9106B
:103FB80004020206FE7F7F81A05050F0783C3C440A
:103FC800259F9FBA4BA8A8E3A25151F35DA3A3FE76
:103FD800804040C0058F8F8A3F9292AD219D9DBC45
:103FE80070383848F1F5F50463BCBCDF77B6B6C164
:103FF800AFDADA754221216320101030E5FFFF1A8D
:10400800FDF3F30EBFD2D26D81CDCD4C180C0C143C
:1040180026131335C3ECEC2FBE5F5FE1359797A2EB
:10402800884444CC2E17173993C4C45755A7A7F210
:10403800FC7E7E827A3D3D47C86464ACBA5D5DE72C
:104048003219192BE6737395C06060A019818198A5
:104058009E4F4FD1A3DCDC7F44222266542A2A7E5D
:104068003B9090AB0B8888838C4646CAC7EEEE29F6
:104078006BB8B8D32814143CA7DEDE79BC5E5EE2C8
:10408800160B0B1DADDBDB76DBE0E03B6432325612
:10409800743A3A4E140A0A1E924949DB0C06060A7B
:1040A8004824246CB85C5CE49FC2C25DBDD3D36E67
:1040B80043ACACEFC46262A6399191A8319595A43E
:1040C800D3E4E437F279798BD5E7E7328BC8C84374
:1040D8006E373759DA6D6DB7018D8D8CB1D5D564D2
:1040E8009C4E4ED249A9A9E0D86C6CB4AC5656FA8D
:1040F800F3F4F407CFEAEA25CA6565AFF47A7A8E55
:1041080047AEAEE9100808186FBABAD5F0787888C3
:104118004A25256F5C2E2E72381C1C2457A6A6F142
:1041280073B4B4C797C6C651CBE8E823A1DDDD7CDC
:10413800E874749C3E1F1F21964B4BDD61BDBDDCAE
:104148000D8B8B860F8A8A85E07070907C3E3E428C
:1041580071B5B5C4CC6666AA904848D8060303056D
:10416800F7F6F6011C0E0E12C26161A36A35355FBF
:10417800AE5757F969B9B9D01786869199C1C15810
:104188003A1D1D27279E9EB9D9E1E138EBF8F813AF
:104198002B9898B322111133D26969BBA9D9D97068
:1041A800078E8E89339494A72D9B9BB63C1E1E22A6
:1041B80015878792C9E9E92087CECE49AA5555FFC8
:1041C80050282878A5DFDF7A038C8C8F59A1A1F8B5
:1041D800098989801A0D0D1765BFBFDAD7E6E63160
:1041E800844242C6D06868B8824141C3299999B0CF
:1041F8005A2D2D771E0F0F117BB0B0CBA85454FC4D
:104208006DBBBBD62C16163A6363A5C67C7C84F8B6
:10421800777799EE7B7B8DF6F2F20DFF6B6BBDD64F
:104228006F6FB1DEC5C55491303050600101030293
:104238006767A9CE2B2B7D56FEFE19E7D7D762B547
:10424800ABABE64D76769AECCACA458F82829D1F43
:10425800C9C940897D7D87FAFAFA15EF5959EBB239
:104268004747C98EF0F00BFBADADEC41D4D467B332
:10427800A2A2FD5FAFAFEA459C9CBF23A4A4F7535D
:10428800727296E4C0C05B9BB7B7C275FDFD1CE1B6
:104298009393AE3D26266A4C36365A6C3F3F417E94
:1042A800F7F702F5CCCC4F8334345C68A5A5F451FC
:1042B800E5E534D1F1F108F9717193E2D8D873AB1F
:1042C8003131536215153F2A04040C08C7C75295AB
:1042D80023236546C3C35E9D181828309696A137D8
:1042E80005050F0A9A9AB52F0707090E12123624E8
:1042F80080809B1BE2E23DDFEBEB26CD2727694E52
:10430800B2B2CD7F75759FEA09091B1283839E1D82
:104318002C2C74581A1A2E341B1B2D366E6EB2DCD8
:104328005A5AEEB4A0A0FB5B5252F6A43B3B4D7622
:10433800D6D661B7B3B3CE7D29297B52E3E33EDD00
:104348002F2F715E848497135353F5A6D1D168B982
:1043580000000000EDED2CC120206040FCFC1FE3B4
:10436800B1B1C8795B5BEDB66A6ABED4CBCB468D7A
:10437800BEBED96739394B724A4ADE944C4CD49840
:104388005858E8B0CFCF4A85D0D06BBBEFEF2AC5DD
:10439800AAAAE54FFBFB16ED4343C5864D4DD79AB8
:1043A80033335566858594114545CF8AF9F910E967
:1043B800020206047F7F81FE5050F0A03C3C447806
:1043C8009F9FBA25A8A8E34B5151F3A2A3A3FE5D72
:1043D8004040C0808F8F8A059292AD3F9D9DBC2141
:1043E80038384870F5F504F1BCBCDF63B6B6C17760
:1043F800DADA75AF2121634210103020FFFF1AE589
:10440800F3F30EFDD2D26DBFCDCD4C810C0C141838
:1044180013133526ECEC2FC35F5FE1BE9797A235E7
:104428004444CC881717392EC4C45793A7A7F2550C
:104438007E7E82FC3D3D477A6464ACC85D5DE7BA28
:1044480019192B32737395E66060A0C081819819A1
:104458004F4FD19EDCDC7FA3222266442A2A7E5459
:104468009090AB3B8888830B4646CA8CEEEE29C7F2
:10447800B8B8D36B14143C28DEDE79A75E5EE2BCC4
:104488000B0B1D16DBDB76ADE0E03BDB323256640E
:104498003A3A4E740A0A1E144949DB9206060A0C77
:1044A80024246C485C5CE4B8C2C25D9FD3D36EBD63
:1044B800ACACEF436262A6C49191A8399595A4313A
:1044C800E4E437D379798BF2E7E732D5C8C8438B70
:1044D8003737596E6D6DB7DA8D8D8C01D5D564B1CE
:1044E8004E4ED29CA9A9E0496C6CB4D85656FAAC89
:1044F800F4F407F3EAEA25CF6565AFCA7A7A8EF451
:10450800AEAEE94708081810BABAD56F787888F0BF
:1045180025256F4A2E2E725C1C1C2438A6A6F1573E
:10452800B4B4C773C6C65197E8E823CBDDDD7CA1D8
:1045380074749CE81F1F213E4B4BDD96BDBDDC61AA
:104548008B8B860D8A8A850F707090E03E3E427C88
:10455800B5B5C4716666AACC4848D8900303050669
:10456800F6F601F70E0E121C6161A3C235355F6ABB
:104578005757F9AEB9B9D06986869117C1C158990C
:104588001D1D273A9E9EB927E1E138D9F8F813EBAB
:104598009898B32B111133226969BBD2D9D970A964
:1045A8008E8E89079494A7339B9BB62D1E1E223CA2
:1045B80087879215E9E920C9CECE49875555FFAAC4
:1045C80028287850DFDF7AA58C8C8F03A1A1F859B1
:1045D800898980090D0D171ABFBFDA65E6E631D75C
:1045E8004242C6846868B8D04141C3829999B029CB
:1045F8002D2D775A0F0F111EB0B0CB7B5454FCA849
:10460800BBBBD66D16163A2CA5C6636384F87C7CB2
:1046180099EE77778DF67B7B0DFFF2F2BDD66B6B4B
:10462800B1DE6F6F5491C5C550603030030201018F
:10463800A9CE67677D562B2B19E7FEFE62B5D7D743
:10464800E64DABAB9AEC7676458FCACA9D1F82823F
:104658004089C9C987FA7D7D15EFFAFAEBB2595935
:10466800C98E47470BFBF0F0EC41ADAD67B3D4D42E
:10467800FD5FA2A2EA45AFAFBF239C9CF753A4A459
:1046880096E472725B9BC0C0C275B7B71CE1FDFDB2
:10469800AE3D93936A4C26265A6C3636417E3F3F90
:1046A80002F5F7F74F83CCCC5C683434F451A5A5F8
:1046B80034D1E5E508F9F1F193E2717173ABD8D81B
:1046C800536231313F2A15150C0804045295C7C7A7
:1046D800654623235E9DC3C328301818A1379696D4
:1046E8000F0A0505B52F9A9A090E070736241212E4
:1046F8009B1B80803DDFE2E226CDEBEB694E27274E
:10470800CD7FB2B29FEA75751B1209099E1D83837E
:1047180074582C2C2E341A1A2D361B1BB2DC6E6ED4
:10472800EEB45A5AFB5BA0A0F6A452524D763B3B1E
:1047380061B7D6D6CE7DB3B37B5229293EDDE3E3FC
:10474800715E2F2F97138484F5A6535368B9D1D17E
:10475800000000002CC1EDED604020201FE3FCFCB0
:10476800C879B1B1EDB65B5BBED46A6A468DCBCB76
:10477800D967BEBE4B723939DE944A4AD4984C4C3C
:10478800E8B058584A85CFCF6BBBD0D02AC5EFEFD9
:10479800E54FAAAA16EDFBFBC5864343D79A4D4DB4
:1047A8005566333394118585CF8A454510E9F9F963
:1047B8000604020281FE7F7FF0A0505044783C3C02
:1047C800BA259F9FE34BA8A8F3A25151FE5DA3A36E
:1047D800C08040408A058F8FAD3F9292BC219D9D3D
:1047E8004870383804F1F5F5DF63BCBCC177B6B65C
:1047F80075AFDADA63422121302010101AE5FFFF85
:104808000EFDF3F36DBFD2D24C81CDCD14180C0C34
:10481800352613132FC3ECECE1BE5F5FA2359797E3
:10482800CC884444392E17175793C4C4F255A7A708
:1048380082FC7E7E477A3D3DACC86464E7BA5D5D24
:104848002B32191995E67373A0C06060981981819D
:10485800D19E4F4F7FA3DCDC664422227E542A2A55
:10486800AB3B9090830B8888CA8C464629C7EEEEEE
:10487800D36BB8B83C28141479A7DEDEE2BC5E5EC0
:104888001D160B0B76ADDBDB3BDBE0E0566432320A
:104898004E743A3A1E140A0ADB9249490A0C060673
:1048A8006C482424E4B85C5C5D9FC2C26EBDD3D35F
:1048B800EF43ACACA6C46262A8399191A431959536
:1048C80037D3E4E48BF2797932D5E7E7438BC8C86C
:1048D800596E3737B7DA6D6D8C018D8D64B1D5D5CA
:1048E800D29C4E4EE049A9A9B4D86C6CFAAC565685
:1048F80007F3F4F425CFEAEAAFCA65658EF47A7A4D
:10490800E947AEAE18100808D56FBABA88F07878BB
:104918006F4A2525725C2E2E24381C1CF157A6A63A
:10492800C773B4B45197C6C623CBE8E87CA1DDDDD4
:104938009CE87474213E1F1FDD964B4BDC61BDBDA6
:10494800860D8B8B850F8A8A90E07070427C3E3E84
:10495800C471B5B5AACC6666D89048480506030365
:1049680001F7F6F6121C0E0EA3C261615F6A3535B7
:10497800F9AE5757D069B9B9911786865899C1C108
:10498800273A1D1DB9279E9E38D9E1E113EBF8F8A7
:10499800B32B989833221111BBD2696970A9D9D960
:1049A80089078E8EA7339494B62D9B9B223C1E1E9E
:1049B8009215878720C9E9E94987CECEFFAA5555C0
:1049C800785028287AA5DFDF8F038C8CF859A1A1AD
:1049D80080098989171A0D0DDA65BFBF31D7E6E658
:1049E800C6844242B8D06868C3824141B0299999C7
:1049F800775A2D2D111E0F0FCB7BB0B0FCA8545445
:104A0800D66DBBBB3A2C161663A5C6637C84F87CAE
:104A18007799EE777B8DF67BF20DFFF26BBDD66B47
:104A28006FB1DE6FC55491C530506030010302018B
:104A380067A9CE672B7D562BFE19E7FED762B5D73F
:104A4800ABE64DAB769AEC76CA458FCA829D1F823B
:104A5800C94089C97D87FA7DFA15EFFA59EBB25931
:104A680047C98E47F00BFBF0ADEC41ADD467B3D42A
:104A7800A2FD5FA2AFEA45AF9CBF239CA4F753A455
:104A88007296E472C05B9BC0B7C275B7FD1CE1FDAE
:104A980093AE3D93266A4C26365A6C363F417E3F8C
:104AA800F702F5F7CC4F83CC345C6834A5F451A5F4
:104AB800E534D1E5F108F9F17193E271D873ABD817
:104AC80031536231153F2A15040C0804C75295C7A3
:104AD80023654623C35E9DC31828301896A13796D0
:104AE800050F0A059AB52F9A07090E0712362412E0
:104AF800809B1B80E23DDFE2EB26CDEB27694E274A
:104B0800B2CD7FB2759FEA75091B1209839E1D837A
:104B18002C74582C1A2E341A1B2D361B6EB2DC6ED0
:104B28005AEEB45AA0FB5BA052F6A4523B4D763B1A
:104B3800D661B7D6B3CE7DB3297B5229E33EDDE3F8
:104B48002F715E2F8497138453F5A653D168B9D17A
:104B580000000000ED2CC1ED20604020FC1FE3FCAC
:104B6800B1C879B15BEDB65B6ABED46ACB468DCB72
:104B7800BED967BE394B72394ADE944A4CD4984C38
:104B880058E8B058CF4A85CFD06BBBD0EF2AC5EFD5
:104B9800AAE54FAAFB16EDFB43C586434DD79A4DB0
:104BA800335566338594118545CF8A45F910E9F95F
:104BB800020604027F81FE7F50F0A0503C44783CFE
:104BC8009FBA259FA8E34BA851F3A251A3FE5DA36A
:104BD80040C080408F8A058F92AD3F929DBC219D39
:104BE80038487038F504F1F5BCDF63BCB6C177B658
:104BF800DA75AFDA2163422110302010FF1AE5FF81
:104C0800F30EFDF3D26DBFD2CD4C81CD0C14180C30
:104C180013352613EC2FC3EC5FE1BE5F97A23597DF
:104C280044CC884417392E17C45793C4A7F255A704
:104C38007E82FC7E3D477A3D64ACC8645DE7BA5D20
:104C4800192B32197395E67360A0C0608198198199
:104C58004FD19E4FDC7FA3DC226644222A7E542A51
:104C680090AB3B9088830B8846CA8C46EE29C7EEEA
:104C7800B8D36BB8143C2814DE79A7DE5EE2BC5EBC
:104C88000B1D160BDB76ADDBE03BDBE03256643206
:104C98003A4E743A0A1E140A49DB9249060A0C066F
:104CA800246C48245CE4B85CC25D9FC2D36EBDD35B
:104CB800ACEF43AC62A6C46291A8399195A4319532
:104CC800E437D3E4798BF279E732D5E7C8438BC868
:104CD80037596E376DB7DA6D8D8C018DD564B1D5C6
:104CE8004ED29C4EA9E049A96CB4D86C56FAAC5681
:104CF800F407F3F4EA25CFEA65AFCA657A8EF47A49
:104D0800AEE947AE08181008BAD56FBA7888F078B7
:104D1800256F4A252E725C2E1C24381CA6F157A636
:104D2800B4C773B4C65197C6E823CBE8DD7CA1DDD0
:104D3800749CE8741F213E1F4BDD964BBDDC61BDA2
:104D48008B860D8B8A850F8A7090E0703E427C3E80
:104D5800B5C471B566AACC6648D890480305060361
:104D6800F601F7F60E121C0E61A3C261355F6A35B3
:104D780057F9AE57B9D069B986911786C15899C104
:104D88001D273A1D9EB9279EE138D9E1F813EBF8A3
:104D980098B32B981133221169BBD269D970A9D95C
:104DA8008E89078E94A733949BB62D9B1E223C1E9A
:104DB80087921587E920C9E9CE4987CE55FFAA55BC
:104DC80028785028DF7AA5DF8C8F038CA1F859A1A9
:104DD800898009890D171A0DBFDA65BFE631D7E654
:104DE80042C6844268B8D06841C3824199B02999C3
:104DF8002D775A2D0F111E0FB0CB7BB054FCA85441
:104E0800BBD66DBB163A2C1652096AD53036A53872
:104E1800BF40A39E81F3D7FB7CE339829B2FFF879A
:104E2800348E4344C4DEE9CB547B9432A6C2233D7E
:104E3800EE4C950B42FAC34E082EA16628D924B22F
:104E4800765BA2496D8BD12572F8F6648668981650
:104E5800D4A45CCC5D65B6926C704850FDEDB9DAAF
:104E68005E154657A78D9D8490D8AB008CBCD30A9D
:104E7800F7E45805B8B34506D02C1E8FCA3F0F0279
:104E8800C1AFBD0301138A6B3A9111414F67DCEA48
:104E980097F2CFCEF0B4E67396AC7422E7AD3585C1
:104EA800E2F937E81C75DF6E47F11A711D29C589CB
:104EB8006FB7620EAA18BE1BFC563E4BC6D27920AD
:104EC8009ADBC0FE78CD5AF41FDDA8338807C731B6
:104ED800B11210592780EC5F60517FA919B54A0DAE
:104EE8002DE57A9F93C99CEFA0E03B4DAE2AF5B023
:104EF800C8EBBB3C83539961172B047EBA77D6263F
:104F0800E169146355210C7D6BC1BEE22E409F966A
:104F1800E93D7E117393172AAE2D8A571E03AC9C68
:104F28009EB76FAC45AF8E5130C81C46A35CE411E8
:104F3800E5FBC1191A0A52EFF69F2445DF4F9B176C
:104F4800AD2B417BE66C371044416AC2D1F53C5821
:104F58003303917E6BE9EBE048E31E9E256718F268
:104F68009229319C19F15BA4058CCFFDBBCB382D60
:104F78001F6F56585D8A4ADEC34C052CC0DA8D7304
:104F8800451AFE5F03BE297FF3F6752AE8D7831119
:104F980038F041560631B1148B79EECC93A0EE5D12
:104FA800FF30B4EA21636DA4FACA37E0B0C853737E
:104FB800DF706E73F7C9AF865DF678DD17BA4E7588
:104FC800B61768C6ADEF7C7B4804E1818FE629758A
:104FD80019A3E88C573104138A05FC5E095AF48436
:104FE8008A08D328D3688E3D7BD966D53AD8C1BB09
:104FF80085D2ADFAE87BB104FE3C53653E2F45B53A
:105008006FCD88B2CC898FF0000102030405060732
:1050180008090A0B0C0D0E0F2B7E151628AED2A60A
:10502800ABF7158809CF4F3C0000000000000000D6
:1050380000000000000000008E73B0F7DA0E645222
:10504800C810F32B809079E562F8EAD2522C6B7B7A
:105058000000000000000000603DEB1015CA71BEA2
:105068002B73AEF0857D77811F352C073B6108D700
:105078002D9810A30914DFF43B3FD92EB72DAD208E
:10508800333449F8E83CFB4AC8A64537A0B3A93FE2
:10509800CDE3CDAD9F1CE58B26751F67A3CBB14033
:1050A800B1808CF187A4F4DFC04B05357C5D1C0E04
:1050B800EAC4C66F9FF7F2E6CDC80D6FDDF18CAB81
:1050C80034C25909C99A417467CE7F7F8117362146
:1050D800961A2B70171D3D7A2E1E8A1DD59B88B1F6
:1050E800C8E60FED1EFAC4C9C05F9F9CA9834FA0F4
:1050F80042AE8FBA584B09FFDC7E84BFDA79164B73
:105108007ECD8486985D386039FFED143B28B1C8A0
:1051180032113C6331E5407BDF10132415E54B92D7
:10512800A13ED0A8267AE2F975A385741AB9CEF8FB
:105138002031623D55B1E4710000003000000000EC
:105148000000000000000001006CB6DBC0543B59B1
:10515800DA48D90B0000000100E0017B27777F3F88
:105168004A1786F000000001AE6852F8121067CCAA
:105178004BF7A5765577F39E7E24067817FAE0D785
:1051880043D6CE1F325391637691BE035E5020A85A
:10519800AC6E618529F9A0DC100000002000000039
:1051A80024000000E4095D4FB7A7B3792D6175A30A
:1051B800261311B8000000000000000000000000E5
:1051C80000000000000000000000000000000000D7
:1051D800000000005104A106168A72D9790D41EE2B
:1051E8008EDAD388EB2E1EFC46DA57C8FCE630DF91
:1051F8009141BE28000000000000000000000000EF
:1052080000000000C1CF48A89F2FFDD9CF4652E922
:10521800EFDB72D74540A42BDE6D7836D59A5CEA71
:10522800AEF3105325B2072F000000000000000065
:105238000000000053696E676C6520626C6F636BD9
:10524800206D7367000000000000000000000000EF
:105258000000000000000000000000000000000046
:1052680000000000000102030405060708090A0BF4
:105278000C0D0E0F101112131415161718191A1BEE
:105288001C1D1E1F000000000000000000000000A0
:1052980000000000000102030405060708090A0BC4
:1052A8000C0D0E0F101112131415161718191A1BBE
:1052B8001C1D1E1F202122230000000000000000EA
:1052C800000000004142434445464748494A4B4C88
:1052D8004D4E4F505152535455565758595A616272
:1052E800636465666768696A6B6C6D6E6F7071720E
:1052F800737475767778797A303132333435363756
:1053080038392B2F7F7F7F7F7F7F7F7F7F7F7F7FD6
:105318007F7F7F7F7F7F7F7F7F7F7F7F7F7F7F7F95
:105328007F7F7F7F7F7F7F7F7F7F7F7F7F7F7F3EC6
:105338007F7F7F3F3435363738393A3B3C3D7F7F76
:105348007F407F7F7F000102030405060708090AE2
:105358000B0C0D0E0F101112131415161718197FB8
:105368007F7F7F7F7F1A1B1C1D1E1F202122232465
:1053780025262728292A2B2C2D2E2F303132337F12
:105388007F7F7F7F24486E5687625ABDBF17D9A298
:10539800C4171A0194ED8F1E11B3D7090CB6E91082
:1053A8006F22EE13CAB3070576C9FA316C0834FFC9
:1053B8008DC26C380043E95497AF504BD141BA9530
:1053C800315A0B974A456875566F64695772322F80
:1053D80046396D6978426361415A54746A78345227
:1053E8007339634A444C6270454738693768504B93
:1053F8007377634664736E364D5777494E502B4E1C
:10540800776D773441455070564A657655457652E2
:10541800516271564D566F4C6C773D3D000000004F
:105428000300000005000000070000000B0000005A
:105438000D0000001100000013000000170000001C
:105448001D0000001F0000002500000029000000CA
:105458002B0000002F000000350000003B0000007A
:105468003D00000043000000470000004900000024
:105478004F000000530000005900000061000000C8
:1054880065000000670000006B0000006D00000070
:10549800710000007F000000830000008900000008
:1054A8008B00000095000000970000009D000000A0
:1054B800A3000000A7000000AD000000B30000003A
:1054C800B5000000BF000000C1000000C5000000DA
:1054D800C7000000D3000000DF000000E300000068
:1054E800E5000000E9000000EF000000F100000006
:1054F800FB00000001010000070100000D01000091
:105508000F01000015010000190100001B01000037
:1055180025010000330100003701000039010000B7
:105528003D0100004B010000510100005B0100003B
:105538005D01000061010000670100006F010000CB
:10554800750100007B0100007F010000850100005B
:105558008D0100009101000099010000A3010000E5
:10556800A5010000AF010000B1010000B701000073
:10557800BB010000C1010000C9010000CD0100000D
:10558800CF010000D3010000DF010000E7010000A7
:10559800EB010000F3010000F7010000FD0100002D
:1055A800090200000B0200001D0200002302000097
:1055B8002D02000033020000390200003B02000007
:1055C800410200004B020000510200005702000097
:1055D800590200005F020000650200006902000035
:1055E8006B020000770200008102000083020000C5
:1055F800870200008D02000093020000950200005F
:10560800A1020000A5020000AB020000B3020000E6
:10561800BD020000C5020000CF020000D702000052
:10562800DD020000E3020000E7020000EF020000D4
:10563800F5020000F9020000010300000503000064
:10564800130300001D030000290300002B030000C2
:1056580035030000370300003B0300003D03000052
:105668004703000055030000590300005B030000D6
:105678005F0300006D030000710300007303000066
:10568800770300008B0300008F03000097030000DE
:10569800A1030000A9030000AD030000B30300004C
:1056A800B9030000C7030000CB030000D1030000CA
:1056B800D7030000DF030000E503000099FFFFFFA8
:1056C800B50200006102000015000000E4060000B9
:1056D800640300001C0000000BB1CD2D06D3502040
:1056E8000100000038411676D99360F272C2AB9A75
:1056F800750657A091F7B5C9A28CD290F607A727CF
:105708008EB249DE435CD7C73EF58F671F186EAF70
:105718002FE2850D53F09C65EAA3AE9EEC802D6BBD
:10572800A82B36A6C5864D33FD6658963A099510BE
:1057380078D842CCEF26E5611A3F3B82B6DBD49895
:10574800E88B02EB0A2C1DB06F8D880E19874E0B63
:10575800A90C79117F22E759E1DA3DC81204745483
:10576800307EB428556850BED0C431CB2AAD0FCA9C
:1057780070FF326908620024D1FBBAED4581736D70
:10578800849FEE4AC32EC101E6254899B9B37BF937
:10579800CEBFDF7129CD6C13649B639DC04BB7A549
:1057A800895FB117F4BCD346CF375E4794FAFC5BE8
:1057B80097FE5AAC3C4C0335F323B85D6A92D52169
:1057C8004451C67D3983DCAA7C7756051BA4153461
:1057D8001E1CF8522014E9BDDDE4A1E08AF1D67A56
:1057E800BBE3404F70822CECB327C0E5E485573506
:1057F800EA0CAE4123EF6B934519A521ED0E4F4EF0
:105808001D6592BD86B8AF8F7CEB1FCE3E30DC5F46
:105818005EC50B1AA6E139CAD5475D3DD9015AD6EE
:1058280051566C4D8B0D9A66FBCCB02D74122B2003
:10583800F0B18499DF4CCBC2347E76056DB7A931BF
:10584800D11704D714583A61DE1B111C320F9C166D
:105858005318F222FE44CFB2C3B57A912408E8A8BF
:1058680060FC6950AAD0A07DA1896297545B1E95FF
:10587800E0FF64D210C40048A3F775DB8A03E6DAB8
:10588800093FDD94875C8302CD4A90337367F6F352
:105898009D7FBFE2529BD826C837C63B81966F4B87
:1058A80013BE632EE979A78C9F6EBC8E29F5F9B6D5
:1058B8002FFDB4597898066AE74671BAD425AB42E9
:1058C80088A28DFA7207B955F8EEAC0A36492A68EB
:1058D8003C38F1A44028D37BBBC943C115E3ADF4E0
:1058E80077C7809E702CB3C0E457EAAE236B45A5FA
:1058F800ED4F1D9286AF7C1F3EDC5E0BA639D55D51
:10590800D95A516C8B9AFBB0742BF084DFCB347668
:105918006DA9D104143ADE11329C53F2FECFC37A3A
:1059280024E86069AAA0A162541EE0641000A3756F
:105938008AE609DD8783CD9073F69DBF52D8C8C625
:10594800816F1363E9A79FBC29F92FB47806E77123
:10595800D4AB888D72B9F8AC362A3CF140D3BB433E
:1059680015AD778082EC27E585350C41EF93192139
:105978000E4E65BDB88FEBCE305FC51AE1CA473D04
:1059880001D6564D0D66CC2D1220B1994CC27E051C
:10599800B73117D758611B1C0F16182244B2B5919E
:1059A80008A8FC50D07D89975B95FFD2C448F7DBE7
:1059B80003DA3F945C024A3367F37FE29B26373B66
:1059C800964BBE2E798C6E8EF5B6FD59986A46BAFE
:1059D8002542A2FA0755EE0A496838A4287BC9C1AE
:1059E800E3F4C79EE00558D9674E81CBC90BAE6A70
:1059F800D5185D8246DFD6278A324B42DB1C9E9C37
:105A08003ACA257B0D715F1FF8D73E9D7C60B9BEF1
:105A1800BC8B16344DC37295AB8EBA7AB302B4AD53
:105A2800A2ACD89A171A35CCF799615AE82456408F
:105A3800E1630933BF98978568FCEC0ADA6F536213
:105A4800A32E08AF28B074C2BD362238641E392C84
:105A5800A630E544FD889F65876BF4234810D15133
:105A6800C0F9D2A055A141FA4313C42FA8B63C2BC4
:105A7800C1FFC8A52089009047EFEAB71506CDB544
:105A8800127EBB290FB807049B942166E6CEEDE78A
:105A98003BFE7FC5A437B14C916E8D76032DDE9603
:105AA800267DC65CD3F24F193FDC791D52EBF36DAE
:105AB8005EFB69B2F0310CD4CF8CE275A94A5784E9
:105AC80011451BF5E40E73AAF1DD59146C9254D0FC
:105AD8007870E3498050A7F6779386832AC75BE9F5
:105AE800EE8F013DA09E667F3BCC908BB67AE8583E
:105AF8004CAA73B2C6EF372FE94F82BE54FF53A5A5
:105B0800F1D36F1C10E527FADE682D1DB05688C248
:105B1800B3E6C1FD0101010100000000010101011E
:105B28000000000001000101010100010101010064
:105B3800010100010001020308090A0B2627242598
:105B4800171415161BFFFF1AFFFFFFFFFFFFFFFFCC
:105B5800FFFFFFFFFFFFFFFFFFFFFFFF0405060733
:105B68000C0D0E0F10111213FF1819FF1F1C1D1E0C
:105B7800FFFFFFFFFFFFFFFFFFFFFFFFFFFFFFFF2D
:105B8800FFFFFFFF000102033D3E3F3CFFFFFFFF19
:105B98001B18191A23202122FFFFFFFF08090A0BEF
:105BA80010111213FFFFFFFF27242526FFFFFFFF19
:105BB8000C0D0E0F3A3B38391F1C1D1EFFFFFFFF4F
:105BC800040506074142434014151617FFFFFFFF5F
:105BD8002B28292A15161714FFFFFFFF121310117F
:105BE8000B08090A0F0C0D0E191A1B181D1E1F1C75
:105BF80012131011FFFFFFFFFFFFFFFF012345678F
:105C080089ABCDEFFEDCBA98765432100000000064
:105C1800000000000000000000000000000000007C
:105C2800000000000000000000000000000000006C
:105C3800000000000000000000000000012345678C
:105C480089ABCDEFFEDCBA987654321000112233BE
:105C580044556677000000000000000000000000C6
:105C6800000000000000000000000000000000002C
:105C7800000000000000000000000000012345674C
:105C880089ABCDEFFEDCBA9876543210001122337E
:105C9800445566778899AABBCCDDEEFF000000006A
:105CA80000000000000000000000000000000000EC
:105CB80000000000000000000000000067673138A5
:105CC800549669730857065648EABE43383C6C2A0E
:105CD800ABEF7FDE25CD470BF774A331B4993401C0
:105CE800B3E996F84EE5CEE7D79B09B9D1763FC020
:105CF80019D77CC930BFF2A56F7C93649ACC237DF9
:105D0800FF16D76C20EF7C919E3A75090503FB10AE
:105D1800AB241E7CF45D8CDEEE47433501234567DA
:105D280089ABCDEFFEDCBA98765432100000000043
:105D38000200000000000000000000000001020353
:105D48000405060708090A0B0C0D0E0F2B7E151605
:105D580028AED2A6ABF7158809CF4F3C000000004B
:105D68000000000000000000000000008E73B0F783
:105D7800DA0E6452C810F32B809079E562F8EAD203
:105D8800522C6B7B0000000000000000603DEB100F
:105D980015CA71BE2B73AEF0857D77811F352C0730
:105DA8003B6108D72D9810A30914DFF41607CF49D3
:105DB8004B36BBF00DAEB0B503C831ABA2F2CF671E
:105DC8001629EF7840C5A5DFB50748870F06165096
:105DD80008CF8B8B5A63586362543E542A4830ABC1
:105DE8005AC4A1A2405955FD2195CF935D5A869B6F
:105DF800D14CE54264F892A6DD2EC3D537D359C3FA
:105E0800349836D884E310ADDF68C449E6CFA35F81
:105E1800C02B134A4D2C0B6737AC3EDA36CBEB73ED
:105E2800BD504B4070B1B7DE2B21EB50E31A6055E3
:105E3800297D96CA3330CDF1B1860A836BC1BEE2A3
:105E48002E409F96E93D7E117393172AAE2D8A57EF
:105E58001E03AC9C9EB76FAC45AF8E5130C81C4634
:105E6800A35CE411E5FBC1191A0A52EF00000030E7
:105E7800000000000000000000000001006CB6DB1C
:105E8800C0543B59DA48D90B0000000100E0017BFF
:105E980027777F3F4A1786F000000001AE6852F866
:105EA800121067CC4BF7A5765577F39E7E240678BB
:105EB80017FAE0D743D6CE1F325391637691BE03CB
:105EC8005E5020A8AC6E618529F9A0DCD09DC29AED
:105ED8008214619A20877C76DB1F0B3F000000004C
:105EE80000000000000000000000000000000000AA
:105EF800000000000000000000000000DBF3C78D78
:105F0800C08396D4DA7C907765BBCB442B8E8E0FFA
:105F180031F0DCA72C7417E35360E0480000000060
:105F2800000000000000000000000000B19D1FCD2F
:105F3800CB75EB882F849CE24D85CF739CE64B2B69
:105F48005C9D73F14F2D5D9DCE9889CDDF5086966F
:105F580000000000000000000000000053696E67A8
:105F68006C6520626C6F636B206D736700000000C6
:105F78000000000000000000000000000000000019
:105F88000000000000000000000000000001020303
:105F98000405060708090A0B0C0D0E0F1011121341
:105FA8001415161718191A1B1C1D1E1F00000000B7
:105FB80000000000000000000000000000010203D3
:105FC8000405060708090A0B0C0D0E0F1011121311
:105FD8001415161718191A1B1C1D1E1F2021222301
:105FE8000000000000000000000000001000000099
:105FF8002000000024000000404142434445464739
:1060080048494A4B4C4D4E4F07000000080000001D
:106018000C00000008000000100000001400000040
:106028000400000010000000180000000400000038
:1060380006000000080000007162015B4DAC255DA0
:106048000000000000000000000000000000000048
:106058000000000000000000D2A1F0E051EA5F62F9
:10606800081A7792073D593D1FC64FBFACCD0000B7
:106078000000000000000000E3B201A9F5B71A7A99
:106088009B1CEAECCD97E70B6176AAD9A4428AA5B6
:10609800484392FBC1B099511011121314151617E9
:1060A80018191A1B202122232425262728292A2BC0
:1060B8002C2D2E2F30313233343536370001020380
:1060C8000405060708090A0B0C0D0E0F1011121310
:1060D800A70D00002D2D2D2D2D424547494E20435B
:1060E800455254494649434154452D2D2D2D2D0DDA
:1060F8000A4D494944687A4343416D2B67417749C2
:1061080042416749424144414E42676B71686B693D
:10611800473977304241515546414441374D5173D3
:1061280077435159445651514745774A4F5444454E
:10613800520D0A4D4138474131554543684D49553F
:1061480047397359584A545530777847544158421B
:10615800674E5642414D5445464276624746795508
:10616800314E4D4946526C6333516751304577483B
:1061780068634E0D0A4D5445774D6A45794D545123
:10618800304E4441775768634E4D6A45774D6A45AE
:10619800794D5451304E444177576A41374D5173C8
:1061A80077435159445651514745774A4F544445CE
:1061B800524D4138470D0A4131554543684D4955BF
:1061C80047397359584A545530777847544158429B
:1061D800674E5642414D5445464276624746795588
:1061E800314E4D4946526C6333516751304577679C
:1061F8006745694D4130470D0A435371475349621A
:106208003344514542415155414134494244774113
:10621800776767454B416F494241514441337A663C
:1062280038463776676C70302F687436574D6E3144
:1062380045705261677A5348780D0A6D6454733615
:10624800737438474667496C4B58736D38574C33ED
:10625800786F656D54695A687835377749303533C2
:106268007A6864634867483035375A6B2B693563F9
:106278006C48467A714D7755716E790D0A35304202
:1062880077464D74456F6E494C777556412B543798
:106298006C7067367A2B65784B593843344B5142CA
:1062A800306E466337714B55456B48487876595080
:1062B8005A5039616C346A77716A2B386E0D0A59F5
:1062C8004D50476E38753637474239742B61454D06
:1062D8007235502B31676D49674E62314C54562BDD
:1062E8002F586A6C693577774F51757666777537A9
:1062F800754A42566341304C6E306B636D6E4C0D7F
:106308000A5237455551494E395A2F5347396A472A
:106318007238586D6B7372557545766D45462F42C8
:10632800696279632B45316978564130686D6E4DE5
:10633800336F54445062354C6339756E38724E73FE
:10634800750D0A4B4E462B416B736A6F4258794F55
:1063580047566B43656F4D626F34624636427879B3
:106368004C4F6279617670772F4C50683561506771
:106378004149796E706C5962364C5641674D4241BD
:1063880041476A0D0A675A5577675A497744415910
:10639800445652305442415577417745422F7A410D
:1063A8006442674E564851344546675155744672A3
:1063B8006B70625065306C4C327564576D6C512F40
:1063C8007250727A480D0A2F6638775977594456B1
:1063D80052306A42467777576F41557446726B70F0
:1063E800625065306C4C327564576D6C512F725029
:1063F800727A482F662B68503651394D447378436A
:106408007A414A42674E560D0A42415954416B350A
:106418004D4D524577447759445651514B4577680D
:106428005162327868636C4E545444455A4D426305
:10643800474131554541784D515547397359584A67
:1064480054553077675647567A0D0A64434244518B
:106458005949424144414E42676B71686B694739FB
:106468007730424151554641414F4341514541756D
:10647800503155324142556B49736C734366646CB5
:10648800633269393451484859654A0D0A53735281
:106498003445646748746463695549354936324AF6
:1064A800364D6F6D2B593064542F37612B38533666
:1064B8004D564D435A503643354E794E79587731BB
:1064C8004757592F5952383258544A38480D0A44B8
:1064D800424A6943546F6B3544625A36537A614F66
:1064E8004E427A645748587757776D6935766731E1
:1064F80064786E375978724D396430496A784D320C
:1065080037574E4B7334734451685A42516B460D9A
:106518000A706A6D6673326362346F506C3459392D
:1065280054396D6554782F6C76646B52594575678C
:1065380036314A666E3663412B714870795059641A
:1065480054482B55736849546E6D70352F5A746BC7
:10655800660D0A6D2F5554534C424E464E4865738E
:1065680069545A654833314E637859476448536DC6
:1065780065394E632F67666964526130464C4F43F4
:10658800665778526C4671414934377A47396A41BF
:1065980051435A0D0A375A326D4347444E4D686A83
:1065A80051632B425963646E6C306C50586A644472
:1065B8004B36563071436731645665776855426388
:1065C8005735675A4B7A563765392B447056413DD3
:1065D8003D0D0A2D2D2D2D2D454E44204345525459
:1065E800494649434154452D2D2D2D2D0D0A2D2D5C
:1065F8002D2D2D424547494E204345525449464981
:10660800434154452D2D2D2D2D0D0A4D49494468E2
:106618007A4343416D2B674177494241674942417B
:1066280044414E42676B71686B6947397730424124
:10663800517346414441374D51737743515944563C
:1066480051514745774A4F544445520D0A4D4138F8
:106658004741315545436777495547397359584A32
:1066680054553077784754415842674E5642414D09
:106678004D454642766247467955314E4D49465218
:106688006C63335167513045774868634E0D0A4D46
:106698005463774E5441304D5459314E7A417857AE
:1066A80068634E4D6A63774E5441314D5459314EAB
:1066B8007A4178576A41374D517377435159445657
:1066C80051514745774A4F544445524D4138470D3B
:1066D8000A41315545436777495547397359584AEF
:1066E80054553077784754415842674E5642414D89
:1066F8004D454642766247467955314E4D49465298
:106708006C6333516751304577676745694D413050
:10671800470D0A4353714753496233445145424137
:1067280051554141344942447741776767454B4168
:106738006F494241514441337A6638463776676C2F
:1067480070302F687436574D6E3145705261677AD4
:106758005348780D0A6D6454733673743847466726
:10676800496C4B58736D38574C33786F656D546965
:106778005A6878353777493035337A6864634867BB
:10678800483035375A6B2B6935636C48467A714DFA
:106798007755716E790D0A35304277464D74456FDD
:1067A8006E494C777556412B54376C7067367A2B87
:1067B80065784B593843344B5142306E46633771D4
:1067C8004B55456B4848787659505A5039616C3466
:1067D8006A77716A2B386E0D0A594D50476E3875B5
:1067E8003637474239742B61454D7235502B316726
:1067F8006D49674E62314C54562B2F586A6C693577
:1068080077774F51757666777537754A4256634183
:10681800304C6E306B636D6E4C0D0A5237455551D6
:10682800494E395A2F5347396A477238586D6B7336
:1068380072557545766D45462F42696279632B45D9
:10684800316978564130686D6E4D336F54445062EB
:10685800354C6339756E38724E73750D0A4B4E465A
:106868002B416B736A6F4258794F47566B43656F7C
:106878004D626F346246364278794C4F6279617660
:1068880070772F4C5068356150674149796E706C4C
:106898005962364C5641674D424141476A0D0A6775
:1068A8005A5577675A4977485159445652304F429A
:1068B800425945464C5261354B577A33744A5339DD
:1068C800726E5670705550367A3638782F332F4D91
:1068D800474D4741315564497752634D4671410DE3
:1068E8000A464C5261354B577A33744A5339726EA3
:1068F8005670705550367A3638782F332F6F542BA0
:106908006B505441374D5173774351594456515147
:106918004745774A4F544445524D413847413155D0
:10692800450D0A436777495547397359584A5455AD
:106938003077784754415842674E5642414D4D454D
:106948004642766247467955314E4D4946526C6308
:106958003351675130474341514177444159445677
:106968005230540D0A42415577417745422F7A41BA
:106978004E42676B71686B69473977304241517392
:106988004641414F4341514541484B2F4848725475
:106998005A4D6E6E564D70646531696F2B766F4136
:1069A80074716C376A0D0A347352684C726A4437D2
:1069B8006F33544874775262446132646943767025
:1069C8007130537132334E67324C4D596F58734F93
:1069D800786F4C2F52514B33694E37554B7856339D
:1069E8004D4B50457230770D0A5851532B6B4B5114
:1069F80071695432627366726A6E574D56485A749A
:106A0800554F4D706D36464E716364476D2F527306
:106A18007333764B6461326C634B6C386B556E71B3
:106A28002F796C63312B5162420D0A473641367417
:106A38005576516372325A79576656672B6D4D35C4
:106A4800586B6854724F4F587573324F4C696B626C
:106A580034577745744A544A524E4530662B79501C
:106A68004F4453557A302F765435370D0A417048C4
:106A780030436E42383062594A7368594850484822
:106A8800796D4F746C654142384B535974716D3749
:106A980035672F594E6F626A6E6A4236636D3448A5
:106AA8006B57334F5A5256496C366659590D0A6E10
:106AB80032304E52564131566A73364741524F7200
:106AC800344E7157346B2F2B4C6F66593979304CD3
:106AD8004C44452B70306F49454B5849734976688B
:106AE8005072333973777853413D3D0D0A2D2D2D62
:106AF8002D2D454E4420434552544946494341545F
:106B0800452D2D2D2D2D0D0A2D2D2D2D2D42454791
:106B1800494E2043455254494649434154452D2D39
:106B28002D2D2D0D0A4D494943556A43434164654E
:106B380067417749424167494A414D4644346E3579
:106B48006951387A6F4D416F4743437147534D340C
:106B58003942414D434D443478437A414A42674E65
:106B680056424159540D0A416B354D4D52457744B3
:106B78007759445651514B4577685162327868636A
:106B88006C4E54544445634D426F4741315545411D
:106B9800784D545547397359584A7A63327767564E
:106BA80047567A644342460D0A517942445154414A
:106BB80065467730784D7A41354D6A51784E545153
:106BC800354E446861467730794D7A41354D6A498A
:106BD800784E5451354E4468614D443478437A4177
:106BE8004A42674E56424159540D0A416B354D4D44
:106BF800524577447759445651514B45776851620D
:106C0800327868636C4E54544445634D426F474133
:106C180031554541784D545547397359584A7A6327
:106C28003277675647567A644342460D0A5179428D
:106C380044515442324D42414742797147534D3491
:106C4800394167454742537542424141694132499A
:106C580041424D50614B7A52424E316776683162FB
:106C68002B2F496D364B554E4C547542750D0A778E
:106C7800773558557A4D35574E5253744A47564FC3
:106C880051736A333138584A474A492F4271564B33
:106C98006334734C59664369464B4172395A717172
:106CA800794864754E4D63626C6934797569790DFC
:106CB8000A6159377A516130707737526664616476
:106CC800486239555A4B5656706D6C4D37494C527F
:106CD8006D466D417A48714F426F4443426E54414C
:106CE8006442674E5648513445466751556E573091
:106CF800670D0A4A456B425079764C654C555A7671
:106D080048346B796476374E6E77776267594456A4
:106D180052306A424763775A5941556E5730674A2D
:106D2800456B425079764C654C555A7648346B79A8
:106D38006476370D0A4E6E7968517152414D44346C
:106D480078437A414A42674E5642415954416B351D
:106D58004D4D524577447759445651514B457768C4
:106D68005162327868636C4E54544445634D426FA7
:106D780047413155450D0A41784D545547397359A6
:106D8800584A7A633277675647567A64434246517F
:106D98007942445159494A414D4644346E35695106
:106DA800387A6F4D41774741315564457751464DA3
:106DB800414D42416638770D0A436759494B6F5A2E
:106DC800497A6A304541774944615141775A674960
:106DD80078414D4F30596E4E574B4A55416658676A
:106DE800534A744A7865786E346970672B6B7634C9
:106DF8007A6E755235307635360D0A7434643050F3
:106E080043753431326D5543364E6E6437697A7640
:106E18007445324D6749784150316E6E4A516A5A0D
:106E2800384257756B737A465144473438777843FC
:106E38004379636939717064534D760D0A75436AF5
:106E48006E387077554F6B4142584B384D737339D4
:106E580030667A436643454F7449413D3D0D0A2DDE
:106E68002D2D2D2D454E4420434552544946494326
:106E78004154452D2D2D2D2D0D0A0000AB06000087
:106E88002D2D2D2D2D424547494E2052534120503E
:106E9800524956415445204B45592D2D2D2D2D0D28
:106EA8000A4D4949457041494241414B4341514589
:106EB80041794854457A4C6E3574586E7052646BFB
:106EC80055594C423975355079617836664D3630AA
:106ED8004E6A346F38566D586C3345545A7A476148
:106EE800460D0A423958344A37424B4E64426A6E5C
:106EF8006770754737666138483672376777516B00
:106F0800345A4A4744547A71437253562F5575314F
:106F18004339334B59526854594A516A3665565366
:106F28004844310D0A626B327931525044306872EC
:106F380074356B507151685472644F724137522FD7
:106F4800555630367038366A74307544424D484567
:106F5800774D6A4456302F594930465A50526F3748
:106F680079582F6B390D0A5A3547494D43354373C4
:106F78007439392B2B554D642F2F734D6342346A66
:106F8800372F4366387174624348576A646D4C61A1
:106F98006F3576344A76344546624D7334345446F8
:106FA800655930424762480D0A37766B32446D7135
:106FB8005639676D61426D66305A58483479715355
:106FC800784A65442B504973314247653634453910
:106FD800326866782F2F445A7274656E4E4C514E43
:106FE8006954724D39414D2B760D0A6471427056C1
:106FF8006F4E7130716A553531427835725532426B
:1070080058634662587649354D5439544E55685838
:1070180077494441514142416F49424147644E7466
:1070280066594469617036627A73740D0A796843E7
:107038006949386D39547472685A77344D69736187
:1070480045614E2F6C6C3358536A614F47326476F2
:107058005636784D5A434D562B3554655844484F4B
:10706800415A6E59313859693138767A7A0D0A346D
:10707800557432546E4E467A697A434543594E6187
:107088004132665354335767496E6E78556B5633A1
:10709800595841795036434E784A61436D7632618A
:1070A8004130794672326B46565365614B47740DD1
:1070B8000A796D766C6A4E70324E566B766D37541F
:1070C8006838664251424F3749374158687A3433F5
:1070D8006B306D5237586D50676577653841705A17
:1070E8004F47336873746B4F614D766257417657DB
:1070F800410D0A7A435A757064446A5A596A4F4A6C
:10710800716C41346545413448382F7737463833F8
:107118007235437567654245384C674552456A4C38
:10712800506979656A725535483166756245592BDB
:107138006830640D0A6C35485A424A3638796254C8
:107148005866513555396F2F514B4133646430744B
:107158006F4245686864525544477A57746A76772F
:107168006B455166714631726547576A2F746F6473
:107178002F674370660D0A444669365830454367A1
:1071880059454134774F762F706A534333747936B3
:1071980054754F764B5832724F556942724C585855
:1071A80076324A53785A6E4D6F4D69574935697032
:1071B8004C51742B5259540D0A565061664C2F6D20
:1071C80037446E364D62776A61794F6B635A68420D
:1071D800776B35434E7A35413651346C4A36344DE7
:1071E800712F6C71487A6E52435151324D63314759
:1071F80038657944462F66594C0D0A5A6532704CE9
:10720800767750395644356A5463326D69446677E7
:107218002B4D6E764A68797752524C63656D4446B9
:1072280050386B34685156746D38504D70335A6D00
:107238004E45436759454134677A370D0A777A4F87
:10724800625234676E386962653631377551505A03
:107258006A577A556A3964554859642B696E31679B
:107268007742434972744E6E61526E394939552FCF
:10727800513674656752597069693479730D0A63B8
:107288003137364E6D552B756D7936586D75534BB4
:1072980056357144396253705A5747326E4C466EB0
:1072A800736C724E31354C6D3366685A786F654D24
:1072B8004E6842614544546E4C543236796F690DBC
:1072C8000A33336770306D5353577939345A4571DF
:1072D80069706D732B554C46367359315A7446573D
:1072E80036747047466F7938436759415148686E1C
:1072F8006E764A666C4973326B7934713130423636
:10730800300D0A5A6378467033727444706B70306B
:107318004A7868464C6869697A4672756A4D745A43
:10732800536A594E6D3555374B6B67505648684C04
:10733800454C455576436D4F6E4B54743461702FF0
:10734800765A300D0A42784A4E6531475A483370AA
:107358005736534176474451706C397347377575C2
:107368002F765446502B6C4378756B6D7A78423083
:107378004472724463766F72456B4B4D6F6D375A2A
:1073880043435276570D0A4B5A735A365965483259
:107398005A3831426175526A3231386B514B426703
:1073A800514355562F44674B503239383578445439
:1073B8005437394E30386A556F33685450354D5606
:1073C800594343756A2F2B0D0A5565457731547615
:1073D8005A6378334C4A627937503658616436615B
:1073E800312F42717665614779464B496645464972
:1073F8006142554249746B3830317344447044617A
:10740800596334674C303058630D0A376C467542FF
:10741800484F5A6B784A596C737335517247707577
:107428004F456C395A775574354972464C42645900
:10743800614B714E487A4E56433170435066622F05
:107448004A794836447232485578710D0A6778553A
:107458007741514B4267514363553647324C384167
:1074680047396439633055704F794C31744D7646DD
:107478006535547477304B6A6C5156647368314D76
:107488005036796967596F3944597577750D0A62AD
:107498004846565732723064425471656750322FED
:1074A8004B544F784B7A6148664331716630524786
:1074B8004473556F4A434E4A72643163776F434C45
:1074C8004738503245463477334F42724B71760D08
:1074D8000A38753479745930462B566C616E6A35A2
:1074E8006C6D3354616F48535646312B4E57507963
:1074F8004F5469776576494543474B775378766C9F
:107508006B6934664441413D3D0D0A2D2D2D2D2DCD
:10751800454E44205253412050524956415445202B
:107528004B45592D2D2D2D2D0D0A00001705000056
:107538002D2D2D2D2D424547494E20434552544966
:107548004649434154452D2D2D2D2D0D0A4D4949B0
:107558004468544343416D32674177494241674922
:10756800424244414E42676B71686B6947397730D4
:107578004241517346414441374D51737743515904
:10758800445651514745774A4F544445520D0A4D88
:10759800413847413155454367774955473973590C
:1075A800584A54553077784754415842674E5642A6
:1075B800414D4D454642766247467955314E4D49D3
:1075C80046526C63335167513045774868634E0DB6
:1075D8000A4D5463774E5441314D544D774E7A5588
:1075E800355768634E4D6A63774E5441324D544D5A
:1075F800774E7A5535576A41384D5173774351590B
:10760800445651514745774A4F544445524D4138A5
:10761800470D0A41315545436777495547397359ED
:10762800584A5455307778476A415942674E56420E
:10763800414D4D455642766247467955314E4D4942
:10764800454E7361575675644341794D49494249DE
:107658006A414E0D0A42676B71686B69473977302A
:10766800424151454641414F43415138414D4949B5
:107678004243674B4341514541794854457A4C6EE2
:107688003574586E7052646B55594C423975355083
:1076980079617836660D0A4D36304E6A346F385641
:1076A8006D586C3345545A7A476146423958344AC2
:1076B80037424B4E64426A6E677075473766613869
:1076C800483672376777516B345A4A4744547A714F
:1076D800437253562F55750D0A314339334B59525E
:1076E8006854594A516A36655653484431626B3278
:1076F800793152504430687274356B507151685406
:1077080072644F724137522F555630367038366A88
:1077180074307544424D4845770D0A4D6A445630D9
:107728002F594930465A50526F3779582F6B395A6A
:107738003547494D433543737439392B2B554D64BF
:107748002F2F734D6342346A372F43663871746242
:107758004348576A646D4C616F35760D0A344A7632
:10776800344546624D733434544665593042476255
:107778004837766B32446D715639676D61426D6674
:10778800305A584834797153784A65442B504973B4
:107798003142476536344539326866782F0D0A2FED
:1077A800445A7274656E4E4C514E6954724D39414B
:1077B8004D2B7664714270566F4E7130716A553533
:1077C80031427835725532425863466258764935A7
:1077D8004D5439544E556858774944415141420DEA
:1077E8000A6F3447534D4947504D42304741315550
:1077F8006444675157424252786F51427A636B41F1
:107808007656485A654D2F78536A377A78335774C5
:10781800474954426A42674E5648534D4558444278
:10782800610D0A674253305775536C733937535596
:1078380076613531616156442B732B764D66392F4D
:1078480036452F704430774F7A454C4D416B474150
:1078580031554542684D43546B7778455441504201
:10786800674E560D0A42416F4D434642766247467F
:107878007955314E4D4D526B774677594456515193
:10788800444442425162327868636C4E54544342D5
:10789800555A584E3049454E42676745414D416BF0
:1078A80047413155640D0A457751434D414177446D
:1078B80051594A4B6F5A496876634E4151454C427B
:1078C80051414467674542414337794F3738364E0F
:1078D800766348704B38556F764B49473963423366
:1078E800326F5351516F6D0D0A4C6F5230654844D9
:1078F800527A6471456B6F713779475A7566484695
:10790800695241417A624D714A666F675274786C68
:10791800725741654234792F6A47614D4256323574
:107928004962464F49634832570D0A694345614DDC
:107938004D62472B56514C4B4E76754336336B6D23
:10794800772F5A6577633954684D365061314863EB
:1079580079306178543066616631422F5530316A2A
:1079680030464963772F366D54664B0D0A44387795
:1079780034384F497763317972304A747574435695
:107988006A696735444330797A6E474D74333252A9
:107998007973654F4C6355652B6C6671303035765D
:1079A80032504169436F7A7235583872450D0A6F03
:1079B80066475A70694D324E715250655067597911
:1079C8002B566337355A6B3238786B525171316E9A
:1079D8006370726751623353347654735A645363D5
:1079E800704D39684C662B654D6C7267716C6A0D09
:1079F8000A6335504C536B5842654C45352B6665C8
:107A0800646B796654614C7878516C674370756F14
:107A18004F684B426D30342F523170574E7A55486B
:107A2800797161676A4F39513D0D0A2D2D2D2D2D24
:107A3800454E442043455254494649434154452DF7
:107A48002D2D2D2D0D0A0000AB0600002D2D2D2DFE
:107A58002D424547494E20525341205052495641E4
:107A68005445204B45592D2D2D2D2D0D0A4D494995
:107A7800457041494241414B434151454177553257
:107A88006A3365664E4864454531306C79754A6D90
:107A980073446E6A6B4F6A784B7A7A6F54467442B5
:107AA80061354D326A4149696E376835720D0A6C25
:107AB800716453744A44764C584A36506953612F5E
:107AC8004C593072435431642B416D5A4979637370
:107AD8004368396F6472716A4F624A484A61382F45
:107AE80073454555724D32314B5036346246320D2E
:107AF8000A324A44425962526D556A61694A6C4F6A
:107B080071713352654233305A6774737132422B44
:107B180067325130634C556C6D3931736C63306228
:107B28006F4334705061517931414A4468326F492A
:107B3800510D0A5A6E32755643754C5A586D526F2C
:107B4800654A687738314153516A7561417A786975
:107B580034625352722F51754B6F524178352F56FC
:107B6800716761486B515944772B466939714C529A
:107B78004637690D0A474D5A694C38646D6A667014
:107B8800643248337A4A346B7041635751446A38D7
:107B98006E38544449536737763174374878796476
:107BA800727877553965735143504A6F6450672F1F
:107BB8006F4E4A68620D0A79334E4C5570625945CA
:107BC800614973674968704F567254443744655722
:107BD800533852782F6671456745776C7749444129
:107BE800514142416F4942415143585230533845FF
:107BF800494846474F525A0D0A2B2B41744F673656
:107C080065454E78442B7856733066314965477A16
:107C18003537546A6F33516E58583756425A4E6446
:107C28006A2B70314543766843452F4737586E6B4A
:107C3800675535684C5A582B470D0A5A306A6B7A83
:107C48002F74714A4F4930765253644C42626970BE
:107C5800486E576F7579425134652F413179494AD9
:107C6800646C42747158784A314B452F6974754871
:107C780052624E63346A346B4C385A0D0A2F72368E
:107C88007076776E5449305053783245717330347A
:107C98003859645339324C543671417634666C62C3
:107CA8004E44784D6E327559377334796353345175
:107CB8003877314A586E436561416E596D0D0A57E0
:107CC80059493577784F2B627652454C52324D637D
:107CD8007A35446D566E4C386A52796D6C366C360E
:107CE800353832625376356F756652654649627922
:107CF800505A6251576C5867596E70753648650D01
:107D08000A4754633745317A4B595147472F392B26
:107D18004451556C2F3176517543507151776E79B6
:107D28003074516F5832773574645970644D6456A5
:107D38006D2B7A6B4C7462616A7A645476694A4A2C
:107D4800610D0A54577A4C366C7435416F4742417D
:107D58004E38362B5356654A44636D514A63763420
:107D680045713655687452723451474D69514D7A90
:107D780030536F64366574745978597A4D677874DE
:107D88007732380D0A43497267706F7A43632B550F
:107D9800615A4A4C6F375578764336616E3835727A
:107DA8003162326E4B50434C51466167674A3048E6
:107DB8003451304A2F735A4F68424958616F427A9A
:107DC800577876654B0D0A6E757063654B64567807
:107DD8004773466938434479383644426669794678
:107DE800697666426A2B3437426261517A50426A38
:107DF800374334724B37556C4C6A61623272444176
:107E08006F4742414E32750D0A414D326763686FC4
:107E180046697534763148464C3844376C77654541
:107E28007069365A6E4D4A6A6E45752F64456747C4
:107E3800514A466A7764704C6E5062736A3463378D
:107E4800356F645134477A38670D0A7377396C6136
:107E58006F3956567A6275736F52452F4A474934BF
:107E68006154644F307041545879473765473151F0
:107E7800752B355963315947586343726C694132E0
:107E8800784D3978782B6437662B730D0A6D507AE4
:107E98004E2B5749456735474A44595A446A417AEF
:107EA800484735424E76692F46664D314339644F0F
:107EB800746A763264416F4741463074354B6D774A
:107EC800626A574842686356714F3449630D0A42E3
:107ED80056764E3342496C6331756532595258456E
:107EE800446C785935623072384E345863654D6742
:107EF8004B6D5731384F4841705A78666C38755019
:107F0800446175575A4C584F676C34756570760DD7
:107F18000A77685A43334575577253797949434EFE
:107F2800684C593231416837686249454250463396
:107F38004C335A734F77432B5545724C2B64585723
:107F48004C644235364A677933675A614265573718
:107F5800620D0A764472456E6F634A6271436D37EB
:107F680049756B6858484F424B38436759454177C4
:107F780071644842306871794E537A494F4759378E
:107F8800763961627A42367055644133425A695192
:107F98007645730D0A334C6A4856643448504A3261
:107FA80078304E384367724249574F453071382B05
:107FB8003068534D6D6545393657572F376A443306
:107FC800665057774352357A6C586B6E78425173C6
:107FD80066763067500D0A3342433550523051644B
:107FE80079707A2B642B397A664D663632356B791F
:107FF800697434542F687A77684476655A557A4894
:108008006E6B3143662B494737512B544F456E4CA5
:108018006E5741574245440D0A49534F576D7255A3
:108028004367594146456D5278677741632F752BF1
:10803800443674307379437741596836504F7473B6
:10804800637139593069394779576B38394E7A67CE
:1080580043344E6477776242480D0A344167616859
:108068004F78497858783267784A6E713379666BF9
:108078004A66496A7766307332447950306B5932B0
:1080880079365561314F656F6D506559396D724953
:1080980053347443754451364C72450D0A54423674
:1080A8006C3956476F784A4C346679486E5A62384C
:1080B8004C356747766E423162624438634C3659B4
:1080C800506144694F686352736543397642694524
:1080D8007556673D3D0D0A2D2D2D2D2D454E4420FD
:1080E8005253412050524956415445204B45592D31
:1080F8002D2D2D2D0D0A0000AD0400002D2D2D2D48
:108108002D424547494E204345525449464943412B
:1081180054452D2D2D2D2D0D0A4D4949444E7A4398
:108128004341682B674177494241674942416A4167
:108138004E42676B71686B694739773042415155D8
:1081480046414441374D5173774351594456515133
:108158004745774A4F544445520D0A4D41384741E7
:1081680031554543684D495547397359584A54550F
:108178003077784754415842674E5642414D5445EE
:108188004642766247467955314E4D4946526C63B0
:10819800335167513045774868634E0D0A4D544551
:1081A800774D6A45794D5451304E44413257686392
:1081B8004E4D6A45774D6A45794D5451304E44418C
:1081C80032576A41304D5173774351594456515192
:1081D8004745774A4F544445524D4138470D0A4167
:1081E80031554543684D495547397359584A54558F
:1081F800307778456A415142674E5642414D544363
:10820800577876593246736147397A644443434113
:108218005349774451594A4B6F5A496876634E0D12
:108228000A415145424251414467674550414443E0
:108238004341516F4367674542414D464E6F39335D
:108248006E7A523352424E644A6372695A724135A9
:108258003435446F385373383645786251577554FE
:108268004E0D0A6F774349702B34656135616E5541
:1082780072535137793179656A346B6D7679324E3C
:108288004B776B395866674A6D534D6E4C416F6634
:10829800614861366F7A6D79527957765037424224
:1082A800464B7A0D0A4E74536A2B75477864746985
:1082B80051775747305A6C49326F695A5471717403
:1082C800305867643947594C624B7467666F4E6B18
:1082D8004E4843314A5A7664624A584E4736417589
:1082E8004B54326B4D0D0A745143513464714345FC
:1082F800475A39726C5172693256356B61486959FF
:1083080063504E51456B49376D674D385975473045
:108318006B612F304C697145514D656631616F470E
:10832800683545474138500D0A68597661693052B9
:108338006534686A4759692F485A6F3336586468F4
:10834800393879654A4B5148466B41342F4A2F4595
:108358007779456F4F373962657838636E6138636E
:108368004650587245416A79610D0A48543450366E
:108378004453595738747A53314B57324247694CF2
:1083880049434961546C6130772B77336C6B764580
:10839800636633366849424D4A63434177454141F4
:1083A800614E4E4D457377435159440D0A5652302C
:1083B80054424149774144416442674E56485134DA
:1083C80045466751557051586F5A4C6A633332416C
:1083D8005055424A4E594B686B7230324C51354DAC
:1083E80077487759445652306A424267770D0A46B1
:1083F8006F41557446726B70625065306C4C3275C3
:1084080064576D6C512F7250727A482F66387744D2
:1084180051594A4B6F5A496876634E415145464215
:1084280051414467674542414A786E58436C590D3B
:108438000A6F486B62703730637142727347584CE9
:108448007962413734637A624F3552644C456746E6
:1084580073377248565339722B633239336C7553FC
:108468002F4B646C694C53635A71417A5956796C35
:10847800770D0A55665257764B4D6F576848594BDA
:10848800703364454953347854586B362F357A58CD
:108498007868763952773853476338716E3676493B
:1084A80054486B3153316D50657674656B676173F1
:1084B8005935590D0A695751754D33683459566CF9
:1084C8005248334848454D414431546E41657866B9
:1084D80058484844465147652B4264316941627A9D
:1084E800312F73483948386C345374775836656778
:1084F80076544B334D0D0A775852776B4B6B766A2F
:108508004B61454441394154625A78306D49384C81
:10851800477378537543716539723964796A6D7434
:10852800746434374A31703152756C7A33434C7AFB
:10853800615263564975530D0A5252516661443867
:108548006E654D396331532F694A2F616D545671E9
:108558004A7841314B4F644F53353738305768505C
:1085680066534172412B673471416D536A656C6380
:108578003370347757706861380D0A7A687559779F
:108588006A567558364A484730633D0D0A2D2D2DD9
:108598002D2D454E442043455254494649434154A4
:1085A800452D2D2D2D2D0D0A000000000C0000007A
:1085B800506F6C617253534C546573740000000023
:1085C800F60600002D2D2D2D2D424547494E2052EF
:1085D80053412050524956415445204B45592D2D61
:1085E8002D2D2D0D0A50726F632D547970653A2028
:1085F800342C454E435259505445440D0A44454B7A
:108608002D496E666F3A204445532D454445332D18
:108618004342432C4138413935423035443542379D
:10862800323036420D0A0D0A3951643947654172B4
:10863800656A6C3147445668326C4C5631624874EE
:108648003063507466626835682F357A56704156C3
:10865800614670717453504D72456C703530526E6E
:10866800746E3965742B4A410D0A37564F79626F1B
:10867800522B497932742F4855345776413638375A
:108688006B33427070653947774B486A4868746C39
:108698002F2F3878464B775A7233586235794F35D1
:1086A8004A5550384155637451710D0A4E6238432A
:1086B8004C6C5A797555432B353252454141746893
:1086C80064576773582B37644A4F347961627A5517
:1086D800635132325470394A53443068694C3433E8
:1086E800426C6B5759554E4B3364416F0D0A505AC3
:1086F8006C6D6970746A6E7A56546A67314D787316
:10870800425379645A696E574F4C4256382F4A5132
:10871800677853506F3279443475456669673238E3
:108728007162765132774E496E30706E41620D0A31
:1087380047786E53414F617A6B6F6E67454766762F
:10874800636A4949732B4C5A4E39675846687863AF
:108758004F68366B6334512F633939423751574567
:1087680054774C4C6B59675A2B7A316139565939C1
:108778000D0A67455537437743785943442B683981
:1087880068593646506D734B302F6C43344F376100
:1087980065524B7059713030725050787336693762
:1087A8007068696578673661783679544D6D4172BD
:1087B80051710D0A516D4B335441734A6D38562F20
:1087C8004A354157704C4556366A41466752477993
:1087D8006D4747486E6F663044587A56575A6964F1
:1087E80072635A4A57544E7547455839306E42336A
:1087F800656532770D0A50584A4546574B6F4433E2
:108808004B33614663534C64485972336D4C477817
:108818005037483954685161693956737963785AC1
:108828004B53356B7776424B512F2F594D726D460E
:108838006677506B38780D0A76546559344B5A4D23
:10884800615572766545656C3574575A43393452AB
:10885800534D4B67785236637945316E4258795497
:10886800516E444F476266704E4E67424B78794B63
:1088780062494E576F4F4A550D0A574A5A41776C0D
:1088880073516E2B517A434477707269372B735644
:10889800316D53336742453655593761516D6E6DA9
:1088A80069696143325633486270687863742F652A
:1088B8006E35517366444F7431580D0A4A637A53C2
:1088C800667052574C6C62507A6E5A67384F5168CE
:1088D8002F5667434D4135384E35446A4F7A5449CF
:1088E8004B37734A4A35722B39345A4254437067AE
:1088F800414D624635383866304E54520D0A4B4366
:108908006534797278474A52375830324D346E762A
:10891800443449774F6C707351387851785A744F92
:1089280053675876344C6B7876645539584A4A4BB5
:10893800575A2F584E4B4A65577A747853650D0A23
:108948005A3176645463325966734442413253450E
:10895800763333767848783267317671747738535E
:108968006A44525432526151535330517553614DD8
:108978004A696D644F58366D544F43424B6B314AC8
:108988000D0A3951356D58547245522B2F4C6E4B88
:10899800306A456D58734258574135627171565A5D
:1089A800497961685853783456595A376C37772F54
:1089B80050486955447444677952684D4D4B693441
:1089C8006E320D0A6951765163575351546A727069
:1089D8006E6C4A626361312F446B705274335977FD
:1089E80072764A776471623861735A553256724E9C
:1089F8004554683578305156656644524C46695638
:108A08007069662F0D0A7455616541652F503146AE
:108A1800384F6B53374F495A447331535562762F49
:108A2800734432764D62684E6B556F436D73332FC6
:108A380050764E74646E76674C3446307A6861447A
:108A4800704B436D6C540D0A50387678343945377D
:108A580076354379524E6D4544397A5A67346F33C7
:108A6800776D4D7172514F39335074547567334572
:108A780075396F5678317A50514D314E564D79428D
:108A880061322B663239444C0D0A316E7554436598
:108A980058646F392B6E69343578782B6A414934BC
:108AA800444377725264684A39757A5A7943363939
:108AB80036324833374836442B356E614E76436C30
:108AC80046523173366C693147620D0A6E71506FC8
:108AD80069792F4F4273457839436144476371512F
:108AE800427035576D652F3358572B367A314953B5
:108AF8004F782B6967774E5456435431346D486428
:108B0800424D6279613065494B6674350D0A582BC0
:108B1800476E777467454D79435979795775556329
:108B280074386734527A45726359392B7957394FFB
:108B38006D35487A7078347A4F7557344E505A6785
:108B4800504454674B2B743252534C2F59710D0AB1
:108B58007245316E6A726765475963566547336671
:108B68002B4F6674483473366650627137743141DE
:108B7800355A67557363624C4D42717239744B2B89
:108B88004F717967523445674B4250734836437A80
:108B98000D0A4C367A6C762F32525630714148762F
:108BA8005675444A6349444967775935724A744946
:108BB8004E456D333272684F65464E4A775A533583
:108BC8004D4E494331637A585A78352F2F75675877
:108BD800376C0D0A49347379356E62566877536A73
:108BE80074416B38586735645A6264545A366D4913
:108BF8007262377871482B6664616B5A6F72316B99
:108C08006847376243327549776962443363536C06
:108C180032586B520D0A774E34386C736C62486E5A
:108C2800717161677236586D316E4E4F53566C389C
:108C3800432F366B624A45734D704C6841657A66BE
:108C480052744777764F75636F61452B5762655548
:108C58004E6F6C4764650D0A502F65516964645303
:108C6800663062726E70694C4A526837715A726C1B
:108C78003958757159647055716E6F45644D416608
:108C88006F74444F4944384F7456376774386134A9
:108C980038616438565057320D0A2D2D2D2D2D452B
:108CA8004E44205253412050524956415445204B7E
:108CB80045592D2D2D2D2D0D0A0000002D2D2D2D62
:108CC8002D424547494E2043455254494649434160
:108CD80054452D2D2D2D2D0D0A4D494944687A43B3
:108CE80043416D2B674177494241674942414441BD
:108CF8004E42676B71686B6947397730424151550D
:108D080046414441374D5173774351594456515167
:108D18004745774A4F544445520D0A4D413847411B
:108D280031554543684D495547397359584A545543
:108D38003077784754415842674E5642414D544522
:108D48004642766247467955314E4D4946526C63E4
:108D5800335167513045774868634E0D0A4D544585
:108D6800774D6A45794D5451304E44417757686381
:108D78004E4D6A45774D6A45794D5451304E4441C0
:108D880077576A41374D517377435159445651517A
:108D98004745774A4F544445524D4138470D0A419B
:108DA80031554543684D495547397359584A5455C3
:108DB8003077784754415842674E5642414D5445A2
:108DC8004642766247467955314E4D4946526C6364
:108DD80033516751304577676745694D4130470DD5
:108DE8000A435371475349623344514542415155EF
:108DF8004141344942447741776767454B416F4960
:108E08004241514441337A6638463776676C703050
:108E18002F687436574D6E3145705261677A5348E2
:108E2800780D0A6D64547336737438474667496C15
:108E38004B58736D38574C33786F656D54695A6861
:108E480078353777493035337A686463486748300E
:108E580035375A6B2B6935636C48467A714D7755AF
:108E6800716E790D0A35304277464D74456F6E49FB
:108E78004C777556412B54376C7067367A2B65786A
:108E88004B593843344B5142306E466337714B551A
:108E9800456B4848787659505A5039616C346A772E
:108EA800716A2B386E0D0A594D50476E3875363732
:108EB800474239742B61454D7235502B31676D49E6
:108EC800674E62314C54562B2F586A6C6935777748
:108ED8004F51757666777537754A42566341304CFF
:108EE8006E306B636D6E4C0D0A5237455551494EC5
:108EF800395A2F5347396A477238586D6B73725510
:108F08007545766D45462F42696279632B4531690F
:108F180078564130686D6E4D336F54445062354C0D
:108F28006339756E38724E73750D0A4B4E462B4178
:108F38006B736A6F4258794F47566B43656F4D6242
:108F48006F346246364278794C4F62796176707731
:108F58002F4C5068356150674149796E706C596281
:108F6800364C5641674D424141476A0D0A675A558A
:108F780077675A49774441594456523054424155CB
:108F880077417745422F7A416442674E56485134BB
:108F980045466751557446726B70625065306C4C2B
:108FA800327564576D6C512F7250727A480D0A2FC2
:108FB800663877597759445652306A424677775718
:108FC8006F41557446726B70625065306C4C3275E7
:108FD80064576D6C512F7250727A482F662B685007
:108FE8003651394D447378437A414A42674E560D9B
:108FF8000A42415954416B354D4D52457744775992
:10900800445651514B4577685162327868636C4ECB
:10901800545444455A4D4263474131554541784D72
:10902800515547397359584A5455307767564756FA
:109038007A0D0A64434244515949424144414E42DF
:10904800676B71686B6947397730424151554641C2
:10905800414F434151454175503155324142556B5D
:1090680049736C734366646C633269393451484898
:1090780059654A0D0A5373523445646748746463EA
:10908800695549354936324A364D6F6D2B5930642A
:10909800542F37612B3853364D564D435A5036436B
:1090A800354E794E795877314757592F59523832BA
:1090B80058544A38480D0A44424A6943546F6B353C
:1090C80044625A36537A614F4E427A645748587709
:1090D80057776D693576673164786E375978724D90
:1090E800396430496A784D3237574E4B733473447C
:1090F80051685A42516B460D0A706A6D6673326345
:1091080062346F506C34593954396D6554782F6C0A
:1091180076646B525945756736314A666E366341D7
:109128002B7148707950596454482B5573684954C9
:109138006E6D70352F5A746B660D0A6D2F5554532A
:109148004C424E464E48657369545A654833314E11
:10915800637859476448536D65394E632F6766696C
:1091680064526130464C4F43665778526C467141A1
:109178004934377A47396A4151435A0D0A375A32C6
:109188006D4347444E4D686A51632B425963646E80
:109198006C306C50586A64444B36563071436731B2
:1091A80064566577685542635735675A4B7A563720
:1091B80065392B447056413D3D0D0A2D2D2D2D2D21
:1091C800454E442043455254494649434154452D50
:1091D8002D2D2D2D0D0A00002D2D2D2D2D4245470D
:1091E800494E2043455254494649434154452D2D43
:1091F8002D2D2D0D0A4D494944687A4343416D2B65
:109208006741774942416749424144414E42676B51
:1092180071686B694739773042415173464144411F
:10922800374D517377435159445651514745774A01
:109238004F544445520D0A4D413847413155454335
:109248006777495547397359584A5455307778479D
:1092580054415842674E5642414D4D45464276620A
:1092680047467955314E4D4946526C6333516751E3
:109278003045774868634E0D0A4D5463774E544124
:10928800304D5459314E7A41785768634E4D6A6370
:10929800774E5441314D5459314E7A4178576A418D
:1092A800374D517377435159445651514745774A81
:1092B8004F544445524D4138470D0A4131554543B5
:1092C8006777495547397359584A5455307778471D
:1092D80054415842674E5642414D4D45464276628A
:1092E80047467955314E4D4946526C633351675163
:1092F800304577676745694D4130470D0A435371DB
:1093080047534962334451454241515541413449DB
:1093180042447741776767454B416F494241514421
:1093280041337A6638463776676C70302F68743602
:10933800574D6E3145705261677A5348780D0A6D02
:1093480064547336737438474667496C4B58736D69
:1093580038574C33786F656D54695A687835377764
:10936800493035337A6864634867483035375A6B13
:109378002B6935636C48467A714D7755716E790D56
:109388000A35304277464D74456F6E494C777556AD
:10939800412B54376C7067367A2B65784B593843B4
:1093A800344B5142306E466337714B55456B4848D4
:1093B800787659505A5039616C346A77716A2B380B
:1093C8006E0D0A594D50476E387536374742397415
:1093D8002B61454D7235502B31676D49674E6231AF
:1093E8004C54562B2F586A6C693577774F517576E0
:1093F80066777537754A42566341304C6E306B63F9
:109408006D6E4C0D0A5237455551494E395A2F53F6
:1094180047396A477238586D6B7372557545766D62
:1094280045462F42696279632B4531697856413048
:10943800686D6E4D336F54445062354C6339756EA8
:1094480038724E73750D0A4B4E462B416B736A6F1B
:109458004258794F47566B43656F4D626F34624689
:10946800364278794C4F6279617670772F4C506824
:10947800356150674149796E706C5962364C564176
:10948800674D424141476A0D0A675A5577675A49FD
:1094980077485159445652304F42425945464C52EA
:1094A80061354B577A33744A5339726E567070551A
:1094B80050367A3638782F332F4D474D474131553E
:1094C80064497752634D4671410D0A464C526135E5
:1094D8004B577A33744A5339726E567070555036FA
:1094E8007A3638782F332F6F542B6B505441374DC1
:1094F800517377435159445651514745774A4F5410
:109508004445524D413847413155450D0A43677727
:10951800495547397359584A545530777847544113
:109528005842674E5642414D4D454642766247463F
:109538007955314E4D4946526C6333516751304726
:10954800434151417744415944565230540D0A42DF
:10955800415577417745422F7A414E42676B716892
:109568006B6947397730424151734641414F434116
:10957800514541484B2F484872545A4D6E6E564DCE
:1095880070646531696F2B766F4174716C376A0D41
:109598000A347352684C726A44376F33544874778C
:1095A8005262446132646943767071305371323368
:1095B8004E67324C4D596F58734F786F4C2F52513C
:1095C8004B33694E37554B7856334D4B50457230B7
:1095D800770D0A5851532B6B4B5171695432627392
:1095E80066726A6E574D56485A74554F4D706D36AF
:1095F800464E716364476D2F52737333764B6461C3
:10960800326C634B6C386B556E712F796C63312BF0
:109618005162420D0A4736413674557651637232AB
:109628005A79576656672B6D4D35586B6854724F8B
:109638004F587573324F4C696B6234577745744A8B
:10964800544A524E4530662B79504F4453557A3020
:109658002F765435370D0A41704830436E42383002
:1096680062594A73685948504848796D4F746C6517
:109678004142384B535974716D3735672F594E6FC6
:10968800626A6E6A4236636D34486B57334F5A527A
:1096980056496C366659590D0A6E32304E5256414B
:1096A80031566A73364741524F72344E7157346B94
:1096B8002F2B4C6F66593979304C4C44452B703000
:1096C8006F49454B584973497668507233397377F7
:1096D8007853413D3D0D0A2D2D2D2D2D454E44200D
:1096E80043455254494649434154452D2D2D2D2D6E
:1096F8000D0A00001B0500002D2D2D2D2D4245477C
:10970800494E2043455254494649434154452D2D1D
:109718002D2D2D0D0A4D494944687A4343416D2B3F
:109728006741774942416749424144414E42676B2C
:1097380071686B69473977304241517346414441FA
:10974800374D517377435159445651514745774ADC
:109758004F544445520D0A4D413847413155454310
:109768006777495547397359584A54553077784778
:1097780054415842674E5642414D4D4546427662E5
:1097880047467955314E4D4946526C6333516751BE
:109798003045774868634E0D0A4D5463774E5441FF
:1097A800304D5459314E7A41785768634E4D6A634B
:1097B800774E5441314D5459314E7A4178576A4168
:1097C800374D517377435159445651514745774A5C
:1097D8004F544445524D4138470D0A413155454390
:1097E8006777495547397359584A545530777847F8
:1097F80054415842674E5642414D4D454642766265
:1098080047467955314E4D4946526C63335167513D
:10981800304577676745694D4130470D0A435371B5
:1098280047534962334451454241515541413449B6
:1098380042447741776767454B416F4942415144FC
:1098480041337A6638463776676C70302F687436DD
:10985800574D6E3145705261677A5348780D0A6DDD
:1098680064547336737438474667496C4B58736D44
:1098780038574C33786F656D54695A68783537773F
:10988800493035337A6864634867483035375A6BEE
:109898002B6935636C48467A714D7755716E790D31
:1098A8000A35304277464D74456F6E494C77755688
:1098B800412B54376C7067367A2B65784B5938438F
:1098C800344B5142306E466337714B55456B4848AF
:1098D800787659505A5039616C346A77716A2B38E6
:1098E8006E0D0A594D50476E3875363747423974F0
:1098F8002B61454D7235502B31676D49674E62318A
:109908004C54562B2F586A6C693577774F517576BA
:1099180066777537754A42566341304C6E306B63D3
:109928006D6E4C0D0A5237455551494E395A2F53D1
:1099380047396A477238586D6B7372557545766D3D
:1099480045462F42696279632B4531697856413023
:10995800686D6E4D336F54445062354C6339756E83
:1099680038724E73750D0A4B4E462B416B736A6FF6
:109978004258794F47566B43656F4D626F34624664
:10998800364278794C4F6279617670772F4C5068FF
:10999800356150674149796E706C5962364C564151
:1099A800674D424141476A0D0A675A5577675A49D8
:1099B80077485159445652304F42425945464C52C5
:1099C80061354B577A33744A5339726E56707055F5
:1099D80050367A3638782F332F4D474D4741315519
:1099E80064497752634D4671410D0A464C526135C0
:1099F8004B577A33744A5339726E567070555036D5
:109A08007A3638782F332F6F542B6B505441374D9B
:109A1800517377435159445651514745774A4F54EA
:109A28004445524D413847413155450D0A43677702
:109A3800495547397359584A5455307778475441EE
:109A48005842674E5642414D4D454642766247461A
:109A58007955314E4D4946526C6333516751304701
:109A6800434151417744415944565230540D0A42BA
:109A7800415577417745422F7A414E42676B71686D
:109A88006B6947397730424151734641414F4341F1
:109A9800514541484B2F484872545A4D6E6E564DA9
:109AA80070646531696F2B766F4174716C376A0D1C
:109AB8000A347352684C726A44376F335448747767
:109AC8005262446132646943767071305371323343
:109AD8004E67324C4D596F58734F786F4C2F525117
:109AE8004B33694E37554B7856334D4B5045723092
:109AF800770D0A5851532B6B4B517169543262736D
:109B080066726A6E574D56485A74554F4D706D3689
:109B1800464E716364476D2F52737333764B64619D
:109B2800326C634B6C386B556E712F796C63312BCB
:109B38005162420D0A473641367455765163723286
:109B48005A79576656672B6D4D35586B6854724F66
:109B58004F587573324F4C696B6234577745744A66
:109B6800544A524E4530662B79504F4453557A30FB
:109B78002F765435370D0A41704830436E423830DD
:109B880062594A73685948504848796D4F746C65F2
:109B98004142384B535974716D3735672F594E6FA1
:109BA800626A6E6A4236636D34486B57334F5A5255
:109BB80056496C366659590D0A6E32304E52564126
:109BC80031566A73364741524F72344E7157346B6F
:109BD8002F2B4C6F66593979304C4C44452B7030DB
:109BE8006F49454B584973497668507233397377D2
:109BF8007853413D3D0D0A2D2D2D2D2D454E4420E8
:109C080043455254494649434154452D2D2D2D2D48
:109C18000D0A0000E90000002D2D2D2D2D4245478D
:109C2800494E2045432050524956415445204B4502
:109C3800592D2D2D2D2D0D0A4D4863434151454574
:109C480049506233686D54785A332F6D5A493376C8
:109C5800796B37703355337742662B57496F7036B7
:109C68006844686B467A4A686D4C63716F416F4708
:109C780043437147534D34390D0A417745486F5571
:109C8800514451674145562B5775735850663036C5
:109C980079376B3769422F784B7537755A54724D3F
:109CA8003556552F59304473777534324D6C4339D6
:109CB8002B5934764E63594461570D0A774E5559DE
:109CC8004648446C66352F565330555935624273B1
:109CD80031567A346C6F2B48634B506B78773D3D27
:109CE8000D0A2D2D2D2D2D454E4420454320505233
:109CF8004956415445204B45592D2D2D2D2D0D0AE2
:109D0800000000003D0300002D2D2D2D2D4245475C
:109D1800494E2043455254494649434154452D2D07
:109D28002D2D2D0D0A4D4949434C44434341624B67
:109D38006741774942416749424454414B4267670A
:109D480071686B6A4F50515144416A412B4D5173B0
:109D580077435159445651514745774A4F544445E2
:109D6800524D4138470D0A4131554543684D4955D3
:109D780047397359584A54553077784844416142B5
:109D8800674E5642414D54453142766247467963A3
:109D9800334E734946526C6333516752554D675180
:109DA8003045774868634E0D0A4D544D774F5449F6
:109DB800304D5455314D6A41305768634E4D6A4DA8
:109DC800774F5449794D5455314D6A4130576A425D
:109DD800424D517377435159445651514745774A3B
:109DE8004F544445524D4138470D0A41315545437A
:109DF800684D495547397359584A5455307778480A
:109E08007A416442674E5642414D54466C427662EE
:109E180047467955314E4D4946526C633351675127
:109E28003278705A573530494449770D0A575441AA
:109E38005442676371686B6A4F5051494242676781
:109E480071686B6A4F50514D4242774E43414152BF
:109E5800583561367863392F54724C7554754948B2
:109E68002F45713775356C4F737A6C56540D0A3916
:109E78006A514F7A43376A5979554C33356A69388C
:109E88003178674E70624131526755634F562F6E75
:109E980039564C52526A6C73477A56585069576A09
:109EA8003464776F2B54486F3447644D4947610DCC
:109EB8000A4D416B4741315564457751434D414106
:109EC80077485159445652304F4242594546486F97
:109ED8004158345A6B2F4F4264355245514F374CD5
:109EE8006D4F38516D50382F694D473447413155C2
:109EF800640D0A4977526E4D475741464A317449B5
:109F080043524A41543872793369314762782B4A4F
:109F18004D6E622B7A5A386F554B6B5144412B4D1D
:109F2800517377435159445651514745774A4F54D5
:109F38004445520D0A4D4138474131554543684D16
:109F4800495547397359584A5455307778484441E8
:109F58006142674E5642414D54453142766247460A
:109F68007963334E734946526C6333516752554D8A
:109F780067513047430D0A43514442512B4A2B59EC
:109F88006B504D3644414B42676771686B6A4F505E
:109F980051514441674E6F4144426C416A424B5AA9
:109FA80051313749494F696D626D6F442F794E378A
:109FB8006F38397533424D0D0A6C674F736A6E6896
:109FC800773366494F6F4C49577932574F47736B10
:109FD8002F4C47462B2B447A7672527A754E69413C
:109FE800434D5143643869656D315853344A4B3792
:109FF80068616A38786F6370550D0A4C776A516AE0
:10A00800653550444748666433683974503338516D
:10A018006B6E7535624A717773306D64324B4F4B96
:10A028004879655630553D0D0A2D2D2D2D2D454E5F
:10A03800442043455254494649434154452D2D2D0A
:10A048002D2D0D0A00000000E90000002D2D2D2DFA
:10A058002D424547494E20454320505249564154C8
:10A0680045204B45592D2D2D2D2D0D0A4D48634367
:10A07800415145454950457145794232416E436FDA
:10A08800504C2F39552F59444876647158596249B4
:10A098006F67547977777970362F55664477366EBF
:10A0A8006F416F4743437147534D34390D0A417728
:10A0B80045486F555144516741454E387857325895
:10A0C800594A486C70795073645A4C66386762759F
:10A0D80035382B516152644E4374464C58336143B2
:10A0E8004A5A59704A4F355144594978482F0D0AF0
:10A0F80036692F534E4631644672324B694D4A7267
:10A10800647731567A596F7144766F42794C54743A
:10A118002F773D3D0D0A2D2D2D2D2D454E442045E3
:10A12800432050524956415445204B45592D2D2D19
:10A138002D2D0D0A000000002D0300002D2D2D2DC2
:10A148002D424547494E20434552544946494341CB
:10A1580054452D2D2D2D2D0D0A4D494943487A433F
:10A1680043416157674177494241674942435441F6
:10A178004B42676771686B6A4F50515144416A415D
:10A188002B4D517377435159445651514745774A9E
:10A198004F544445524D4138470D0A4131554543C6
:10A1A800684D495547397359584A54553077784856
:10A1B80044416142674E5642414D544531427662B0
:10A1C80047467963334E734946526C63335167523D
:10A1D800554D67513045774868634E0D0A4D544DCB
:10A1E800774F5449304D5455314D6A413057686363
:10A1F8004E4D6A4D774F5449794D5455314D6A410A
:10A2080030576A41304D5173774351594456515133
:10A218004745774A4F544445524D4138470D0A4106
:10A2280031554543684D495547397359584A54552E
:10A23800307778456A415142674E5642414D544302
:10A24800577876593246736147397A6444425A4D91
:10A25800424D4742797147534D3439416745470D5F
:10A268000A43437147534D34394177454841304992
:10A27800414244664D56746C3243523561636A37C5
:10A28800485753332F4947377566506B476B5854B7
:10A2980051725253313932676957574B5354755578
:10A2A800410D0A32434D522F2B6F76306A52645853
:10A2B800526139696F6A436133634E5663324B4B5F
:10A2C8006737364163693037662B6A675A30776774
:10A2D8005A6F774351594456523054424149774155
:10A2E8004441640D0A42674E564851344546675109
:10A2F800555547476C6A3951483264654341517A2C
:10A308006C5A582B4D5930616E453734776267590E
:10A31800445652306A424763775A5941556E57300E
:10A32800674A456B420D0A5079764C654C555A760A
:10A3380048346B796476374E6E7968517152414D65
:10A34800443478437A414A42674E5642415954410F
:10A358006B354D4D524577447759445651514B45CD
:10A36800776851623278680D0A636C4E54544445DC
:10A37800634D426F474131554541784D54554739F2
:10A388007359584A7A633277675647567A64434214
:10A3980046517942445159494A414D4644346E35F3
:10A3A8006951387A6F4D416F470D0A4343714753DE
:10A3B8004D343942414D43413267414D4755434D34
:10A3C8005143614C467A58707475693557514E3807
:10A3D8004C6C4F3364646831684D787836747A67AA
:10A3E8004C765430334D54564B32530D0A43313268
:10A3F80072304C7A3372692F6D6F5345704E5A57CD
:10A4080071506A6B434D434532663533475863593B
:10A418004C717966794A52303738632F784E5355E4
:10A4280055352B58786C37565A343134560D0A66E0
:10A438004761356B48764841524250633859414923
:10A448005649714476484831513D3D0D0A2D2D2D10
:10A458002D2D454E442043455254494649434154C5
:10A46800452D2D2D2D2D0D0A000000000C0000009B
:10A47800506F6C617253534C546573740000000044
:10A488006A0100002D2D2D2D2D424547494E2045AE
:10A49800432050524956415445204B45592D2D2DA6
:10A4A8002D2D0D0A50726F632D547970653A203442
:10A4B8002C454E435259505445440D0A44454B2DA2
:10A4C800496E666F3A204445532D454445332D4324
:10A4D80042432C33303745414234363939333344DB
:10A4E8003634450D0A0D0A49786272526D4B634144
:10A4F8007A63744A71506454514C413453577942C9
:10A50800595947594A566B59456E612B4637506120
:10A5180035743559672F674B414472464B636D3626
:10A52800423732653744470D0A69684578745A4995
:10A5380036343873307A6459773671534A373476FB
:10A548007250537557446535716D3933427173666E
:10A55800564839737674437A57485730706D31705E
:10A56800304B544243466655710D0A55737557541E
:10A578004954774A496D636E6C4173316761525A29
:10A58800337341576D37634F5569644C30666F328A
:10A598004730665955464E63596F43534C66664378
:10A5A800465445484275506E6167620D0A613737F7
:10A5B800782F735931427669693853392F5868446E
:10A5C80054623670544D783036777A726D0D0A2D94
:10A5D8002D2D2D2D454E442045432050524956419E
:10A5E8005445204B45592D2D2D2D2D0D0A000000C9
:10A5F800730300002D2D2D2D2D424547494E204334
:10A60800455254494649434154452D2D2D2D2D0D74
:10A618000A4D494943556A4343416465674177494F
:10A62800424167494A414D4644346E356951387A4A
:10A638006F4D416F4743437147534D343942414D44
:10A64800434D443478437A414A42674E5642415911
:10A65800540D0A416B354D4D524577447759445650
:10A6680051514B4577685162327868636C4E545447
:10A678004445634D426F474131554541784D5455E6
:10A6880047397359584A7A633277675647567A6416
:10A698004342460D0A517942445154416546773048
:10A6A800784D7A41354D6A51784E5451354E44684B
:10A6B80061467730794D7A41354D6A49784E545123
:10A6C800354E4468614D443478437A414A42674E76
:10A6D80056424159540D0A416B354D4D5245774408
:10A6E8007759445651514B457768516232786863BF
:10A6F8006C4E54544445634D426F47413155454172
:10A70800784D545547397359584A7A6332776756A2
:10A7180047567A644342460D0A517942445154429D
:10A72800324D42414742797147534D34394167456B
:10A7380047425375424241416941324941424D5075
:10A74800614B7A52424E3167766831622B2F496DE0
:10A75800364B554E4C547542750D0A77773558551A
:10A768007A4D35574E5253744A47564F51736A3390
:10A778003138584A474A492F4271564B6334734C13
:10A7880059664369464B4172395A71717948647503
:10A798004E4D63626C6934797569790D0A61593770
:10A7A8007A5161307077375266646164486239550E
:10A7B8005A4B5656706D6C4D37494C526D466D412B
:10A7C8007A48714F426F4443426E54416442674E27
:10A7D8005648513445466751556E5730670D0A4AF9
:10A7E800456B425079764C654C555A7648346B79AE
:10A7F8006476374E6E7777626759445652306A42AC
:10A808004763775A5941556E5730674A456B4250EE
:10A8180079764C654C555A7648346B796476370DA1
:10A828000A4E6E7968517152414D443478437A41E9
:10A838004A42674E5642415954416B354D4D524537
:10A8480077447759445651514B457768516232786D
:10A8580068636C4E54544445634D426F47413155CB
:10A86800450D0A41784D545547397359584A7A630A
:10A878003277675647567A64434246517942445183
:10A8880059494A414D4644346E356951387A6F4DBD
:10A8980041774741315564457751464D414D4241D5
:10A8A8006638770D0A436759494B6F5A497A6A30B7
:10A8B8004541774944615141775A674978414D4F3D
:10A8C80030596E4E574B4A5541665867534A744A39
:10A8D8007865786E346970672B6B76347A6E75524A
:10A8E80035307635360D0A7434643050437534315A
:10A8F800326D5543364E6E6437697A767445324DFB
:10A908006749784150316E6E4A516A5A38425775D4
:10A918006B737A465144473438777843437963698F
:10A9280039717064534D760D0A75436A6E387077C5
:10A93800554F6B4142584B384D73733930667A43E3
:10A948006643454F7449413D3D0D0A2D2D2D2D2D52
:10A95800454E442043455254494649434154452DA8
:10A968002D2D2D2D0D0A00000200000064B002609C
:10A978000300000048B00260040000002CB0026030
:10A988000500000010B0026006000000F4AF02608D
:10A9980007000000D8AF026008000000BCAF0260EA
:10A9A80009000000A0AF02600A00000084AF026046
:10A9B8000B00000068AF02600C0000004CAF0260A2
:10A9C8000D00000030AF02600E000000F0AE026023
:10A9D8000F000000D4AE026010000000B8AE0260A4
:10A9E8002B00000078AE02602C0000005CAE026014
:10A9F8002D00000040AE02601100000000AE0260B1
:10AA080012000000E4AD026013000000C8AD02604F
:10AA180014000000ACAD02601500000090AD0260AB
:10AA28001600000074AD02601700000058AD026007
:10AA3800180000003CAD02601900000020AD026063
:10AA48001A00000004AD02601B000000E8AC0260C0
:10AA58001C000000CCAC02601D0000008CAC026041
:10AA68001E00000070AC02601F00000054AC0260C1
:10AA78002E00000014AC02602F000000F8AB02604A
:10AA880030000000DCAB0260200000009CAB0260DC
:10AA98002200000040AB026024000000E4AA02602B
:10AAA8002100000080AB02602300000024AB02609C
:10AAB80025000000C8AA0260000000000000000095
:10AAC80025020000C00000001C2200200800000031
:10AAD800000000000800000000AB02602401000034
:10AAE800C00000002C220020080000000000000028
:10AAF8000800000000AB026004000000F580006060
:10AB08000981006000000000000000002981006049
:10AB180025810060A58100602D810060230200006E
:10AB2800800000003C220020080000000000000017
:10AB3800080000005CAB02602201000080000000F9
:10AB48004822002008000000000000000800000063
:10AB58005CAB026003000000F580006009810060C2
:10AB68000000000000000000218100601D810060DD
:10AB7800A58100602D8100602102000040000000D6
:10AB88007C280020080000000000000008000000E9
:10AB9800B8AB0260200100004000000054220020F1
:10ABA800080000000000000008000000B8AB0260C8
:10ABB80003000000ED800060FD80006000000000E0
:10ABC800000000001981006015810060BD810060EF
:10ABD8004181006030080000000100005C22002074
:10ABE8000C000000010000001000000030AC026002
:10ABF8002F080000C0000000702200200C00000098
:10AC0800010000001000000030AC02602E080000B7
:10AC180080000000842200200C00000001000000D9
:10AC28001000000030AC02600500000000000000C9
:10AC3800000000000000000000000000E18000604B
:10AC4800E1800060D5810060558100601F0600002A
:10AC580000010000982200200C0000000100000004
:10AC680010000000A8AC02601E060000C000000032
:10AC7800AC2200200C0000000100000010000000C1
:10AC8800A8AC02601D06000080000000C022002061
:10AC98000C0000000100000010000000A8AC0260D9
:10ACA8000500000000000000000000000000000097
:10ACB80000000000D5800060D5800060ED81006054
:10ACC800698100601C05000000010000D4220020FA
:10ACD8001000000000000000100000001CAE026020
:10ACE8001B050000C0000000E82200201000000042
:10ACF80000000000100000001CAE02601A050000F1
:10AD080080000000FC22002010000000000000006D
:10AD1800100000001CAE02601903000000010000D2
:10AD280010230020100000000000000010000000A8
:10AD38001CAE026018030000C0000000242300209D
:10AD48001000000000000000100000001CAE0260AF
:10AD580017030000800000003823002010000000C6
:10AD680000000000100000001CAE02601602000087
:10AD7800000100004C23002010000000000000002B
:10AD8800100000001CAE026015020000C0000000A8
:10AD980060230020100000000000000010000000E8
:10ADA8001CAE026014020000800000007423002022
:10ADB8001000000000000000100000001CAE02603F
:10ADC800130100000001000088230020100000008B
:10ADD80000000000100000001CAE0260120100001C
:10ADE800C00000009C2300201000000000000000AC
:10ADF800100000001CAE026011010000800000007D
:10AE0800B023002010000000000000001000000027
:10AE18001CAE026005000000AD800060B1800060DB
:10AE2800BD800060C5800060D1800060CD8000607A
:10AE3800058200607D8100602D080000000100008F
:10AE4800C42300200C0000000100000010000000D6
:10AE580094AE02602C080000C0000000D02300203F
:10AE68000C000000010000001000000094AE026019
:10AE78002B08000080000000DC2300200C000000EC
:10AE8800010000001000000094AE02600200000003
:10AE980000000000000000000000000000000000AA
:10AEA800A1800060A1800060D581006055810060AC
:10AEB8001006000000010000E82300200C0000003C
:10AEC80001000000100000000CAF02600F06000037
:10AED800C0000000F42300200C0000000100000066
:10AEE800100000000CAF02600E0600008000000099
:10AEF800002400200C0000000100000010000000E9
:10AF08000CAF02600200000000000000000000001A
:10AF1800000000000000000095800060958000603F
:10AF2800ED810060698100600D05000000010000EE
:10AF38000C24002010000000000000001000000099
:10AF480080B002600C050000C0000000182400203A
:10AF580010000000000000001000000080B0026037
:10AF68000B050000800000002424002010000000D1
:10AF7800000000001000000080B002600A0300001A
:10AF88000001000030240020100000000000000034
:10AF98001000000080B0026009030000C00000003B
:10AFA80040240020100000000000000010000000F5
:10AFB80080B00260080300008000000050240020D8
:10AFC80010000000000000001000000080B00260C7
:10AFD80007020000000100006024002010000000AB
:10AFE800000000001000000080B0026006020000AF
:10AFF800C00000006C2400201000000000000000C9
:10B008001000000080B0026005020000800000000F
:10B01800782400201000000000000000100000004C
:10B0280080B00260040100000001000084240020B8
:10B0380010000000000000001000000080B0026056
:10B0480003010000C0000000902400201000000050
:10B05800000000001000000080B002600201000043
:10B06800800000009C240020100000000000000068
:10B078001000000080B00260020000006D800060D7
:10B08800718000607D800060858000609180006034
:10B098008D8000601D8200609181006001020407BC
:10B0A800080B0D0E10131516191A1C1F2023252620
:10B0B800292A2C2F31323437383B3D3E4043454610
:10B0C800494A4C4F51525457585B5D5E6162646700
:10B0D800686B6D6E70737576797A7C7F80838586F0
:10B0E800898A8C8F91929497989B9D9EA1A2A4A7E0
:10B0F800A8ABADAEB0B3B5B6B9BABCBFC1C2C4C7D0
:10B10800C8CBCDCED0D3D5D6D9DADCDFE0E3E5E6BF
:10B11800E9EAECEFF1F2F4F7F8FBFDFE01010101B9
:10B1280001010101FEFEFEFEFEFEFEFE1F1F1F1FA7
:10B138000E0E0E0EE0E0E0E0F1F1F1F1011F011F4B
:10B14800010E010E1F011F010E010E0101E001E0B9
:10B1580001F101F1E001E001F101F10101FE01FE5F
:10B1680001FE01FEFE01FE01FE01FE011FE01FE0DF
:10B178000EF10EF1E01FE01FF10EF10E1FFE1FFE93
:10B188000EFE0EFEFE1FFE1FFE0EFE0EE0FEE0FE91
:10B19800F1FEF1FEFEE0FEE0FEF1FEF140100010CF
:10B1A800001000000000040040100410000000100F
:10B1B8004010001040000000000000104000040093
:10B1C80000000410401004100010040000100410C7
:10B1D80040100400001000004000000000000410AF
:10B1E8004000001000100010401000000010040083
:10B1F800400004004000041000100410401000003B
:10B208000000000000000000400004104000001092
:10B21800001000104010040000000400401004005A
:10B22800000004000010041000100000400000009E
:10B23800400004100010000040100400001000102E
:10B2480040000000400000100000041040000410FE
:10B258000000001000000400401000100000000072
:10B2680040100410400004004000001000000410CA
:10B2780000100010401000100000000040100410E2
:10B2880000100400001004004010000040100000EE
:10B29800400004000000001000100410000020000E
:10B2A800020020040208000400000000000800005A
:10B2B80002080004020820000008200402082004F4
:10B2C800000020000000000002000004020000004E
:10B2D8000000000402002004020800000008000426
:10B2E80002082000020020000008000402000004F8
:10B2F80000002004000820040200200000002004B0
:10B3080000080000020800000208200400082000CD
:10B3180002000000000000040008200000000004F3
:10B3280000082000000020000208000402080004B1
:10B338000200200402002004020000000200200095
:10B348000000000400080004000020000008200499
:10B35800020800000208200000082004020800007B
:10B368000200000402082004000020040008200055
:10B378000000000002000000020820040000000095
:10B388000208200000002004000800000200000459
:10B39800000800040008000002002000100000203F
:10B3A80000004020004000001040402000004020E5
:10B3B8001000000010404020000040000040002025
:10B3C8001040400000004000100000201000400025
:10B3D8000040002000000020104000000000000095
:10B3E80010004000104000200040000000404000D5
:10B3F80010400020100000001000402010004020E5
:10B4080000000000104040000040402010400000B4
:10B418000040400000404020000000200040002084
:10B428001000000010004020004040001040402064
:10B438000000400010400000100000200000400004
:10B4480000400020000000201040000010000020F4
:10B4580010404020004040000000402010404000C4
:10B4680000404020000000001000402010000000B4
:10B478000040000000004020104040000040000054
:10B488001000400010400020000000000040402054
:10B498000000002010004000104000200120800023
:10B4A80081200000812000008000000080208000B2
:10B4B80081008000010080000120000000000000E1
:10B4C8000020800000208000812080008100000092
:10B4D80000000000800080000100800001000000E2
:10B4E8000020000000008000012080008000000093
:10B4F8000000800001200000802000008100800002
:10B508000100000080200000800080000020000072
:10B518008020800081208000810000008000800061
:10B528000100800000208000812080008100000050
:10B5380000000000000000000020800080200000C3
:10B548008000800081008000010000000120800050
:10B558008120000081200000800000008120800000
:10B5680081000000010000000020000001008000B0
:10B578000120000080208000810080000120000060
:10B588008020000000008000012080008000000072
:10B5980000008000002000008020800020801080B3
:10B5A8000080008000800000208010000000100053
:10B5B80020000000200010802080008020000080F3
:10B5C80020801080008010800000008000800080B3
:10B5D80000001000200000002000108000801000F3
:10B5E8002000100020800080000000000000008083
:10B5F8000080000020801000000010802000100053
:10B608002000008000000000008010002080000062
:10B6180000801080000010802080000000000000E2
:10B628002080100020001080000010002080008082
:10B638000000108000801080008000000000108052
:10B6480000800080200000002080108020801000F2
:10B658002000000000800000000000802080000022
:10B6680000801080000010002000008020001000E2
:10B678002080008020000080200010000080100042
:10B688000000000000800080208000000000008092
:10B698002000108020801080008010000001000031
:10B6A8000001080200000802000100420000080032
:10B6B80000010000000000400000080200010840EE
:10B6C80000000800000100020001084000010042DB
:10B6D80000000842000108000000004000000002CD
:10B6E8000000084000000840000000000001004081
:10B6F800000108420001084200010002000008425F
:10B7080000010040000000000000004200010802A3
:10B7180000000002000000420001080000000800CC
:10B72800000100420001000000000002000000408B
:10B738000000080200010042000108400001000268
:10B748000000004000000842000108020001084013
:10B758000001000000000002000008420001084249
:10B768000001080000000042000108420000080231
:10B77800000000000000084000000042000108002E
:10B788000001000200010040000008000000000065
:10B798000000084000010802000100400802000003
:10B7A8000002020800000000080002080002000869
:10B7B8000000000008020200000200080800020061
:10B7C800080000080800000800000200080202083B
:10B7D800080002000000020808020000000000083B
:10B7E8000800000000020208000200000002020037
:10B7F8000000020808000208080202000802000807
:10B808000002020000000200080200080800000010
:10B8180008020208000200000000000800020208F6
:10B8280000000008080002000802000000000200F2
:10B8380000020208000200080000000000020000E8
:10B8480008000200080202080002000808000008B8
:10B8580000020000000000000800020808020008BA
:10B8680000000200000000080802020808000000AA
:10B878000802020000020200080000080000020896
:10B88800080200080802000000000208080202007E
:10B89800080000000800020800020200000401017C
:10B8A800000000000000010004040101040001017F
:10B8B800040401000400000000000100000400006E
:10B8C8000004010104040101000400000404000153
:10B8D800040001010000000104000000040400004D
:10B8E800000400010004000100040100000401003C
:10B8F800000001010000010104040001040001002E
:10B908000400000104000001040001000000000020
:10B91800040400000404010000000001000001000C
:10B9280004040101040000000000010100040101F9
:10B9380000000001000000010004000004000101F3
:10B9480000000100000401000400000100040000E0
:10B9580004000000040400010404010004040101BF
:10B9680004000100000001010404000104000001BA
:10B9780004040000040401000004010104040000A0
:10B9880000040001000400010000000004000100A0
:10B998000004010000000000040001010000000094
:10B9A800010000000001000001010000000001008A
:10B9B8000100010000010100010101000000000177
:10B9C8000100000100010001010100010000010166
:10B9D8000100010100010101010101010000000055
:10B9E800000000010000010000000101000100004A
:10B9F8000001000100010100000101010100000037
:10BA08000100000101000100010001010101000025
:10BA18000101000101010100010101014E6F7720C0
:10BA2800697320740123456789ABCDEF2345678986
:10BA3800ABCDEF01456789ABCDEF0123CDD64F2FB5
:10BA48009427C15D6996C8FA47A2ABEB832539767E
:10BA580044091A0A6A2A19F41ECA854B03E69F5B31
:10BA6800FA58EB42DD17E8B8B437D23212345678B8
:10BA780090ABCDEF54F15AF6EBE3A4B435761156FA
:10BA88005FA18E4DCB191F85D1ED8439129F40B926
:10BA9800D20056B3470EFC9A6B8EE393C5CECF63A4
:10BAA800ECEC514C2D2D2D2D2D424547494E20446F
:10BAB8004820504152414D45544552532D2D2D2D6E
:10BAC8002D0D0A4D494748416F4742414A343139A3
:10BAD8004442454F676D51547A6F3571586C3566DD
:10BAE80051634E39544E343535776B4F4C373035BA
:10BAF80032487A787852564D7968596D775163672C
:10BB08004A76680D0A317361313866796652394F61
:10BB18006956454D59676C4F706B71566F474C4E5F
:10BB28003771643561514E4E693557372F432B565F
:10BB380042644854424A63475A4A797950354233F5
:10BB480071637A33320D0A396D4C4A4B75646C5601
:10BB58007564563051786B3571554A61505A2F7853
:10BB680075707A304E796F567076697569424F49AB
:10BB780031674E69386F765358577A416745430D98
:10BB88000A2D2D2D2D2D454E44204448205041523C
:10BB9800414D45544552532D2D2D2D2D0D0A000094
:10BBA80004001800800100002C2500200300170065
:10BBB80000010000E826002002001500E000000057
:10BBC800F426002001001300C00000000027002018
:10BBD800000000000000000000000000FFFFFFFF61
:10BBE800FFFFFFFFFEFFFFFFFFFFFFFFFFFFFFFF5E
:10BBF800FFFFFFFFB1B946C1ECDEB8FE4930247241
:10BC0800ABE9A70FE7809CE5190521643128D2B478
:10BC1800B1C96B1436F8DE99FFFFFFFFFFFFFFFF86
:10BC2800FFFFFFFF1210FF82FD0AFFF40088A14307
:10BC3800EB20BF7CF69030B00EA88D181148791E05
:10BC4800A177F973D5CD246BED11106378DAC8FFAD
:10BC5800952B1907010000000000000000000000FB
:10BC6800FFFFFFFFFFFFFFFFFFFFFFFFFFFFFFFFDC
:10BC780000000000B4FF552343390B27BAD8BFD7BB
:10BC8800B7B04450563241F5ABB3040C850A05B43D
:10BC98003D2A5C5C4529DD133EF0B8E0A216FFFFA3
:10BCA800FFFFFFFFFFFFFFFFFFFFFFFF211D5C11ED
:10BCB800D68032342211C256D3C1034AB990133206
:10BCC8007FBFB46BBD0C0EB7347E00859981D54417
:10BCD8006447075AA07543CDE6DF224CFB23F7B52E
:10BCE800886337BDFFFFFFFFFFFFFFFFFFFFFFFF79
:10BCF800000000000000000000000000010000003B
:10BD0800FFFFFFFF4B60D2273E3CCE3BF6B053CC43
:10BD1800B0061D65BC86987655BDEBB3E7933AAA85
:10BD2800D835C65A512563FCC2CAB9F3849E17A7F1
:10BD3800ADFAE6BCFFFFFFFFFFFFFFFF00000000BA
:10BD4800FFFFFFFF96C298D84539A1F4A033EB2D29
:10BD5800817D0377F240A463E5E6BCF847422CE115
:10BD6800F2D1176BF551BF376840B6CBCE5E316B59
:10BD78005733CE2B169E0F7C4AEBE78E9B7F1AFE1D
:10BD8800E242E34FFFFFFFFF000000000000000059
:10BD9800FFFFFFFFFEFFFFFFFFFFFFFFFFFFFFFFAC
:10BDA800FFFFFFFFFFFFFFFFFFFFFFFFFFFFFFFF9B
:10BDB800FFFFFFFFEF2AECD3EDC8852A9DD12E8A1D
:10BDC8008D3956C65A8713508F081403124181FEC5
:10BDD8006E9C1D18192DF8E36B058E98E4E73EE27A
:10BDE800A72F31B37329C5CC6A19ECEC7AA7B048F0
:10BDF800B20D1A58DF2D37F4814D63C7FFFFFFFFDF
:10BE0800FFFFFFFFFFFFFFFFFFFFFFFFFFFFFFFF3A
:10BE1800FFFFFFFFB70A7672385E543A6C2955BFA8
:10BE28005DF20255382A5482E041F759989BA78B56
:10BE3800623B1D6E74AD20F31EC7B18E37058BBEF5
:10BE480022CA87AA5F0EEA907C1D437A9D817E1DD7
:10BE5800CEB1600AC0B8F0B51331DAE97C149A287B
:10BE6800BD1DF4F829DC9292BF989E5D6F2C269632
:10BE78004ADE173600000000000000000000000045
:10BE8800201C0000000000004038000000000000F6
:10BE98006024000000000000807000000000000026
:10BEA800A06C000000000000C04800000000000076
:10BEB800E05400000000000000E100000000000065
:10BEC80020FD00000000000040D900000000000034
:10BED80060C5000000000000809100000000000024
:10BEE800A08D000000000000C0A9000000000000B4
:10BEF800E0B500000000000058E2FCCEFA7E306198
:10BF0800367F1D57A4E7455AAB6E47D42CEC13BDBA
:10BF1800F53A67B21257BDDF4D5C2AF327CD64A608
:10BF28002CF35ABD2BA6FAB45BC94FBC3221A5DB52
:10BF380094FAE95AE7121A473612D2E79E3B078568
:10BF4800561BE14AACA2FCCB619CC5AEFFFE0BFAC6
:10BF5800462AF43C1699D050CD33B28AC773F74BB2
:10BF6800A00ED1F3125724352FF58D80033927AB56
:10BF78008EF4D4587514F0FB9924A7C8587336BFAB
:10BF8800B118024DB8674A142519498E80F1478FB8
:10BF980037BA55BD6D27618C65DCC57FCF623A2401
:10BFA800094FCCA40D3533F8DCF566FF291C25BBF9
:10BFB800B8568FC3D376A6D9530F8AFBC74536B96F
:10BFC800A963B4F1C4CB738BD0D1C8A799996BF08E
:10BFD800265B98B5D48AB919B094DAC5D93471BD3D
:10BFE800EC1A502270E3CC6C76FC6ECE0F4E1768BC
:10BFF800CDDF8853BB2D551B3A337DBF46A792C46E
:10C008005E454913FE2EA8F2A44A8266EE1C8EB045
:10C01800C8B5D4CF5AE9F19A00000000000000002A
:10C028000000000000000000000000000000000008
:10C0380000000000000000000000000000000000F8
:10C0480000000000000000000000000000000000E8
:10C0580000000000000000000388DACE60B6A3925A
:10C06800F328C2B971B2FE78000000000000000099
:10C0780000000000000000000000000000000000B8
:10C0880000000000000000000000000000000000A8
:10C09800000000000000000042831EC221777424C3
:10C0A8004B7221B784D0D49CE3AA212F2C02A4E0A0
:10C0B80035C17E2329ACA12E21D514B25466931C18
:10C0C8007D8F6A5AAC84AA051BA30B396A0AAC9700
:10C0D8003D58E091473F598542831EC22177742419
:10C0E8004B7221B784D0D49CE3AA212F2C02A4E060
:10C0F80035C17E2329ACA12E21D514B25466931CD8
:10C108007D8F6A5AAC84AA051BA30B396A0AAC97BF
:10C118003D58E0910000000061353B4C2806934AE9
:10C12800777FF51FA22A4755699B2A714FCDC6F81C
:10C138003766E5F97B6C742373806900E49F24B249
:10C148002B097544D4896B424989B5E1EBAC0F07DB
:10C15800C23F4598000000008CE24998625615B627
:10C1680003A033ACA13FB894BE9112A5C3A211A8F5
:10C17800BA262A3CCA7E2CA701E4A9A4FBA43C90B9
:10C18800CCDCB281D48C7C6FD62875D2ACA41703D2
:10C198004C34AEE500000000000000000000000084
:10C1A8000000000000000000000000000000000087
:10C1B8000000000000000000000000000000000077
:10C1C8000000000000000000000000000000000067
:10C1D800000000000000000098E7247C07F0FE4102
:10C1E8001C267E4384B0F60000000000000000001A
:10C1F8000000000000000000000000000000000037
:10C208000000000000000000000000000000000026
:10C2180000000000000000003980CA0B3C00E84123
:10C22800EB06FAC4872A2757859E1CEAA6EFD9840D
:10C23800628593B40CA1E19C7D773D00C144C5257E
:10C24800AC619D18C84A3F4718E2448B2FE324D9B4
:10C25800CCDA2710ACADE2563980CA0B3C00E84175
:10C26800EB06FAC4872A2757859E1CEAA6EFD984CD
:10C27800628593B40CA1E19C7D773D00C144C5253E
:10C28800AC619D18C84A3F4718E2448B2FE324D974
:10C29800CCDA2710000000000F10F599AE14A15455
:10C2A800ED24B36E25324DB8C566632EF2BBB34F8D
:10C2B8008347280FC4507057FDDC29DF9A471F7544
:10C2C800C66541D4D4DAD1C9E93A19A58E8B473F5E
:10C2D800A0F062F700000000D27E88681CE3243CCE
:10C2E8004830165A8FDCF9FF1DE9A1D8E6B447EFAC
:10C2F8006EF7B79828666E4581E79012AF34DDD99E
:10C30800E2F037589B292DB3E67C036745FA22E70C
:10C31800E9B7373B00000000000000000000000003
:10C328000000000000000000000000000000000005
:10C3380000000000000000000000000000000000F5
:10C3480000000000000000000000000000000000E5
:10C358000000000000000000CEA7403D4D606B6E5D
:10C36800074EC5D3BAF39D18000000000000000076
:10C3780000000000000000000000000000000000B5
:10C3880000000000000000000000000000000000A5
:10C398000000000000000000522DC1F099567D07F2
:10C3A800F47F37A32A84427D643A8CDCBFE5C0C998
:10C3B8007598A2BD2555D1AA8CB08E48590DBB3DA4
:10C3C800A7B08B1056828838C5F61E6393BA7A0ACE
:10C3D800BCC9F662898015AD522DC1F099567D070A
:10C3E800F47F37A32A84427D643A8CDCBFE5C0C958
:10C3F8007598A2BD2555D1AA8CB08E48590DBB3D64
:10C40800A7B08B1056828838C5F61E6393BA7A0A8D
:10C41800BCC9F66200000000C3762DF1CA787D32EF
:10C42800AE47C13BF19844CBAF1AE14D0B976AFA7E
:10C43800C52FF7D79BBA9DE0FEB582D33934A4F057
:10C44800954CC2363BC73F7862AC430E64ABE49967
:10C45800F47C9B1F000000005A8DEF2F0C9E53F1B7
:10C46800F75D7853659E2A20EEB2B22AAFDE6419D2
:10C47800A058AB4F6F746BF40FC0C3B780F244453C
:10C488002DA3EBF1C5D82CDEA2418997200EF82EFA
:10C4980044AE7E3F000000000000000000000000E5
:10C4A8000000000000000000000000000000000084
:10C4B8000000000000000000FEFFE9928665731C82
:10C4C8006D6A8F9467308308FEFFE9928665731C56
:10C4D8006D6A8F9467308308000000000000000038
:10C4E8000000000000000000000000000000000044
:10C4F8000000000000000000000000000000000034
:10C508000000000000000000000000000000000023
:10C518000000000000000000000000000000000013
:10C528000000000000000000000000000000000003
:10C5380000000000000000000000000000000000F3
:10C5480000000000000000000000000000000000E3
:10C5580000000000000000000000000010000000C3
:10C56800400000003C0000003C0000003C000000CF
:10C5780000000000000000000000000000000000B3
:10C5880000000000000000000000000000000000A3
:10C598000000000000000000000000000000000093
:10C5A8000000000000000000000000000000000083
:10C5B800CAFEBABEFACEDBADDECAF88800000000BB
:10C5C8000000000000000000000000000000000063
:10C5D8000000000000000000000000000000000053
:10C5E8000000000000000000000000000000000043
:10C5F8009313225DF88406E555909C5AFF5269AA68
:10C608006A7A9538534F7DA1E4C303D2A318A728AB
:10C61800C3C0C95156809539FCF0E2429A6B525416
:10C6280016AEDBF5A0DE6A57A637B39B0000000004
:10C6380000000000000000000000000000000000F2
:10C6480000000000000000000000000000000000E2
:10C6580000000000000000000000000000000000D2
:10C6680000000000000000000000000000000000C2
:10C6780000000000000000000000000000000000B2
:10C6880000000000000000000000000000000000A2
:10C698000000000000000000000000000000000092
:10C6A8000000000000000000000000000000000082
:10C6B8000000000000000000000000000000000072
:10C6C8000000000000000000000000000000000062
:10C6D8000000000000000000000000000000000052
:10C6E8000000000000000000000000000000000042
:10C6F8000000000000000000010000000100000030
:10C7080001000000020000000C0000000C00000006
:10C718000C0000000C000000080000003C000000B5
:10C728000000000000000000000000000000000001
:10C7380000000000000000000000000000000000F1
:10C7480000000000000000000000000000000000E1
:10C7580000000000000000000000000000000000D1
:10C76800FEEDFACEDEADBEEFFEEDFACEDEADBEEFEB
:10C77800ABADDAD2000000000000000000000000AD
:10C7880000000000000000000000000000000000A1
:10C798000000000000000000000000000000000091
:10C7A8000000000000000000000000000000000081
:10C7B8000000000000000000000000000000000071
:10C7C8000000000000000000000000000000000061
:10C7D8000000000000000000000000000000000051
:10C7E8000000000000000000000000000000000041
:10C7F8000000000000000000000000000000000031
:10C808000000000000000000000000000000000020
:10C818000000000000000000000000000000000010
:10C828000000000000000000000000000000000000
:10C8380000000000000000000000000000000000F0
:10C8480000000000000000000000000000000000E0
:10C8580000000000000000000000000000000000D0
:10C8680000000000000000000000000000000000C0
:10C8780000000000000000000000000000000000B0
:10C8880000000000000000000000000000000000A0
:10C898000000000000000000000000000000000090
:10C8A800000000000000000000000000010000007F
:10C8B800010000000100000000000000000000006E
:10C8C8000000000014000000140000001400000024
:10C8D8000000000000000000000000000000000050
:10C8E8000000000000000000000000000000000040
:10C8F8000000000000000000000000000000000030
:10C90800000000000000000000000000000000001F
:10C91800D9313225F88406E5A55909C5AFF5269A17
:10C9280086A7A9531534F7DA2E4C303D8A318A721E
:10C938001C3C0C95956809532FCF0E2449A6B525A4
:10C94800B16AEDF5AA0DE657BA637B391AAFD2552D
:10C9580000000000000000000000000000000000CF
:10C9680000000000000000000000000000000000BF
:10C9780000000000000000000000000000000000AF
:10C98800000000000000000000000000000000009F
:10C99800000000000000000000000000000000008F
:10C9A800000000000000000000000000000000007F
:10C9B800000000000000000000000000000000006F
:10C9C800000000000000000000000000000000005F
:10C9D800000000000000000000000000000000004F
:10C9E800000000000000000000000000000000003F
:10C9F800000000000000000000000000000000002F
:10CA0800000000000000000000000000000000001E
:10CA1800000000000000000000000000000000000E
:10CA280000000000000000000000000000000000FE
:10CA380000000000000000000000000000000000EE
:10CA480000000000000000000000000000000000DE
:10CA580000000000000000000100000001000000CC
:10CA68000100000001000000A0C9AB58F1E2E5A4F4
:10CA7800DE3EBD4FF73E9C5B64EFD8CA028CF811CE
:10CA880048A584FE69AB5AEE42AA4D42176099D474
:10CA98005E1397DC404D86A37BF55954756951E4C4
:10CAA8009A00A2D00ED59BFE31ECB1399B6081482B
:10CAB800D1969D250D3C1E94101098129325CAB846
:10CAC800FCCC2D54731970C0107AA4892519955E71
:10CAD8004BC6001D7F4E6A2BF8A301AB46055C09C7
:10CAE800A67188F1A740EEF3E15C029B44AF0344D2
:10CAF80079349BBF7CDDA5799557866621C9138358
:10CB08001146733ABF8C35C8C7215B5B96C48E9BB0
:10CB1800338C74E3E99DFEDFC6A16AB8D420706F38
:10CB28000F34AB7FEC5ADCA9D8CA3A133E159CA641
:10CB3800AC43C6F8A2BE22834A4C0A0AFFB10D7163
:10CB480094F1C1A5CF7322EC1AE0964ED4BF1227F8
:10CB580046E087FDB5B3E91B3493D5BB98FAED4998
:10CB6800E85F130FC8A459B70800000007000000C9
:10CB7800060000000500000004000000030000009B
:10CB88000000000000000000010000000300000099
:10CB98000E0000001A0000003E00000050000000D7
:10CBA800D41D8CD98F00B204E9800998ECF8427E34
:10CBB8000CC175B9C0F1B6A831C399E2697726618D
:10CBC800900150983CD24FB0D6963F7D28E17F72B5
:10CBD800F96B697D7CB7938D525A2F31AAF161D0D8
:10CBE800C3FCD3D76192E4007DFB496CCA67E13B83
:10CBF800D174AB98D277D9F5A5611C2C9F419D9F24
:10CC080057EDF4A22BE3C955AC49DA2E2107B67AC1
:10CC1800000000000000000000000000000000000C
:10CC280000000000000000000000000000000000FC
:10CC380000000000000000000000000000000000EC
:10CC480000000000000000000000000000000000DC
:10CC580000000000000000000000000000000000CC
:10CC6800006100000000000000000000000000005B
:10CC780000000000000000000000000000000000AC
:10CC8800000000000000000000000000000000009C
:10CC9800000000000000000000000000000000008C
:10CCA800000000000000000000000000000000007C
:10CCB8000000616263000000000000000000000046
:10CCC800000000000000000000000000000000005C
:10CCD800000000000000000000000000000000004C
:10CCE800000000000000000000000000000000003C
:10CCF800000000000000000000000000000000002C
:10CD08000000006D6573736167652064696765730A
:10CD18007400000000000000000000000000000097
:10CD280000000000000000000000000000000000FB
:10CD380000000000000000000000000000000000EB
:10CD480000000000000000000000000000000000DB
:10CD5800000000006162636465666768696A6B6CFD
:10CD68006D6E6F707172737475767778797A00006A
:10CD780000000000000000000000000000000000AB
:10CD8800000000000000000000000000000000009B
:10CD9800000000000000000000000000000000008B
:10CDA80000000000004142434445464748494A4B79
:10CDB8004C4D4E4F505152535455565758595A612D
:10CDC80062636465666768696A6B6C6D6E6F7071C3
:10CDD80072737475767778797A30313233343536C0
:10CDE8003738390000000000000000000000000093
:10CDF800000000000000313233343536373839301E
:10CE080031323334353637383930313233343536D8
:10CE180037383930313233343536373839303132C2
:10CE280033343536373839303132333435363738AC
:10CE380039303132333435363738393031323334AA
:10CE48003536373839300000080000004429002002
:10CE5800400000008000000081F1006069F100607E
:10CE68006DF1006089F1006029F20060CDF1006089
:10CE780079F100607DF1006007000000A03C00200F
:10CE8800300000008000000061F1006069F100607E
:10CE98006DF1006071F1006029F20060CDF1006071
:10CEA80079F100607DF1006006000000743C00200C
:10CEB800200000004000000051F1006039F10060DE
:10CEC8003DF1006059F1006011F20060B9F10060B5
:10CED80049F100604DF1006005000000CC280020F9
:10CEE8001C0000004000000031F1006039F10060D2
:10CEF8003DF1006041F1006011F20060B9F100609D
:10CF080049F100604DF1006004000000A8280020ED
:10CF180014000000400000001DF1006021F10060D5
:10CF280025F1006071570160F9F10060A5F100601A
:10CF380029F100602DF10060030000008027002027
:10CF4800100000004000000009F100600DF10060D1
:10CF580011F10060F5EF0060E1F1006091F100600F
:10CF680015F1006019F10060982700200900000001
:10CF7800782A0020902A002003010000A02A00201F
:10CF880009000000AC2A0020C42A00200401000087
:10CF9800D42A002009000000E02A0020F82A0020F6
:10CFA800050100000C2B002009000000182B0020B0
:10CFB800302B002006010000442B0020090000004F
:10CFC800502B0020682B0020070100007C2B00203C
:10CFD80009000000882B0020A02B00200801000079
:10CFE800B42B002005000000AC2A0020C42A002031
:10CFF80004010000BC2B002007000000C42B002007
:10D00800D42B002004040000E42B002008000000BA
:10D01800F02B0020042C002005040000182C002010
:10D0280008000000242C0020382C002006040000F2
:10D038004C2C002008000000582C00206C2C0020EC
:10D0480007040000802C0020080000008C2C002021
:10D05800A02C002008040000B42C002009000000C7
:10D06800C02C0020C02C002000060000000000009A
:10D0780000000000000000000000000000000000A8
:10D08800B027002003000000082E0020202E0020DA
:10D0980000010000342E002003000000382E00207C
:10D0A800482E002004000000542E00200300000039
:10D0B800582E00206C2E002000080000802E002032
:10D0C80003000000842E00209C2E00202000000079
:10D0D800B02E002009000000BC2E0020D42E002015
:10D0E8000000010000000000000000000000000037
:10D0F8000000000000000000B4270020030000002A
:10D10800F02E0020042F0020102F0020142F0020C4
:10D1180003000000182F00202C2F0020342F00209F
:10D12800382F0020030000003C2F00204C2F002047
:10D13800582F00205C2F002003000000602F0020E3
:10D148006C2F0020742F0020782F0020030000008F
:10D158007C2F0020942F0020A42F0020A82F00202F
:10D1680003000000AC2F0020CC2F0020D82F002077
:10D17800DC2F002009000000E82F0020F82F0020F5
:10D18800E82F002008300020030000000C300020A9
:10D198002030002030300020403000200300000004
:10D1A80044300020583000206830002078300020BB
:10D1B800030000007C300020903000209C300020CC
:10D1C800A830002003000000AC300020BC30002054
:10D1D800C4300020C830002003000000CC300020FC
:10D1E800DC300020E8300020EC3000200300000094
:10D1F800F0300020003100200C31002018310020D0
:10D20800030000001C31002038310020503100207C
:10D2180064310020030000006831002074310020D0
:10D228007C31002084310020030000008831002078
:10D238009C310020BC310020C831002003000000D0
:10D24800CC310020DC310020E8310020F43100200E
:10D258000A0000000032002014320020283200208A
:10D268002C32002003000000303200204832002019
:10D278005C320020000000000000000000000000F8
:10D288000000000000000000B8270020090000008E
:10D29800242A0020342A002001000000C42700208E
:10D2A80007000000382A0020482A00200200000059
:10D2B800582A002005000000602A0020682A002063
:10D2C8000300000000000000000000000000000053
:10D2D8000000000000000000CC270020080000002B
:10D2E800002700200027002001000000780400200B
:10D2F80005000000F4260020F426002002000000AB
:10D30800182A002008000000E8260020E82600204F
:10D318000300000080040020050000002C250020E8
:10D328002C25002004000000000000000000000080
:10D33800000000000000000000000000D8270020C6
:10D34800080000005C29002080270020030000005E
:10D35800FC27002005000000642900206C2900201B
:10D368000400000074290020090000008029002022
:10D378008C290020050000009429002009000000E5
:10D38800A0290020AC29002006000000B4290020B4
:10D3980009000000C0290020CC2900200700000057
:10D3A800D429002009000000E0290020EC290020F1
:10D3B800080000000000000000000000000000005D
:10D3C8000000000000000000E42700200800000022
:10D3D800A4280020B028002004000000BC28002059
:10D3E80008000000C8280020D428002005000000FC
:10D3F800E428002008000000F0280020FC28002075
:10D40800060000000C290020080000001829002050
:10D41800242900200700000034290020080000000B
:10D42800402900204C2900200800000000000000CE
:10D4380000000000000000000000000000000000E4
:10D44800F027002008000000CC2C0020E02C002051
:10D45800002D0020080000000C2D0020202D0020A9
:10D46800402D0020080000004C2D0020602D0020D9
:10D47800702D0020080000007C2D0020942D002035
:10D48800A82D002008000000B42D0020C82D002081
:10D49800D82D002008000000E42D0020F82D0020E1
:10D4A8000000000000000000000000000000000074
:10D4B8000428002005000000F42900207C28002012
:10D4C80021000000FC29002008000000082A002094
:10D4D8001C220020250000000000000000000000C1
:10D4E8000000000000000000000000000C280020E0
:10D4F8000A00000018280020382800200425000011
:10D50800582800200A0000006428002084280020F1
:10D5180004230000000000000000000000000000DC
:10D52800000000000000000005000000303300206B
:10D53800A50301609903016000000000B1030160C8
:10D54800FD03016000000000E1040160D9040160EE
:10D558007904016000000000040000003833002056
:10D56800A90201608D030160AD020160D102016072
:10D57800000000000000000069030160C1040160B0
:10D58800650401606D030160030000004033002062
:10D59800A902016081030160000000000000000092
:10D5A800000000000000000069030160A904016098
:10D5B800510401606D03016002000000483300203F
:10D5C800A90201609D020160D90201601D0301608A
:10D5D800000000000000000069030160A904016068
:10D5E800510401606D03016001000000342A00202D
:10D5F8004501016035010160510101609D01016033
:10D60800D901016029020160710201608D04016085
:10D618003D04016075020160080000000800000078
:10D6280008000000180000000900000000000000C9
:10D6380004000000040000000400000024000000B2
:10D6480005000000000000000100000002000000CA
:10D658000010000000100000001000000000000092
:10D66800140000001400000014000000190000005D
:10D6780010000000000000000C60C80F961F0E711B
:10D68800F3A9B524AF6012062FE037A6000000000A
:10D698000000000000000000EA6C014DC72D6F8CEF
:10D6A800CD1ED92ACE1D41F0D8DE895700000000D2
:10D6B80000000000000000004B007901B765489A9F
:10D6C800BEAD49D926F721D065A429C100000000C4
:10D6D80000000000000000003D2EEC4FE41C849B7D
:10D6E80080C8D83662C0E44A8B291A964CF2F0708A
:10D6F800380000000000000056FA6AA75548099D46
:10D70800CC37D7F03425E0C300000000000000004B
:10D718000000000000000000000000000000000001
:10D7280000000000000000000000000000000000F1
:10D73800000000000000000070617373776F72646E
:10D7480000000000000000000000000000000000D1
:10D75800000000000000000070617373776F72644E
:10D7680000000000000000000000000000000000B1
:10D77800000000000000000070617373776F72642E
:10D788000000000000000000000000000000000091
:10D79800000000000000000070617373776F72640E
:10D7A80050415353574F524470617373776F72648B
:10D7B80000000000000000007061737300776F7252
:10D7C80064000000000000000000000000000000ED
:10D7D8000000000000000000000000000000000041
:10D7E8000000000000000000000000000000000031
:10D7F800000000000000000073616C74000000006D
:10D808000000000000000000000000000000000010
:10D818000000000000000000000000000000000000
:10D8280073616C740000000000000000000000003C
:10D8380000000000000000000000000000000000E0
:10D84800000000000000000073616C74000000001C
:10D8580000000000000000000000000000000000C0
:10D8680000000000000000000000000000000000B0
:10D8780073616C7453414C5473616C7453414C54D0
:10D8880073616C7453414C5473616C7453414C54C0
:10D8980073616C74000000007361006C7400000018
:10D8A8000000000000000000000000000000000070
:10D8B8000000000000000000000000000000000060
:10D8C8000000000000000000000000000000000050
:10D8D8000000000000000000000000000000000040
:10D8E8000000000000000000A9993E364706816A42
:10D8F800BA3E25717850C26C9CD0D89D84983E441D
:10D908001C3BD26EBAAE4AA1F95129E5E54670F141
:10D9180034AA973CD4C4DAA4F61EEB2BDBAD27312E
:10D928006534016F616263000000000000000000C0
:10D9380000000000000000000000000000000000DF
:10D9480000000000000000000000000000000000CF
:10D958000000000000000000000000000061626399
:10D968006462636465636465666465666765666763
:10D9780068666768696768696A68696A6B696A6B13
:10D988006C6A6B6C6D6B6C6D6E6C6D6E6F6D6E6FC3
:10D99800706E6F7071000000000000000000000051
:10D9A800000000000000000000000000000000006F
:10D9B800000000000000000000000000000000005F
:10D9C800000000000000000000000000000000004F
:10D9D8000300000038000000E8030000982F8A4286
:10D9E80091443771CFFBC0B5A5DBB5E95BC25639A9
:10D9F800F111F159A4823F92D55E1CAB98AA07D8C1
:10DA0800015B8312BE853124C37D0C55745DBE72E3
:10DA1800FEB1DE80A706DC9B74F19BC1C1699BE463
:10DA28008647BEEFC69DC10FCCA10C246F2CE92DF3
:10DA3800AA84744ADCA9B05CDA88F97652513E9817
:10DA48006DC631A8C82703B0C77F59BFF30BE0C61E
:10DA58004791A7D55163CA0667292914850AB727AC
:10DA680038211B2EFC6D2C4D130D385354730A6549
:10DA7800BB0A6A762EC9C281852C7292A1E8BFA220
:10DA88004B661AA8708B4BC2A3516CC719E892D188
:10DA9800240699D685350EF470A06A1016C1A4190B
:10DAA800086C371E4C774827B5BCB034B30C1C390A
:10DAB8004AAAD84E4FCA9C5BF36F2E68EE828F74C9
:10DAC8006F63A5781478C8840802C78CFAFFBE90E3
:10DAD800EB6C50A4F7A3F9BEF27871C623097D2236
:10DAE8003405D8228642A477BDA255B32AADBCE43A
:10DAF800BDA0B3F7E36C9DA70000000075388B1636
:10DB0800512776CC5DBA5DA1FD890150B0C6455C50
:10DB1800B4F58B195252252500000000207946558E
:10DB2800980C91D8BBB4C1EA97618A4BF03F425830
:10DB38001948B2EE4EE7AD6700000000BA7816BF8C
:10DB48008F01CFEA414140DE5DAE2223B00361A3DD
:10DB580096177A9CB410FF61F20015AD248D6A61A6
:10DB6800D20638B8E5C026930C3E6039A33CE45988
:10DB780064FF2167F6ECEDD419DB06C1CDC76E5CF6
:10DB88009914FB9281A1C7E284D73E67F1809A4835
:10DB9800A497200E046D39CCC7112CD003000000C7
:10DBA80038000000E8030000616263000000000024
:10DBB800000000000000000000000000000000005D
:10DBC800000000000000000000000000000000004D
:10DBD800000000000000000000000000000000003D
:10DBE8000061626364626364656364656664656654
:10DBF8006765666768666768696768696A68696AA1
:10DC08006B696A6B6C6A6B6C6D6B6C6D6E6C6D6E50
:10DC18006F6D6E6F706E6F70710000000000000015
:10DC280000000000000000000000000000000000EC
:10DC380000000000000000000000000000000000DC
:10DC480000000000000000000000000000000000CC
:10DC5800000000000000000022AE28D7982F8A425A
:10DC6800CD65EF23914437712F3B4DECCFFBC0B509
:10DC7800BCDB8981A5DBB5E938B548F35BC2563909
:10DC880019D005B6F111F1599B4F19AFA4823F92F3
:10DC980018816DDAD55E1CAB420203A398AA07D897
:10DCA800BE6F7045015B83128CB2E44EBE85312491
:10DCB800E2B4FFD5C37D0C556F897BF2745DBE72EB
:10DCC800B196163BFEB1DE803512C725A706DC9B50
:10DCD800942669CF74F19BC1D24AF19EC1699BE435
:10DCE800E3254F388647BEEFB5D58C8BC69DC10F4F
:10DCF800659CAC77CCA10C2475022B596F2CE92DAF
:10DD080083E4A66EAA84744AD4FB41BDDCA9B05C46
:10DD1800B5531183DA88F976ABDF66EE52513E9837
:10DD28001032B42D6DC631A83F21FB98C82703B027
:10DD3800E40EEFBEC77F59BFC28FA83DF30BE0C604
:10DD480025A70A934791A7D56F8203E05163CA06B6
:10DD5800706E0E0A67292914FC2FD246850AB72748
:10DD680026C9265C38211B2EED2AC45AFC6D2C4D81
:10DD7800DFB3959D130D3853DE63AF8B54730A657B
:10DD8800A8B2773CBB0A6A76E6AEED472EC9C281D7
:10DD98003B358214852C72926403F14CA1E8BFA232
:10DDA800013042BC4B661AA89197F8D0708B4BC2D1
:10DDB80030BE5406A3516CC71852EFD619E892D159
:10DDC80010A96555240699D62A20715785350EF471
:10DDD800B8D1BB3270A06A10C8D0D2B816C1A41985
:10DDE80053AB4151086C371E99EB8EDF4C774827AF
:10DDF800A8489BE1B5BCB034635AC9C5B30C1C39FB
:10DE0800CB8A41E34AAAD84E73E363774FCA9C5B37
:10DE1800A3B8B2D6F36F2E68FCB2EF5DEE828F74B2
:10DE2800602F17436F63A57872ABF0A11478C8848C
:10DE3800EC39641A0802C78C281E6323FAFFBE90C7
:10DE4800E9BD82DEEB6C50A41579C6B2F7A3F9BE22
:10DE58002B5372E3F27871C69C6126EACE3E27CA3C
:10DE680007C2C021C7B886D11EEBE0CDD67DDAEA5D
:10DE780078D16EEE7F4F7DF5BA6F1772AA67F006FC
:10DE8800A698C8A2C57D630AAE0DF9BE04983F11D5
:10DE98001B471C13350B711B847D0423F577DB2886
:10DEA8009324C7407BABCA32BCBEC9150ABE9E3C90
:10DEB8004C0D109CC4671D43B6423ECBBED4C54C26
:10DEC8002A7E65FC9C297F59ECFAD63AAB6FCB5F6A
:10DED8001758474A8C19446CCB00753F45A35E8B95
:10DEE800B5A03D699AC65007272C32AB0EDED16328
:10DEF8001A8B605A43FF5BED8086072BA1E7CC2382
:10DF080058BAECA134C825A70000000000000000A2
:10DF1800000000000000000009330C33F71147E847
:10DF28003D192FC782CD1B4753111B173B3B05D209
:10DF38002FA08086E3B0F712FCC7C71A557E2DB90B
:10DF480066C3E9FA9174603900000000000000001F
:10DF580000000000000000009D0E1809716474CBD9
:10DF6800086E834E310A4A1CED149E9C00F24852FA
:10DF78007972CEC5704C2A5B07B8B3DC38ECC4EBB9
:10DF8800AE97DDD87F3D89850000000000000000C5
:10DF98000000000000000000DDAF35A193617ABAEF
:10DFA800CC417349AE20413112E6FA4E89A97EA2CE
:10DFB8000A9EEEE64B55D39A2192992A274FC1A87B
:10DFC80036BA3C23A3FEEBBD454D4423643CE80E22
:10DFD8002A9AC94FA54CA49F8E959B75DAE313DA4C
:10DFE8008CF4F72814FC143F8F7779C6EB9F7FA138
:10DFF8007299AEADB6889018501D289E4900F7E476
:10E00800331B99DEC4B5433AC7D329EEB6DD26548F
:10E018005E96E55B874BE909E718483D0CE76964BC
:10E028004E2E42C7BC15B4638E1F98B13B204428BE
:10E038005632A803AFA973EBDE0FF244877EA60A17
:10E048004CB0432CE577C31BEB009C5C2C49AA2EF3
:10E058004EADB217AD8CC09B0300000070000000ED
:10E06800E803000061626300000000000000000097
:10E078000000000000000000000000000000000098
:10E088000000000000000000000000000000000088
:10E098000000000000000000000000000000000078
:10E0A8000000000000000000000000000000000068
:10E0B8000000000000000000000000000000000058
:10E0C8000000000000000000000000000000000048
:10E0D80000000000006162636465666768626364EB
:10E0E8006566676869636465666768696A646566C2
:10E0F8006768696A6B65666768696A6B6C66676892
:10E10800696A6B6C6D6768696A6B6C6D6E68696A61
:10E118006B6C6D6E6F696A6B6C6D6E6F706A6B6C31
:10E128006D6E6F70716B6C6D6E6F7071726C6D6E01
:10E138006F707172736D6E6F70717273746E6F70D1
:10E148007172737475000000000000000000000088
:10E1580000000000000000000000000000000000B7
:10E1680000000000000000000000000000000000A7
:10E178000000000000000000000000000000000097
:10E188000000000000000000000000000000000087
:10E198000000000000000000000000000000000077
:10E1A8000000000000000000000000000000000067
:10E1B800000000000000000009C00000F83800203E
:10E1C8000504040003000000010000000300000033
:10E1D80003000000000000000AC0000028390020E9
:10E1E8000704040003000000010000000300000011
:10E1F800030000000000000023C000005039002088
:10E2080005060400030000000300000003000000EE
:10E2180003000000000000002BC000007839002037
:10E228000E060400030000000300000003000000C5
:10E23800030000000000000024C00000A0390020F6
:10E2480007070400030000000300000003000000AB
:10E2580003000000000000002CC00000C8390020A6
:10E268001007040003000000030000000300000082
:10E278000300000000000000ADC00000F0390020DD
:10E288002D06040003000000030000000300000046
:10E298000300000000000000AFC00000143A002096
:10E2A8002D06040003000000030000000300000026
:10E2B8000300000002000000ACC00000383A002053
:10E2C8002B06040003000000030000000300000008
:10E2D8000300000000000000AEC000005C3A00200F
:10E2E8002B060400030000000300000003000000E8
:10E2F800030000000200000072C00000803A002005
:10E3080014060400030000000100000003000000E0
:10E31800030000000000000073C00000B03A0020B5
:10E3280016070400030000000100000003000000BD
:10E33800030000000000000086C00000E03A002052
:10E348001D06040003000000030000000300000095
:10E35800030000000000000087C00000103B002000
:10E368001F07040003000000030000000300000072
:10E37800030000000000000008C00000403B00202F
:10E388002504040003000000010000000300000051
:10E39800030000000000000013C00000683B0020DC
:10E3A8000504030003000000010000000300000052
:10E3B800030000000000000014C000008C3B002097
:10E3C8000704030003000000010000000300000030
:10E3D800030000000000000027C00000B03B002040
:10E3E800050603000300000003000000030000000E
:10E3F80003000000000000002FC00000D83B0020F0
:10E408000E060300030000000300000003000000E4
:10E41800030000000000000028C00000003C0020AD
:10E4280007070300030000000300000003000000CA
:10E43800030000000000000030C00000283C00205D
:10E4480010070300030000000300000003000000A1
:10E45800030000000000000076C00000503C0020CF
:10E468001406030003000000010000000300000080
:10E47800030000000000000077C000007C3C002082
:10E48800160703000300000001000000030000005D
:10E4980003000000000000008AC00000A83C002023
:10E4A8001D06030003000000030000000300000035
:10E4B80003000000000000008BC00000D43C0020D6
:10E4C8001F07030003000000030000000300000012
:10E4D800030000000000000012C00000003D002002
:10E4E80025040300030000000100000003000000F1
:10E4F80003000000000000009F000000243D0020F1
:10E5080010070200030000000300000003000000E1
:10E5180003000000000000009E000000483D0020AD
:10E528000E060200030000000300000003000000C4
:10E538000300000000000000670000006C3D0020A0
:10E5480005060200030000000300000003000000AD
:10E5580003000000000000006B000000903D002058
:10E56800070602000300000003000000030000008B
:10E57800030000000000000033000000B43D00204C
:10E588000504020003000000000000000300000072
:10E59800030000000000000039000000D83D002002
:10E5A8000704020003000000000000000300000050
:10E5B80003000000000000009FC00000FC3D002098
:10E5C8002D06020003000000030000000300000005
:10E5D8000300000000000000A3C000001C3E002053
:10E5E8002D060200030000000300000003000000E5
:10E5F80003000000020000009EC000003C3E002016
:10E608002B060200030000000300000003000000C6
:10E618000300000000000000A2C000005C3E0020D3
:10E628002B060200030000000300000003000000A6
:10E638000300000002000000BE0000007C3E002035
:10E64800140602000300000003000000030000009D
:10E658000300000000000000C4000000A83E0020E5
:10E66800160602000300000003000000030000007B
:10E67800030000000000000045000000D43E002018
:10E688001404020003000000000000000300000062
:10E69800030000000000000088000000FC3E00208D
:10E6A8001604020003000000000000000300000040
:10E6B80003000000000000007CC00000243F002090
:10E6C8001D06020003000000030000000300000014
:10E6D80003000000000000007DC00000503F002043
:10E6E8001F070200030000000300000003000000F1
:10E6F8000300000000000000160000007C3F00201E
:10E7080025040200030000000000000003000000D0
:10E7180003000000000000009D000000A03F002052
:10E7280010070100030000000300000003000000C0
:10E7380003000000000000009C000000C03F002013
:10E748000E060100030000000300000003000000A3
:10E7580003000000000000003C000000E03F002033
:10E76800050601000300000003000000030000008C
:10E7780003000000000000003D00000000400020F1
:10E78800070601000300000003000000030000006A
:10E7980003000000000000002F00000020400020BF
:10E7A8000504010003000000000000000300000051
:10E7B8000300000000000000350000004040002079
:10E7C800070401000300000000000000030000002F
:10E7D80003000000000000009DC000006040002011
:10E7E8002D060100030000000300000003000000E4
:10E7F8000300000000000000A1C000007C400020D1
:10E808002D060100030000000300000003000000C3
:10E8180003000000020000009CC000009840002097
:10E828002B060100030000000300000003000000A5
:10E838000300000000000000A0C00000B440002059
:10E848002B06010003000000030000000300000085
:10E858000300000002000000BA000000D0400020C1
:10E86800140601000300000003000000030000007C
:10E878000300000000000000C0000000F840002075
:10E88800160601000300000003000000030000005A
:10E8980003000000000000004100000020410020AB
:10E8A8001404010003000000000000000300000041
:10E8B8000300000000000000840000004441002024
:10E8C800160401000300000000000000030000001F
:10E8D80003000000000000007AC00000684100202A
:10E8E8001D060100030000000300000003000000F3
:10E8F80003000000000000007BC0000090410020E1
:10E908001F070100030000000300000003000000CF
:10E9180003000000000000000A000000B8410020C9
:10E9280025040100030000000000000003000000AF
:10E9380003000000000000000EC00000D8410020C5
:10E9480005040900030000000100000003000000A6
:10E9580003000000000000000FC00000FC41002080
:10E968000704090003000000010000000300000084
:10E97800030000000000000029C000002042002021
:10E988000506090003000000030000000300000062
:10E99800030000000000000031C0000048420020D1
:10E9A8000E06090003000000030000000300000039
:10E9B80003000000000000002AC000007042002090
:10E9C800070709000300000003000000030000001F
:10E9D800030000000000000032C000009842002040
:10E9E80010070900030000000300000003000000F6
:10E9F800030000000000000078C00000C0420020B2
:10EA080014060900030000000100000003000000D4
:10EA1800030000000000000079C00000EC42002064
:10EA280016070900030000000100000003000000B1
:10EA380003000000000000008CC000001843002004
:10EA48001D06090003000000030000000300000089
:10EA580003000000000000008DC0000044430020B7
:10EA68001F07090003000000030000000300000066
:10EA780003000000000000000DC0000070430020EB
:10EA88002504090003000000010000000300000045
:10EA9800030000000000000004C0000094430020B0
:10EAA80005040A0003000000010000000300000044
:10EAB800030000000000000005C00000B84300206B
:10EAC80007040A0003000000010000000300000022
:10EAD800030000000000000025C00000DC43002007
:10EAE80005060A0003000000030000000300000000
:10EAF80003000000000000002DC0000004440020B6
:10EB08000E060A00030000000300000003000000D6
:10EB1800030000000000000026C000002C44002074
:10EB280007070A00030000000300000003000000BC
:10EB380003000000000000002EC000005444002024
:10EB480010070A0003000000030000000300000093
:10EB5800030000000000000074C000007C44002096
:10EB680014060A0003000000010000000300000072
:10EB7800030000000000000075C00000A844002049
:10EB880016070A000300000001000000030000004F
:10EB9800030000000000000088C00000D4440020EA
:10EBA8001D060A0003000000030000000300000027
:10EBB800030000000000000089C00000004500209C
:10EBC8001F070A0003000000030000000300000004
:10EBD800030000000000000003C000002C450020D6
:10EBE80025040A00030000000100000003000000E3
:10EBF8000300000000000000A800000054450020A9
:10EC08000E060500030000000300000003000000DA
:10EC18000300000000000000A90000007445002067
:10EC280010070500030000000300000003000000B7
:10EC38000300000000000000AE0000009445002022
:10EC480005060500030000000100000003000000A5
:10EC58000300000000000000AF000000B4450020E1
:10EC68000707050003000000010000000300000082
:10EC780003000000000000008C000000D4450020C4
:10EC88000504050003000000000000000300000068
:10EC980003000000000000008D000000F445002083
:10ECA8000704050003000000000000000300000046
:10ECB8000300000000000000A5C00000144600206A
:10ECC8002D060500030000000300000003000000FB
:10ECD8000300000000000000A9C00000304600202A
:10ECE8002D060500030000000300000003000000DB
:10ECF8000300000002000000A4C000004C460020F1
:10ED08002B060500030000000300000003000000BC
:10ED18000300000000000000A8C0000068460020B2
:10ED28002B0605000300000003000000030000009C
:10ED3800030000000200000094C000008446002088
:10ED48001406050003000000010000000300000095
:10ED5800030000000000000095C00000AC46002041
:10ED68001607050003000000010000000300000072
:10ED780003000000000000008EC00000D446002000
:10ED88001D0605000300000003000000030000004A
:10ED980003000000000000008FC00000FC460020B7
:10EDA8001F07050003000000030000000300000027
:10EDB80003000000000000008B0000002447002032
:10EDC8002504050003000000000000000300000007
:10EDD8000300000000000000AA00000044470020D3
:10EDE8000E060600030000000300000003000000F8
:10EDF8000300000000000000AB000000684700208E
:10EE080010070600030000000300000003000000D4
:10EE18000300000000000000B20000008C47002042
:10EE280005060600030000000100000003000000C2
:10EE38000300000000000000B3000000B0470020FD
:10EE4800070706000300000001000000030000009F
:10EE5800030000000000000090000000D4470020DC
:10EE68000504060003000000000000000300000085
:10EE7800030000000000000091000000F847002097
:10EE88000704060003000000000000000300000063
:10EE98000300000000000000A7C000001C4800207C
:10EEA8002D06060003000000030000000300000018
:10EEB8000300000000000000ABC000003C48002038
:10EEC8002D060600030000000300000003000000F8
:10EED8000300000002000000A6C000005C480020FB
:10EEE8002B060600030000000300000003000000DA
:10EEF8000300000000000000AAC000007C480020B9
:10EF08002B060600030000000300000003000000B9
:10EF1800030000000200000096C000009C4800208A
:10EF280014060600030000000100000003000000B2
:10EF3800030000000000000097C00000C84800203F
:10EF4800160706000300000001000000030000008F
:10EF5800030000000000000090C00000F4480020FA
:10EF68001D06060003000000030000000300000067
:10EF7800030000000000000091C0000020490020AC
:10EF88001F07060003000000030000000300000044
:10EF980003000000000000008F0000004C49002022
:10EFA8002504060003000000000000000300000024
:10EFB800030000000000000037C000007049002076
:10EFC800050608000300000001000000030000001F
:10EFD800030000000000000038C00000984900202D
:10EFE80007070800030000000100000003000000FC
:10EFF800030000000000000035C00000C0490020E8
:10F0080005040800030000000100000003000000E0
:10F01800030000000000000036C00000E4490020A2
:10F0280007040800030000000100000003000000BE
:10F0380003000000000000009AC00000084A0020F9
:10F04800140608000300000001000000030000008F
:10F0580003000000000000009BC00000344A0020AC
:10F06800160708000300000001000000030000006C
:10F07800030000000000000034C00000604A0020C7
:10F088002504080003000000010000000300000040
:10F098000300000000000000AC000000844A0020CB
:10F0A8000E06070003000000030000000300000034
:10F0B8000300000000000000AD000000A84A002086
:10F0C8001007070003000000030000000300000011
:10F0D8000300000000000000B6000000CC4A002039
:10F0E80005060700030000000100000003000000FF
:10F0F8000300000000000000B7000000F04A0020F4
:10F1080007070700030000000100000003000000DB
:10F11800030000000000000094000000144B0020D1
:10F1280005040700030000000100000003000000C0
:10F13800030000000000000095000000384B00208C
:10F14800070407000300000001000000030000009E
:10F15800030000000000000098C000005C4B002085
:10F16800140607000300000001000000030000006F
:10F17800030000000000000099C00000884B002038
:10F18800160707000300000001000000030000004C
:10F19800030000000000000092C00000B44B0020F3
:10F1A8001D06070003000000030000000300000024
:10F1B800030000000000000093C00000E04B0020A6
:10F1C8001F07070003000000030000000300000001
:10F1D8000300000000000000930000000C4C002019
:10F1E80025040700030000000100000003000000E0
:10F1F800030000000000000000000000D4270020E9
:10F2080000000000000000000000000000000000F6
:10F218000000000000000000A8CC0000A9CC0000FD
:10F22800AACC00002CC0000030C000009F000000E5
:10F23800ADC000009FC0000024C0000028C000002E
:10F248006B0000000AC0000014C000003900000074
:10F25800AFC00000A3C0000087C000008BC0000042
:10F268007DC0000073C0000077C00000C40000002B
:10F27800880000005DC0000061C0000053C00000AD
:10F2880049C000004DC0000045C000002BC0000070
:10F298002FC000009E000000ACC000009EC000000F
:10F2A80023C0000027C000006700000009C000005C
:10F2B80013C0000033000000AEC00000A2C0000070
:10F2C80086C000008AC000007CC0000072C0000038
:10F2D80076C00000BE000000450000005CC00000D1
:10F2E80060C0000052C0000048C000004CC00000D0
:10F2F80044C0000008C0000012C000001600000052
:10F30800ACCC0000ADCC0000AB000000A7C00000F2
:10F3180038C00000B300000036C0000091000000B3
:10F3280091C000009BC0000097C00000ABC0000067
:10F338006DC0000071C0000067C00000AA00000096
:10F34800A6C0000037C00000B200000035C00000B1
:10F358009000000090C0000096C000009AC0000015
:10F36800AAC000006CC0000070C0000066C00000A9
:10F3780034C000008F000000FFC000009D000000A6
:10F388009DC000003D0000003500000032C00000B4
:10F398002AC000000FC000002EC0000026C00000D8
:10F3A80005C00000A1C000007BC00000C000000034
:10F3B800840000008DC0000079C0000089C00000F2
:10F3C80075C000005FC0000063C0000051C00000AD
:10F3D8004BC000004FC000003DC000009C00000072
:10F3E8009CC000003C0000002F00000031C000005D
:10F3F80029C000000EC000002DC0000025C000007C
:10F4080004C00000A0C000007AC00000BA000000DC
:10F41800410000008CC0000078C0000088C00000D7
:10F4280074C000005EC0000062C0000050C0000050
:10F438004AC000004EC000003CC000000A000000A6
:10F448000DC0000003C00000AECC0000AD000000FD
:10F45800B70000009500000093C0000099C00000AC
:10F468006FC0000069C00000AC000000B6000000DA
:10F478009400000092C0000098C000006EC0000018
:10F4880068C0000093000000ABCC0000A900000099
:10F49800A5C00000AF0000008D0000008FC0000074
:10F4A80095C00000A9C000006BC0000065C0000046
:10F4B800A8000000A4C00000AE0000008C000000FE
:10F4C8008EC0000094C00000A8C000006AC0000000
:10F4D80064C000008B00000007C0000011C00000DD
:10F4E80033C000008E00000005000000040000008A
:10F4F8000CC0000002C00000920000008A0000005A
:10F50800150000000900000006C0000010C000003F
:10F518003BC000003AC0000039C00000B500000040
:10F52800B40000002D0000003B00000002000000B5
:10F53800010000000BC0000001C00000B90000007D
:10F54800B80000002E000000B1000000B00000006C
:10F558002C00000000000000010000003C500020CA
:10F5680002000000D05000200400000000510020DC
:10F5780008000000485100201000000084510020BD
:10F5880020000000B851002040000000CC510020AD
:10F5980080000000E4510020000100000C5200200F
:10F5A800000200003C520020000400006C520020C1
:10F5B800000800008852002000100000B45200200B
:10F5C80000200000E85200200040000018530020EE
:10F5D8000080000050530020000001009C530020D0
:10F5E80000000200F0530020000004002054002016
:10F5F8000000080064540020000000000000000023
:10F60800F0000000FFFFFF0FFFFFFF0F00080000E2
:10F61800600000000A0000000C000000000000006C
:10F62800E0000000FFFFFF0FFC08000000080000DA
:10F6380080C00F4000000003190000001000000007
:10F64800E8841F4001000000FF000000FF000000E8
:10F65800000000000000000018000000100000007A
:10F66800E4841F4001000000FF000000FF000000CC
:10F6780000000000000000001F000000E5E7000097
:10F6880070C00F40000C00001100000011000000C5
:10F69800E0841F40020000002C000000120000005F
:10F6A800E0841F400100000010000000110000006D
:10F6B800DC841F40020000002D0000001200000042
:10F6C800DC841F40010000001E000000D9E7000094
:10F6D80070C00F40C00000001200000013000000BE
:10F6E800D0841F4001000000FF000000FF00000060
:10F6F80000000000000000001300000013000000DC
:10F70800CC841F4001000000FF000000FF00000043
:10F7180000000000000000001C000000CDE7000011
:10F728000101010016035500530042002000530058
:10F7380065007200690061006C0000001803540045
:10F74800650065006E00730079006400750069004B
:10F758006E006F000403090409024B00020100C097
:10F7680032080B0002020201000904000001020233
:10F7780001000524001001052401010104240206EA
:10F788000524060001070582031000100904010082
:10F79800020A000000070503024000000705840272
:10F7A8004000000009024B00020100C032080B00B3
:10F7B80002020201000904000001020201000524FE
:10F7C8000010010524010101042402060524060095
:10F7D800010705820310000509040100020A000060
:10F7E800000705030200020007058402000200006A
:0CF7F8000A060002EF02014001000100BF
:10F8040000000000000000000000000000000000F4
:10F8140000000000000000000000000000000000E4
:10F8240010B5054C237833B9044B13B10448AFF336
:10F8340000800123237010BD3897002000000000D1
:10F8440004C10100084B10B51BB108490848AFF3C7
:10F8540000800848036803B910BD074B002BFBD098
:10F86400BDE81040184700BF000000003C9700208E
:10F8740004C10100C06E0020000000000020704799
:10F8840000207047034B186810B103681B681847C1
:10F89400704700BF0CE80020704700BF2DE9F0431B
:10F8A40044F260235D4C91B0DFF884E1C150164608
:10F8B400206810AC5A4B00901B6A5A48C3F30123CA
:10F8C400056802462344046805F0807513F8407CFB
:10F8D40044F0A0430EFB07FE0360BEFBF1F0BEFB49
:10F8E400F0F7CF1B1368DC01FCD5052840F29380A8
:10F8F40000221446931C0132B0FBF3FCBCF1190F37
:10F904000CFB03F3F6D84FF00108BEFBF3F3CB1A5C
:10F91400002BB8BF5B42BB426CDB18BF4FF0000842
:10F92400ACF10C03062B03D8B8F1000F18BF144632
:10F93400BCF1050FDED8631CB7F5967FB0FBF3F07E
:10F94400A0F1050E59DCBEF1140F56D8364FE84627
:10F9540007F130093868103757F80C1CC44657F8BB
:10F96400082C08F1100857F8043C4F45ACE80F0088
:10F97400F0D10EEB4E0E10AB3868022E734479684A
:10F98400BA68B7F80CE0BF7BA8E80700A8F800E065
:10F9940088F8027013F8400C13F83F1C00F00700BD
:10F9A40013F83E3C4FEAC141204A40F480004FEA3C
:10F9B400034301F4601103F4E02341EA000143EA44
:10F9C400010343F4804343EA04641460136814BFDE
:10F9D40023F0080343F00803136045B9114B196879
:10F9E4001A4621F0805119601368DB01FCD411B070
:10F9F400BDE8F0831F46144692E7002DF7D1094B6A
:10FA040019681A4621F0805119601368D901FCD491
:10FA140011B0BDE8F083012300248DE71804002011
:10FA240000C00F4000801D401C04002004801D40C5
:10FA340040420F00002070470020704708207047A4
:10FA44002DE9F043154DB3B000270E4695F8BF30AD
:10FA540014468DF80070C3F1BE0398420BDB6B466D
:10FA6400013C19463046224614F028FE0023335543
:10FA740033B0BDE8F083C0F1BC02C0F1BD0015F89D
:10FA84000280295C684615F80890294405F8087036
:10FA940014F0E4FC05F808900346E1E718F10020AF
:10FAA40010B50C4613F082FB9FED0B7B9FED0C5BB6
:10FAB40004F0FB0480EE076B532CBBFE466BA6EEF2
:10FAC400470B80EE057B37EE060B08BFB1EE400B0B
:10FAD40010BD00BFAFF300800000000000005940DB
:10FAE4000000000000004E4010B5044614F028FD4C
:10FAF40005280DD923782D2B0AD0204613F056FB68
:10FB04009FED057BBDE8104020EE070B11F0B4BF5C
:10FB14004FF0FF3010BD00BF00000000000059404E
:10FB24002DE9F84F784D0C2278490020FFF788FF23
:10FB3400DFF83082294614220120754CFFF780FF3C
:10FB4400042274490220FFF77BFF4146142203205C
:10FB5400FFF776FF042270491046704EFFF770FFDE
:10FB6400214604220520FFF76BFF06226C4F314625
:10FB74001046FFF765FF39460A220720FFF760FFAA
:10FB84000E2268490820FFF75BFF0C2266490A2011
:10FB9400FFF756FF0A2265490C20FFF751FF0822A0
:10FBA40063490D20FFF74CFF2378302B02D00BB1B3
:10FBB4002B7843BB5F4B0022DFF8B8811A705E4C90
:10FBC4000D205E4D21780FF06BFC01212378D8F8CD
:10FBD40000E04B405A4AD8F800605A4F4B48117025
:10FBE4002370C7F800E02E60FFF77EFF564B57499D
:10FBF4001A6808602AB92A6842F001021A60BDE84E
:10FC0400F88FBDE8F88F98F80030002BD2D030463A
:10FC140013F0D0FA002853DD384613F0C7FA9FEDED
:10FC2400387BB4EEC70BF1EE10FA49D5DFF83C91FE
:10FC34003146474C052200254846DFF8388114F048
:10FC44003DFD09223946204689F8055014F036FD59
:10FC5400D8F800203F4B65721A603F480A22DFF84B
:10FC640018913E4900F108054B460C1D51F804ED6E
:10FC7400013AA3F1080344F804EDD3E914AB70E9A5
:10FC84000267C3E916AB65E90267EFD1214B1E4851
:10FC94001978FFF705FF204A314B1178314883ED7D
:10FCA400000BFFF7FDFE234AD8F8000013782E4915
:10FCB4000A2B086089ED000B81D8013313707EE7AD
:10FCC4002A49DFF8B0800B78002BC6D0214AD8F837
:10FCD400003012689B1AB3F5FA6FBED805220024CF
:10FCE4000E4814F0EBFC092219490D48747114F004
:10FCF400E5FC1F4A7C72136801331360ADE700BF53
:10FD04000000000000C05840DCF0002080EC00201F
:10FD14007CEC0020D8F00020F0F000200CF1002052
:10FD2400F49D0020B8E9002058F00020ACE9002040
:10FD340020F30020B3F50020A0F500206CF0002093
:10FD4400A6F5002088F0002064F00020C06900209F
:10FD540074F0002070F00020D896002034F20020C7
:10FD640088960020F4F000200CF2002080F000209F
:10FD740068F000204CF50020E096002010B588B013
:10FD840000230C2208AC184602A9039344F81C3D36
:10FD940002930493059306930793FFF751FE1022F1
:10FDA40016490120FFF74CFE05A90C220220FFF79B
:10FDB40047FE042221461046FFF742FE02A8FFF741
:10FDC40093FE0F4A9DF8043010601BB1204613F0D7
:10FDD400F1F903460B4A05A80B4C136013F0E6F93E
:10FDE4000A4AB7EEC00B0A49136808680133094987
:10FDF40084ED000A1360086008B010BD98F000207C
:10FE0400E0690020DC690020ACF00020B0F00020A4
:10FE14004CF50020A8F0002030B585B000230C225A
:10FE2400354904AD1846354C45F8103D019302930D
:10FE34000393FFF705FE01A90C220420FFF700FE3F
:10FE440021460C220620FFF7FBFD29460422082048
:10FE5400FFF7F6FD237883B99DF804305BBB9DF86A
:10FE640000304E2B22D0264A2649136808680133F5
:10FE740025491360086005B030BD9DF800304E2B55
:10FE840014D01E4813F092F9B5EEC00BF1EE10FA3F
:10FE940009D41A4813F08AF99FED137BB4EEC70B0B
:10FEA400F1EE10FADFDD00232370DCE70023124AB1
:10FEB40023701370D7E701A813F078F922460321C1
:10FEC40001209FED0B7B20EE070BB7EEC00B0FF06C
:10FED400F5FD9DF800304E2BE8D02378002BC2D0DE
:10FEE400CFE700BFAFF300800000000000006940CE
:10FEF4006F1283C0CAA1FD3F70F500205CF500209D
:10FF04006CF500204CF5002068F5002010B50D4874
:10FF140005F028FAA0B1044602460B49094805F049
:10FF2400C3F90A4B22460849186803685B68984776
:10FF3400074B08491A6809681444074A1C60116091
:10FF440010BD00BF9099002054970020645C0020ED
:10FF54001CE800204CF50020C4E60020104A11499A
:10FF6400136808681268096802F07F02C1F303612C
:10FF740001320431B2EB410F10D303F07F03C0F31D
:10FF84000360053B0130A3EB4000C3B2044A106890
:10FF940000F07F000130C01AC0B270470023F5E7BB
:10FFA40000801D4034801D40034901220B6802FA81
:10FFB40000F003430B60704730801D4070B5027839
:10FFC40084B00346002A2FD004460021514014F87F
:10FFD400012F002AFAD10E1101F00F041448C82190
:10FFE400144A056814482C5D0194AC5D009414F027
:0CFFF40009F8124B1B78ABB1114B02A9AD
:02000004600397
:10000000114A5C68114B128811480293039405F061
:1000100011F90A4814F096FA084902460C4805F00E
:100020001DF90B4805F00EF904B070BD14461646D4
:10003000D6E700BF54670020D81100207CE80020DC
:1000400092F5002054990020006A002068070020E3
:10005000C099002070B5044608460D4614F072FAA7
:1000600023680246294620465B68BDE87040184771
:1000700038B5044608460D4614F064FA2368024673
:10008000294620465B689847054620460EF064FCEA
:10009000284438BD38B505460EF0B6FC044628465F
:1000A0000EF05AFC204438BD2DE9F0419FED680A5E
:1000B00082B0022010F028F89FED650A032010F0AE
:1000C00023F8022122200FF0F9F9022120200FF05D
:1000D000F5F9022125200FF0F1F9012104200FF09C
:1000E000EDF9052129200FF0E9F9052118200FF07D
:1000F000E5F958480DF066FD56481BF0FBFB5648E5
:1001000004F052FD002853D01121544811F0A8FAF0
:100110005348544F0EF020FC534C00200FF064FA6B
:10012000207001200FF060FA6070B4F90030B3F570
:10013000166F48D04FF4166302A80422002140F83D
:10014000043D0FF0E1FB10220A2148480FF0DCFBD0
:10015000DFF818810D22282145480FF0D5FB032236
:100160003C2144480FF0D0FB98F80110F0EE086AEB
:1001700098F80530404A5B1A4049127807EE903AE9
:10018000F8EEE77A87EEA67A81ED007A1AB9384B55
:100190001B79002B57D13B78002B3AD121213848CD
:1001A00011F05EFA2E480EF0D7FB02B0BDE8F081E8
:1001B0000446152133482B4F11F052FA28480EF00F
:1001C000CBFB3C70A8E7304C04F1010804F11006A9
:1001D000C8F10B0528190FF007FA04F8010FA64221
:1001E000F8D1234D2824204601340FF0FDF905F8FD
:1001F000010B352CF7D11F4C3C200FF0F5F9207086
:100200003D200FF0F1F960703E200FF0EDF9A07085
:10021000AAE728211D4811F023FA11480EF09CFB93
:1002200000210C200FF03EF901210B200FF03AF9CC
:100230008021094804F0B6FC0021074804F0AEFC18
:1002400002B0BDE8F081012103200FF037F9A2E7E9
:100250000000F543AC5D0020A0E90020E41100207F
:10026000345B00207A6A002080F500204C6A002070
:100270003C6A0020F8690020ACF5002094F00020D2
:100280003C120020F81100204B6A002010120020C0
:10029000F0B50B4C83B0526805460E46094F0192EB
:1002A00069461A462046009704F0C4FF32462946A4
:1002B000204604F0D3FF204604F0C4FF03B0F0BD95
:1002C000609900206807002000000000B74B1B78F1
:1002D00003B970472DE9F043B54C89B0204605F0CD
:1002E00043F880B2D0B1B34E0428B34A3168B34B5F
:1002F0001160277D657DA17DE27D1F705D70997025
:10030000DA700BD9AE4D18222046294604F0CEFFF4
:100310002B78802B02D16B78812B02D009B0BDE8FD
:10032000F083AB787F2BF9D1EB78FE2B63D0FC2BDD
:1003300000F07E81FB2B00F0C781C82B00F03982D2
:10034000C92B00F04C82CA2BE8D12A799C4B032A96
:10035000E4D15A79CA2AE1D19B79CA2BDED1994BD3
:10036000002294F814C04FF0800E1D788127D978B0
:10037000CB268DF8155010469D7893F801801723F1
:100380008DF812108DF8181007218DF8175004AD54
:100390008DF819C094F815C0A47D8DF816808DF8DD
:1003A0001AC08DF81B408DF810E08DF811708DF893
:1003B00013608DF814108DF81C30AB1801329B7847
:1003C0000A2A03EB0004A4B220B2F6D1FF267E4F26
:1003D000284642F20F7302AA0D218DF81C400297A5
:1003E0008DF80C608DF80D608DF80E608DF80F6043
:1003F000FFF74EFF92E7754B1B78002B8ED095F9D7
:1004000009202B7AB5F8051043EA0223376807EE76
:10041000101A6F4906EE103AEB79B8EEC77B0A78EE
:10042000B8EEC66B6B4CD61A6B48276018BF012616
:100430000B706A4F6A496B4C3A7026709FED574BB0
:100440009FED585B26EE046B27EE057BB7EEC66B7F
:10045000B7EEC77B80ED006AD80781ED007A40F1E6
:10046000ED81B7EEC77AB4EEC57BF1EE10FA00F17C
:10047000E5815D4B1B78012B00F0E0815B4B002296
:100480001A705B4927239FED5B7A0F22D1ED007A2A
:10049000B820594C222167EE877A584E2372584B68
:1004A000FDEEE77A574FE2711A78CDED017ABDF98A
:1004B0000430B6F800C097F900E01E126371A6710F
:1004C000BEF1020F504E6072AF7AA172E2724F49D4
:1004D000E87A2A7B4E4B84F80CC0377008701A708B
:1004E00040F3DE810222002013460133A25CDBB21E
:1004F0001044734500B21A46F7DBDFF8308104ADD3
:10050000444F0E21D8F804602A46DFF8BC9004F866
:100510000E003B8838480596CDF81090FFF7B8FEDE
:100520003D4B1A7A1AB95B7A002B3FF4F7AE3B4C7D
:1005300023785A1C022B22707FF6F0AE384B394AD2
:10054000D3ED007A92F90060FCEEE77ADFF8D8E0AC
:10055000022E17EE903A8EF8053040F3A381022266
:100560004FF0000C134601331EF80220DBB2624448
:10057000B3420FFA82FC1A46F5DBD8F804002A468B
:100580003B880E21059028480EF806C0CDF8109043
:10059000FFF77EFE00232370C0E600BF7B14AE474A
:1005A000E17A843F9A9999999999B93F92F50020F7
:1005B000609900204CF5002018E8002010E8002089
:1005C000D0E900205C990020680700207A6A0020AA
:1005D000A8F5002090F0002030F30020B4F50020B2
:1005E0008CF00020A9F50020846A0020866A002093
:1005F00028F300200000C842245B002086F500207C
:10060000C0F500207C6A0020C2F50020B9F500206A
:10061000BAF50020006A00203C6A00209EF5002008
:1006200004F300207B6A0020145B00205499002012
:10063000A24B1B78002B3FF471AE287A10222B7B43
:100640000A2107EE900A9E4C06EE103A6B7AB8EE3D
:10065000677AEF7A05EE903AB8EE466AAB7AB7EE73
:10066000C77A6E79F8EE655A43EA0723B7EEC66A91
:10067000AD796380C4ED025A207120462670657101
:100680009FED8A4B9FED8B5B27EE047B26EE056B7F
:10069000B7EEC77BFCEEC77AB7EEC66B17EE903AA3
:1006A00084ED036A63700FF02FF96379F0EE086A46
:1006B0006178844A5B1A07EE903AF8EEE77A87EEA3
:1006C000A67A82ED007A29E66A797F4BD1074CBF82
:1006D00001210021197002F0020101F0FF00002940
:1006E00000F0AA800121597002F0040101F0FF001E
:1006F000002900F09F800121997002F0080101F0AB
:10070000FF00002900F094800121D97002F010014F
:1007100001F0FF00002900F089800121197102F029
:10072000200101F0FF0000297ED00121597102F063
:10073000400101F0FF00002974D0012199711206D7
:10074000A9794CBF012200229972DA712A7A5E4996
:1007500012F0010018BF0120C87202F0020101F07E
:10076000FF0000295CD00121197202F0040101F0A0
:10077000FF00002952D00121597202F0080202F054
:10078000FF01002A48D001221A734F4C0D22282164
:1007900020460FF0B9F84D4B1B78002B7FF4BEAD0F
:1007A0002379002B3FF4BAAD012103200EF086FE21
:1007B000B4E5424B1B78002B44D1DFF8449104ADE3
:1007C000DFF84081424FD8F804402A463B880B218D
:1007D00040480594CDF81090FFF75AFD9EE52A7920
:1007E0003D4B052A7FF49AAD5A79C92A7FF496AD1C
:1007F0009A79C92A7FF492AD384C0322DE793C21E4
:100800001D7A20465B7A2670A37065700FF07CF825
:10081000334B344A1A6081E51973B6E75872ACE776
:100820001872A2E798718AE7587180E7187176E725
:10083000D8706BE7987060E7587055E72A4B6622CE
:100840001A701EE6294B04AD9FED297A0B21D3EDDA
:10085000007A2A46274B67EE877A274CB3F90000C7
:10086000264BFDEEE77A2678D8710412DFF89480E3
:10087000CDED017ABDF90400154F4FEA202E1C7210
:10088000DFF87C90D8F804405871184683F806E0E9
:100890005E723B880594CDF81090FFF7F9FC92E763
:1008A00000202AE64FF0000C67E600BF33333333F5
:1008B0003333F33F7B14AE47E17A843F7A6A0020FA
:1008C0004C6A002094F000203C6A0020ACF5002027
:1008D000006A0020D0690020D0E90020F8690020DB
:1008E0000CED00E00400FA05866A002028F30020E1
:1008F0000000C84282F50020C0F50020C469002035
:100900006807002054990020364BB0EE086A36483C
:10091000D3ED006A354BFDEEE67A354910B417EE9B
:10092000904A027883B0002C07EE102A314AB8BFF3
:100930006442B8EEC77A07EE904A27EE267AF8EEC0
:10094000E77AFDEEC76A83ED007AF4EEC67AC2ED6F
:10095000007ACDED016AF1EE10FABDF904300B809A
:1009600031D54278002B07EE102A234AB8EEC77A19
:10097000D2ED006AA7EEA67AFDEEC77ACDED017A38
:10098000BDF9042022DB03D0007903441BB20B80A5
:100990009A4201DA13460A8052429342174BB8BF7B
:1009A0000A809A7812B10A8852420A80DB7A33B1FF
:1009B000B1F9003013F1FA0F0DDA41230B8003B0C7
:1009C0005DF8044B7047002B4279DCDA00791B1A82
:1009D0001BB20B80DCE7FA2BA8BFFA239B108033F5
:1009E0001BB2EBE72CF300204C6A002014F100202E
:1009F00088F5002078EC002094F000203C6A00206C
:100A000010B50A4C00224FF4E13120680DF0CAFB0A
:100A100020684FF4007206490DF040FD20684FF445
:100A200000720449BDE810400DF01EBD685C002056
:100A3000B0E40020B0E20020042970B41CD0841C73
:100A40000D1F4FF6FF720E4E254414F8013B534024
:100A5000AC42DBB236F8133083EA1222F5D10144FE
:100A600011F8010C11F8023C03EB0020801AB0FAD7
:100A700080F070BC400970474FF6FF72EFE700BF8F
:100A80006C0700202DE9F8435A4D5B4C2E46DFF8E9
:100A9000A4815A4F286803681B699847002800F012
:100AA0008E80306803685B6998472378C0B2524AE9
:100AB000032B63D8DFE803F06D68580298F800C094
:100AC000DFF858E10CF101014D4B9EF800E0C9B28E
:100AD00003F80C000EF1040088F8001088424DDA8B
:100AE00000214648117099780023DFF814910531F0
:100AF00003704846C9B2FFF79FFF002861D0414A02
:100B00000121414B1068414A186099F80330117077
:100B1000162B5BD0232BBDD13D4B99F80B2099F8B8
:100B20000C101A70597099F80D2099F80E109A70DF
:100B3000D970384A99F80F3099F810101370517025
:100B400099F8113099F812109370D170324B99F8CE
:100B5000132099F8140099F815101A7099F81620B6
:100B600058709970DA7095E72C490322244B3B2882
:100B70000870987088F8002012DC22703B781F48BB
:100B8000002B87D01E4BAEE7552813D000232370CF
:100B9000F4E7AA28F2D11A4B012218702270EDE76F
:100BA000002318211E48237010F05AFD1D480DF037
:100BB000D3FEE3E7124B022258702270DEE7BDE855
:100BC000F883194A13680133136063E799F8112019
:100BD00099F80B10154B02F00702154819700270B6
:100BE00099F80D1099F80C0099F80E20587099702A
:100BF000DA704FE7685C0020B0F50020A7F5002010
:100C0000009E00204CF50020B4E6002095F5002061
:100C1000ACE20020A8E00020BCE60020AFF50020F8
:100C200060120020345B0020B0E60020B8E600200F
:100C3000B7F50020B2F500202DE9F0411E4F0E4619
:100C40001E4C3860FFF7DCFE1D4A00232068B846C2
:100C50001C4910601C4A0B7013701C4D1C491D4A26
:100C60002B700B70137004E0D8F8000003685B6908
:100C70009847386803681B6998470028F4D1C82052
:100C80000EF076FB27682368DB1B9E4206D80EE039
:100C90000EF06EFB2368DB1BB34208D2FFF7F2FEB7
:100CA0002B780120002BF3D01846BDE8F0810023FB
:100CB0001846BDE8F08100BF685C00204CF50020BC
:100CC000B4E60020B0F50020AFF5002095F5002037
:100CD000B2F50020A7F50020F0B52C2183B06748BD
:100CE00010F0BEFC66480DF037FE4FF47A6200212A
:100CF000644804F09FF804F0DDF9002800F09080CB
:100D000004F0C8F9022800F0B0805F4B5F48604CE7
:100D100019785D789A78037821706570A270002B3D
:100D20007BD178200346E0705A4E5B488DF8041062
:100D300069468DF806208DF807308DF8055000962D
:100D400004F0C8F91421554810F08AFC4C480DF005
:100D500003FE1121524810F083FC684604F0ACF900
:100D6000474968464F4D0DF0DDFC45480DF0F4FD58
:100D70004FF0010EA278FF232778192166784A48A0
:100D8000AA7180F800E0EB7148482F716E7110F085
:100D900067FC684604F090F939496846444C0DF008
:100DA000C1FC37480DF0D8FD1821424810F058FC1E
:100DB000334928460DF0B6FC31480DF0CDFD1A211F
:100DC0003D4810F04DFC3D4900230A2209682C489B
:100DD0000DF0DAFD2A480DF0BFFD2188384804F0F7
:100DE000D3F930BB374C3848218804F0CDF970BBBB
:100DF000364C3748218804F0C7F960B136213548B0
:100E000010F02EFC216800230A221D480DF0BCFDC5
:100E10001B480DF0A1FD03B0F0BD7E23E37083E716
:100E200030212D4810F01CFC15480DF095FD03B045
:100E3000F0BD2521294810F013FC216800230A2267
:100E40000F480DF0A1FD0E480DF086FDCAE72621E2
:100E5000234810F005FC216800230A2208480DF001
:100E600093FD07480DF078FDC2E73B211D4810F0C7
:100E7000F7FB03480DF070FD47E700BF7C12002030
:100E8000345B0020E4690020F86900207A6A0020C1
:100E90005C99002068070020F09900201C130020B6
:100EA000341300205499002092F5002048130020AC
:100EB000046A00206413002080130020006A0020D0
:100EC000C0990020085B002090990020045B00205E
:100ED00060990020EC130020AC1200209C1300202D
:100EE000C4130020E0120020F8B5144C254603E09E
:100EF000286803685B699847206803681B699847FE
:100F00000028F5D10E4F4FF0FF360E4D0E4C0F4915
:100F10000F4A104B387028702070087010701870CD
:100F20000D4F0E4D0E4C0F490F4A104B38602E607E
:100F30002070086010701860F8BD00BF645C00206D
:100F4000A6F5002080F0002074F00020B3F500200A
:100F50005CF5002070F5002068F50020E0690020B5
:100F600098F00020A8F00020AAF5002064F00020EE
:100F7000000000002DE9F041A74D2C782DED068BE7
:100F8000C2B0002C00F01681A44E40F6B730A44B3E
:100F900032681B68D31A834200F21181A1492346AB
:100FA000A6460968A04880F800E0002940F01F81AB
:100FB00000279E490968002904DB9D48006881429A
:100FC00000F0F4819F422CBF74464EF0010414F0EF
:100FD000FF0440F0BA81974AB421974B15A80992B3
:100FE0000893964A964B07920693964A964B05921B
:100FF0000493964A964BDFF8D4E203920293954A03
:10100000954BCDF828E001920093944A944B12F04E
:10101000FBFF15A8FEF7D4FFDFF8B48200232D22D2
:101020000D930C930E930F931093119388F8002057
:1010300027B18C490B78002B40F050818A4B1B78EC
:101040000A2B0AD9894A40F6C4111368976ADF1B34
:10105000A7F5FA738B4240F26882DFF878E215AFA9
:10106000DFF864C24FF00008BEE80F00DEF800E0D1
:10107000CCF800800FC715A8C7F800E0FEF7A0FF66
:10108000002C00F05B817A4B00217A481B687A4C77
:101090007A4F0278236039701AB1043B012B40F279
:1010A000F883774A15AB07CA03C31A7015A8FEF771
:1010B00087FF744B1B78002B00F05381724A336812
:1010C00012689B1AB3F5967F80F04B816F4901221D
:1010D0006F4C3B78D1ED007A2270002B40F06A8192
:1010E0006C4A6D4BD2ED005A1B7867EEA55A6B4ADD
:1010F000127B002A00F0538169496A4A91ED005A37
:1011000092ED006A002B00F04781674BD3ED007A27
:1011100077EEA57A9FED657AF4EEC77AF1EE10FAD4
:1011200006DB77EEC77AF4EEC77AF1EE10FAF8DA5A
:10113000F5EEC07AF1EE10FA08D59FED5C7A77EE05
:10114000877AF5EEC07AF1EE10FAF8D49FED587A6E
:10115000F4EEC77AF1EE10FA80F21981B7EEE73AB1
:10116000B7EEC66ADFF870E1B7EEC54A514ECEED74
:10117000007AB42186ED005A15A8394B4E4A8DED00
:10118000003B8DED046B8DED024B12F03DFF15A879
:101190003A4EFEF715FF39780A200EF083F92378CE
:1011A000002B40F0ED80454B092019780EF07AF9BC
:1011B00000232B7042B0BDEC068BBDE8F081194BCB
:1011C0001968E1B1531A834219D83D4B1B68002BB3
:1011D00000F0FA81D31A834240F2558323464FF040
:1011E000000E114880F800E000293FF4E1AE3548D8
:1011F0000068091A1D31FFF6DBAE2746D9E6304BF1
:101200001B68002BEBD0D31A40F6B730834200F2B4
:10121000D981A6460023C5E6A6F500204CF500209E
:1012200064F0002068F50020AAF50020E0690020A5
:10123000C0690020ACE9002058F00020B8E9002087
:10124000F49D00200CF100207CEC0020F0F0002048
:10125000F4F00020D8F00020DCF00020241400205E
:1012600080EC00205CF50020B3F500200CF200209B
:10127000DC69002098F0002074670020A3F50020AE
:10128000C414002095F50020B4E60020BCE6002040
:10129000A4F50020746A0020AEF500203C6A00200E
:1012A000A8E00020ACE200207CF500200000B44360
:1012B0005CFFB343D0F0002090140020A0F5002084
:1012C000A8F000206CF00020D4F0002020F30020D3
:1012D000836A002070140020CCF000200FA813F0C7
:1012E000BFF8C6490CA813F0BBF876229DF83C3035
:1012F00088F80020002B3FF4B0AE0FA812AF11F019
:1013000057FFF7EEC07B9FEDBE0A3A46BD4B032167
:1013100087EE800A0120C3ED007A0EF0D1FB0FAA00
:1013200000970CABB421019215A8B74A12F06CFEDD
:1013300015A8FEF745FE002C7FF4A5AEB34B4FF089
:10134000FF32B34F1A603C70ABE60024B14B1B6810
:10135000D21A3B2A3FF63FAE42B0BDEC068BBDE849
:10136000F081AD4C00260022AC4B2670B421AC4E6F
:1013700015A81A603260AB4BAB4A12F045FE06E787
:101380003178092081F001010EF08CF810E79FED13
:10139000913BDFEDA67AE3E6DFEDA47AB8E6A44957
:1013A000A44A91ED005A92ED006AABE69F42BFF469
:1013B00012AECBE7A048A14E017896ED007A002945
:1013C00040F062819E490E78002E00F052829D4AC4
:1013D0009FED9D6AD2ED006A77EE666AF4EEC66A0A
:1013E000F1EE10FA08DDDFED995A76EEE56AF4EEDB
:1013F000C66AF1EE10FAF8DC9FED956AF4EEC66A63
:10140000F1EE10FA08D5DFED915A76EEA56AF4EE0A
:10141000C66AF1EE10FAF8D4F0EEE64AB2EE006ACF
:10142000F4EEC64AF1EE10FA00F12E818949DFEDA3
:10143000865A91ED006A37EEC66AB4EEE56AF1EEBF
:1014400010FA08DD9FED815A36EE456AB4EEE56A82
:10145000F1EE10FAF8DCDFED7E5AB4EEE56AF1EE5B
:1014600010FA08D59FED795A36EE056AB4EEE56AB2
:10147000F1EE10FAF8D4DFED785A82ED007AF4EE4E
:10148000E54AC1ED007AF1EE10FA00F3FD80DFEDE0
:10149000735AB0EEC65A64EEA55AB4EEE55AF1EEB0
:1014A00010FA00F1F180F0EE085A64EEA55AB4EE9D
:1014B000E55AF1EE10FA00F3E78066EE266A684E10
:1014C000684AD6ED005AF5EEC06A92ED006AF1EE78
:1014D00010FAD4BFF1EE646AF0EE646A74EEA54AC5
:1014E00076EE866A9FED606AC6ED004AF4EEC64A63
:1014F000C2ED006AF1EE10FA40F3C6809FED5B6A20
:10150000F0EEE65A24EE866AF4EEC65AF1EE10FAD0
:1015100040F3E481F5EEC06AF1EE10FA00F1EC81DF
:101520005349544A01260670B0E0534B9FED2B0BF4
:1015300093ED007B93ED14AB9FED2A8B27EE000B10
:1015400037EE4AAB10F04AFA4C4B93ED146B93ED27
:10155000007B2AEE08AB37EE467B27EE088B28EEA1
:10156000008B28EE080BAAEE0A0BB1EEC06BB4EEAE
:10157000466BF1EE10FA40F0C88107EE907ADFED8D
:10158000405AB8EEE77B9FED192B9FED1A4B87EE83
:10159000023B86EE037B27EE047BB7EEC79BB4EEDF
:1015A000E59AF1EE10FA40F1F9800FAA032101202B
:1015B0009FED1E0A0EF084FA70229DF83C3088F8E8
:1015C000002097E600230AE62E489E460370234635
:1015D0000DE600BF0000000000000000399D52A28F
:1015E00046DF913F66666666AE25FB400000000060
:1015F00000408F40C669882AFC19FF3F70F5002023
:10160000560EED3FD4F000205414002074670020E3
:10161000A3F500206CF00020A4F50020D0F00020FD
:10162000CCF0002080EC0020B0140020000000006E
:10163000ACE20020A8E00020CBF500205CEC00200C
:10164000BEF5002010F30020000034430000B44336
:10165000000034C314F300200000B4429A99993E6C
:1016600018F300200CF30020000070423333333FA6
:10167000746A0020AEF5002088960020E0960020D5
:10168000CDCCCC3EAAF50020A649A74AD1ED005A00
:10169000117867EEA55A37EE657A002900F0C3800D
:1016A000A24ADFEDA37AD2ED006A37EE667AB4EE95
:1016B000E77AB0EE476AF1EE10FA08DD9FED9D5A29
:1016C00036EE456AB4EEE76AF1EE10FAF8DCDFEDCB
:1016D0009A7AB4EEE76AF1EE10FA08D59FED955AC2
:1016E00036EE056AB4EEE76AF1EE10FAF8D4B0EE21
:1016F000C66ADFED8F7AB2EE044ADFED904AB7EEAC
:10170000005AB4EEC46AF1EE10FAB4EEE77AD8BF2C
:10171000B0EE645AF1EE10FA08DD9FED866A37EEFE
:10172000467AB4EEE77AF1EE10FAF8DCDFED827A71
:10173000B4EEE77AF1EE10FA08D59FED7E6A37EE47
:10174000067AB4EEE77AF1EE10FAF8D4E7EE056A1D
:10175000DFED777AF4EEE76AB0EE667AF1EE10FA32
:1017600008DDDFED746A37EE667AB4EEE77AF1EE03
:1017700010FAF8DCDFED707AB4EEE77AF1EE10FAE9
:1017800008D5DFED6C6A37EE267AB4EEE77AF1EE33
:1017900010FAF8D40B4682ED007AA8E4B0EE480BBC
:1017A000B0EE4A1B10F0BAF9DFED626A9FED597B8B
:1017B0009FED5A5B20EE070B80EE057BB7EEC78BE3
:1017C000B4EEE68AF1EE10FA08DBF0EE667A38EE57
:1017D000678AB4EEE78AF1EE10FAF8DAB5EEC08A5D
:1017E000F1EE10FA08D5DFED537A38EE278AB5EE20
:1017F000C08AF1EE10FAF8D49FED510A0FAA032126
:10180000012029EE000A0EF05BF9B5EEC08AF1EE78
:1018100010FAFFF6D1AEB0EE480A0CAA0221012060
:101820000EF04EF9C8E6DFED427AB4EEE77AF1EE5B
:1018300010FA08DDDFED3F6A37EE667AB4EEE77A3C
:10184000F1EE10FAF8DCDFED3C7AB4EEE77AF1EE77
:1018500010FA08D5DFED376A37EE267AB4EEE77A6C
:10186000F1EE10FAF8D43148012180ED007A1170C0
:101870003DE40A703348344A80ED007AC2ED007AC4
:101880002849294A02E7314801272346A64607701E
:10189000ADE411F08DFCB7EEC00BB5EEC00AF1EE71
:1018A00010FA16DBDFED237AB4EEE70AF1EE10FA58
:1018B0000FD8A8BF9FED260A0123264A3B7082ED70
:1018C000000A254BB421254A15A812F09DFBFFF70D
:1018D000EDBB3B78002BF4D1FFF7E3BBDFED156ADE
:1018E000F4EEE64AF1EE10FA7FF7CEAE00200D4995
:1018F000106030600C4AC9E6DFF864E00026094950
:10190000094AC1F800E016700CE610F00BF9B0EED1
:10191000406B32E60000000000806640182D445401
:10192000FB210940746A0020AEF500207CF5002000
:10193000000034430000B443000034C3CDCC4C3D20
:10194000560EED3F10F3002014F30020AAF50020FE
:10195000000000005CEC002098F0002084140020BF
:10196000000080BF9C4BF0B51B7883B09B4C256872
:10197000002B40F069819A4B1968002900F007811B
:101980006B1A41F2873293428CBF00230123954AA0
:101990005068834202D0206853609060126891487A
:1019A0009A4205D022688668921BB2F57A7F64D28B
:1019B0008D4B1968002971D06B1A41F2873293421E
:1019C0008CBF00230123894A5068834202D02068DB
:1019D00053609060126885489A4205D022688668F4
:1019E000921BB2F57A7F5BD2814B1B6843B1EB1A35
:1019F00041F28732934200F2D9807E4A012313706C
:101A00007D4A5168994202D0216853609160126802
:101A100079499A4205D022688868121AB2F57A7F0D
:101A20004CD2002B4DD1754B1B7843B1744A2368BF
:101A300012689B1AB3F5967F2CBF00230123714ACD
:101A400051688B4202D021685360916012686D49E1
:101A5000934210D022688868121AB2F57A7F0AD3AE
:101A60000B60002B40F031813F2167480FF0F8FDFB
:101A700066480CF071FF03B0F0BD0360002B40F02E
:101A80002D81002994D0212161480FF0E9FD5F48A4
:101A90000CF062FF544B196800298DD10B4692E778
:101AA0000360002B40F0448100299DD02921594832
:101AB0000FF0D6FD55480CF04FFF95E70B60002B5B
:101AC00067D0554811F078FB544B06465A6882425D
:101AD00002D0226858609A601B68504A9E4206D025
:101AE000236891685B1AB3F57A7F80F031814C4BA3
:101AF0001A7832B1002E04DD4A4E3278002A40F0C6
:101B00006E81494B1B6833B1EB1A41F28732934225
:101B10008CBF00230123454A51688B4202D02168C3
:101B200053609160126841499A4205D022688868E2
:101B3000121AB2F57A7F3BD23D4B1B6823B1ED1AE6
:101B400040F6B7339D423FD900253A4B5A6895423B
:101B500002D022685D609A601B68364AAB423FF44F
:101B600062AF236891685B1AB3F57A7FFFF45BAFCD
:101B7000022D156000F06281012D00F01D81882189
:101B80002D480FF06DFD21480CF0E6FE4BE70B46AB
:101B9000FDE6184B1B78002B3FF445AF2E2127485C
:101BA0000FF05EFD19480CF0D7FE3CE7002327E755
:101BB0000B60002B00F0C480332121480FF050FD52
:101BC00012480CF0C9FEB7E71E4B1B78002B0CBF68
:101BD00001250225B9E700BF92F500204CF5002051
:101BE00018E800206C610020C4E600209C61002001
:101BF0006CF000209AF50020B461002095F50020DB
:101C0000B4E60020A861002064180020345B0020A6
:101C100098150020F81500207CEC00207861002049
:101C20007E6A0020DCF0002068F50020C061002002
:101C3000A8F000208461002094170020A418002040
:101C400080160020A3F5002003F024FAA0F1010281
:101C50008E4B0646B2FA82F259685209914202D07E
:101C600021685A6099601B68884993423FF483AEAB
:101C7000236888681B1AB3F57A7FFFF47CAE012EC7
:101C80000A6040F0A180262181480FF0E9FC6846F7
:101C900003F012FA68467F490CF044FD0D217E489E
:101CA0000FF0DEFC7B497D480CF03CFD31467C4862
:101CB0000FF0D6FC7B4900230A22096875480CF016
:101CC00063FE74480CF048FE55E6402176480FF05C
:101CD000C7FC70480CF040FE03B0F0BD734E2121EC
:101CE00073480FF0BDFC317800230A2269480CF0DC
:101CF0004BFE2E200FF09EFC717800230A226548CF
:101D00000CF042FE2E200FF095FCB17800230A2241
:101D100060480CF039FE2E200FF08CFCF178002387
:101D20000A225C480CF030FE5A480CF015FE3FE6E3
:101D3000392160480FF094FC56480CF00DFE53E634
:101D400049215D480FF08CFC52480CF005FEF3E68B
:101D50000E215A4816600FF083FC052E3CD8584BD4
:101D600053F82670384612F0EDFB01463846554FC1
:101D70000FF076FC062154480FF072FC31464548BE
:101D80000CF042FE022151480FF06AFC504812F05C
:101D9000D9FB01464E480FF063FC0B214D480FF074
:101DA0005FFC3B78002B60D101214B480FF058FCC1
:101DB00038480CF0D1FD9AE6612148480FF050FCFC
:101DC00034480CF0C9FD2EE62C2145480FF048FCA4
:101DD00030480CF0C1FDCEE50521424FC6E7002298
:101DE0001D2141481A700FF03BFC404B30461978DA
:101DF000FDF758FE072127480CF014FE0221334856
:101E00000FF02EFC3A4B3B481978FDF74BFE0721AB
:101E100020480CF007FE0B2137480FF021FC374813
:101E200012F090FB014635480FF01AFC02213448AD
:101E30000FF016FC17480CF08FFD62E6314D2F2194
:101E400031480FF00DFC296812480CF0DDFD2868C0
:101E50002E4A17212E4B042814BF104618460FF0A7
:101E6000FFFB0C480CF078FDDDE5112129480FF04F
:101E7000F7FB384612F066FB014638460FF0F0FBE0
:101E8000022125480FF0ECFB8EE700BF9061002097
:101E900008150020345B00203015002054990020E4
:101EA00040150020006A00202018002010E80020C3
:101EB00074150020BC150020B4160020D418002092
:101EC0003C060020ACE90020241600202C1600203F
:101ED0000CF1002030160020F415002030170020EF
:101EE00044150020D014002050160020D8F0002007
:101EF000F0F00020F4F0002070160020B8E9002077
:101F00007C1600207467002000170020F0140020C9
:101F1000D81400203C160020D0180020A74B002227
:101F2000A7492DE9F04F064685B018687260039006
:101F30000B6AB260C3F30123F260326104AA134456
:101F400013F8043C002B00F05D819D4944F25C20B5
:101F50009A249C4B9C4A44F2652E34504FF0030C5B
:101F6000C3F8A8221924D1F8843041F2B000974A6E
:101F7000002743F47073964DC1F88430954B06F8F2
:101F80000EC0C2F8A4401946C2F89402C5F88C737A
:101F9000C2F8A840C2F898021A6822F000421A60FB
:101FA0001A6842F0A0421A600B688A4ADB01FBD52E
:101FB00089481146036843F008030360136843F03F
:101FC000804313600B68834ADF02FBD41168134619
:101FD00041F0007111601A6812F00072FBD17D4867
:101FE00001687C4BCD01FBD5196818467B4C41F448
:101FF00000311960196841F480311960196841F4A1
:1020000080511960196841F400511960196841F450
:1020100080011960196841F400211960196821F4E0
:1020200008411960216841F4E0212160196841F4F8
:1020300000111960196841F0806119601F68196802
:1020400007F0807441F0A041009419600368614971
:10205000DC01FBD50C680023DFF8A0C10D4624F09D
:1020600000545F4F18460C601C46CCF800303B60B3
:102070000B685C4B00F1010C5B494FF00009034415
:10208000544F01445FFA8CF01B018900DC609C60B6
:102090005C601C600C602B6803F07F030133984286
:1020A000E7D3524D4C46524B4FF00068DFF850C119
:1020B0004FF0010BC5F800903D46C3F80090DCF8E6
:1020C0000030DFF818A119464A4BD3F80090CCF83D
:1020D000001044EA09004249DFF8209118603B688B
:1020E0001EE02B6803F07F030133B2EB930F34BF84
:1020F0004FF080634FF08C630360DAF8003013F424
:10210000803318BF4FF08043CEF800302B68013485
:10211000304803F07F03E4B2013322469C421AD2D6
:102120002B68304803F07F032F4F204401332744AE
:102130000001B2EB530F4FEA870ED2D3C0F80080F4
:102140002B68980028D41F2C0BFA04F22BD80B68AC
:1021500013430B60DAE7009B3BB90368024623F0A8
:10216000805303601368D901FCD41A4B19681A46CE
:1021700021F0805119601368DB01FCD444F25C2328
:1021800001221D49F35803F01F005B09824041F80A
:10219000232005B0BDE8F08F0191FDF7E1FE8442F8
:1021A0000199B3D3CFE7A4F12003D9F800200BFAAB
:1021B00003F31343C9F80030A8E700BF1804002058
:1021C00000C00F40006C00208500000000801F4010
:1021D00000841F4000801D4004801D4034801D404D
:1021E00028801D4008D801042062071048801D4047
:1021F00010801D4030801D4000E100E024801D4023
:102200002C801D400B6A0D4A23F47F73106843F441
:1022100080730B6200283FF498AE01F55C2144F214
:102220006022036804315B68096811F0080FB15837
:1022300014BF02220022984787E600BF0CE8002066
:1022400010B50B4C2046FFF769FE204600220949D5
:10225000FDF726FB4FF47A700DF08AF81721064837
:102260000FF0FEF90548BDE810400CF075BB00BF4B
:10227000409E002090D00300E4180020345B002032
:102280001F2938B50D46144634D91C49A5F1200044
:1022900001230A68834013430B60194B4FF0006120
:1022A000E2792B441B011960BAB1217A2268002916
:1022B00022F0604214BF4FF4E0014FF4C0015A60B5
:1022C000E06800BA9860206900BAD860E27A41EA12
:1022D000024242F040621A6038BD2268207A9104BE
:1022E000084A002802EA01020CBF00214FF48011C5
:1022F0005A60E5E70846FDF759FECEE72C801D4001
:1023000008D801040000FC1F43F25073C358DB00DF
:102310004BD5414B2DE9F0431E680025C6F30366FB
:10232000F600083605EB450E43F2507200EBCE0482
:10233000224413685B0F012B0DD013685B0F022B37
:1023400028D013685B0F052B31D00135B542E9D198
:102350000020BDE8F083176817F4607FF5D043F2E2
:1023600054773C59A14253D094464FEA4E0EDFB207
:10237000DCF800207B1CC2F3C2120EEB0304974270
:1023800004F6D454E1D250F82440A142EFD1012008
:10239000BDE8F08343F254731B598B42D5D843F206
:1023A00058731B599942D0D8F1E701207047136840
:1023B00013F4607FC9D043F2647C43F25473A444A5
:1023C0002344DCF800401F68DCF800300C403B4040
:1023D0009C42DCD04FEA4E07012314680133C4F35A
:1023E000C214DBB2013407EB030EA3420EF6D45E37
:1023F000ABD2DCF8008050F82E90DCF8004001EA07
:10240000080E09EA0404A645E7D10120BDE8F083DF
:102410001846BDE8F08300BF34801D4030B401EBA6
:10242000410143F65024C900044460586318C000B9
:102430002AD56058400F012829D06058400F022843
:1024400038D06058400F052802D0002030BC7047BB
:102450006058C0F3C210C0B158695C685969104037
:102460002140884210D001211C680131C4F3C214FC
:10247000C9B20134A142E8D25C6953F821505869CD
:10248000144028408442EFD1012030BC704761588D
:10249000C1F3C211B9B159688A42F6D01968C4B201
:1024A000C1F3C211601C8C42CFD253F8201091426C
:1024B000F4D1E9E759688A42C7D3986882428CBF51
:1024C00000200120E1E70846DFE700BF38B50446F9
:1024D0001A2500206388DBB205FB034383F806015D
:1024E0006388DBB205FB034383F807216088C0B231
:1024F00005FB004000F5847011F04CFA62882388D7
:1025000092B29BB283F480739A420DD063880133F8
:10251000C3F308036380A3889BB2FF2B03D8A3886F
:1025200001339BB2A38038BD23880133C3F3080372
:102530002380EBE770B50D4686B0064649682868EB
:102540006C46AA68EB680FC428691822696903C43D
:1025500041F61A3069463044FFF7B8FF06B070BD47
:10256000F0B58B7D0546474C87B00E462068002BA2
:1025700038D110F0005062D123680146424B0B4421
:102580001B011B68C3F30363082B24D03D4A04E0FE
:102590002368C3F30363082B1DD01368481C3A4C0F
:1025A00003F07F03C1B201330C4499424FEA041493
:1025B000EED30FCE6C46FF270FC496E8030084E8E5
:1025C0000300284669468DF81470FFF7B3FF4FF0FB
:1025D000FF3007B0F0BD28463246FFF751FE01201C
:1025E00007B0F0BD10F0005033D12368264B0446ED
:1025F00003441B011A68110114D4224902E01A682D
:1026000012010FD40A6801301F4B02F07F02C0B2E2
:1026100001320344044690424FEA0313EFD31B4BAD
:102620004FF0FF341B68C3F30363082B1AD128460D
:102630003246E1B2FFF724FE012007B0F0BDFDF7FE
:102640008FFC2368014603F07F030133834295D852
:10265000AFE7FDF785FC236803F07F030133834276
:10266000C4D8DCE70FCE6F460FC796E8030087E8B3
:102670000300284669468DF81440FFF75BFF4FF0D2
:10268000FF30A6E700801D4008D8010470801D407F
:10269000104A0023104811680122F0B587B00827BE
:1026A00023260C250091202469460193029304936C
:1026B00005938DF80B708DF807208DF80F208DF89D
:1026C0000C608DF80D508DF80E40FFF749FF07B0F4
:1026D000F0BD00BFD0560020409E0020134A0023CA
:1026E000134811680122F0B587B0082723260D256D
:1026F00020240091694601930293049305938DF879
:1027000007208DF80F208DF80B708DF80C608DF878
:102710000D508DF80E40FFF723FF122105480EF0F3
:102720009FFF05480CF018F907B0F0BDD056002007
:10273000409E0020FC180020345B002000F1FF01C7
:1027400040F2C973514A03FB01F3FF3382FB0312CA
:10275000002BF0B51A444FEAE3744D4B8FB0C4EB35
:1027600022240546B3F90030ACBFA4F2E334A4F54B
:102770007974002B77D0474908A80CF0B3FB0A22E4
:10278000294604A80CF0D0FB04A908A808260CF0E0
:1027900017FC41490CF01CFC014640480CF0B6F80F
:1027A0003E480CF0D9F804A80CF05CFB08A80CF02B
:1027B00059FB3B4908A80CF095FB0A22214604A8C6
:1027C0000CF0B2FB04A908A80CF0FAFB0146334850
:1027D0000CF09CF831480CF0BFF804A80CF042FB58
:1027E00008A80CF03FFB00232E4A232020219D4205
:1027F00017684FF001020B9309930A930C930D9302
:1028000008978DF82B608DF827208DF82F208DF8F4
:102810002C008DF82E102ADB2312234904A88DF8F2
:1028200031408DF830300CF05DFB0A2229466846B5
:102830000CF07AFB694604A80CF0C2FB014617486D
:102840000CF064F815480CF087F868460CF00AFBA9
:1028500004A80CF007FB08A91448FFF781FEFFF756
:102860003DFF0FB0F0BDFFF713FF0FB0F0BDFF232A
:1028700044FA06F20E4904A88DF831408DF8302054
:102880008DF832308DF83330CDE700BF8180808005
:1028900088F500201019002028190020345B002042
:1028A00030190020D056002078190020409E0020CA
:1028B0004C190020254B1B782BB1254BB3F9000098
:1028C00058BBFFF7E5BE234B10B51979204CA1B1D9
:1028D000B4F900104022204B00292BDBC3F88420E0
:1028E0005B685A0602D41D4B1D4ADA6202200DF0C5
:1028F000A7FB22881B4B1A8010BDB4F90030002BB7
:102900000DDD03200DF09CFBB4F9001002200DF04A
:1029100097FB2288134B1A8010BDFFF70FBF5B4255
:10292000022023800DF08CFBB4F9001003200DF081
:1029300087FBEEE7C3F888205B685B0602D4074B91
:102940003822DA62494209B22180CFE7ACF5002093
:1029500088F500203C6A002000C0004200801F4033
:1029600038F0010086F50020000000002DE9F04756
:1029700082B0B64DFDF7AAFCB5492A680B68B54888
:10298000D31A0260182B16D8B34EB44A2B681168BC
:10299000AE4A5B1AB3F57A7F80F01E81B0491368A6
:1029A00008681B1AC82B3AD83378AB4C002B5AD185
:1029B00002B0BDE8F087AB4F0120A74E3B78AA4C90
:1029C000FA2B30700A6094BF1B1866232220DFF8B0
:1029D000E8923B700CF06CFD637989F80000012BE4
:1029E00000F00282A379012B00F019829F4B1B7823
:1029F000002B4ED09E4B1B78012B00F01E82002B2B
:102A000047D1DFF8B88298F80030002B43D1994ABB
:102A1000117801293FD188F8001013703BE09648E7
:102A2000136890ED007A0B60B7EEC77A934B9FED79
:102A3000836BB4EEC67BF1EE10FA40F3CE801878CB
:102A40000022854C9FED7F6B27EE067BB7EEC77BA0
:102A5000FCEEC77ACDED017ABDF804100CF0F4F865
:102A60003378002BA4D025200CF022FD844B85491F
:102A70001A78087082429BD01870002898D023786A
:102A8000002B95D0804A00211378217001331370F8
:102A90008EE7DFF82882E379734A2BB17A4B927A7A
:102AA0001B789A4240F21481237ADFF8BCA1002BF4
:102AB00040F01C81637A6C4ACBB1744B1B78002BBD
:102AC00000F04681724B927A93F90030714907EE1B
:102AD000903A9342F8EEE77AC1ED007A07DB0123E2
:102AE0006D48644A002188F8003003701170252079
:102AF0000CF0DEFC98F80010830099F80020DFF855
:102B0000C0E143EA4103DFF8BCC1E17813438CF82C
:102B100000008EF8003009B14FF48041DFF8A88141
:102B20005E4802F03DF85D4802F062F8A8F8000047
:102B30005A4802F095F8B8F90020594952105948FE
:102B4000DFF88891114413B222780180A8F8003090
:102B50005549002A68D04A8891ED027AC2F565424B
:102B6000B1EE477A6B3213441BB207EE903AA8F8E5
:102B70000030F8EEE76AC6EE877AF5EEC07AC9ED66
:102B8000007AF1EE10FA00F137813B78632B28D8F8
:102B90002379354A002B00F01E815378002B00F07A
:102BA0003281002103200CF07DFC404BD9ED007AEE
:102BB00093ED007A3E4B77EEC77AC3ED007AFDF7CE
:102BC000A3FEFFF777FE01210C200CF06BFC002127
:102BD0000B200CF067FCD8E6284B18780CF0CEF8E8
:102BE000E2E62179204B002900F0FA80597800298B
:102BF00000F00E81012103200CF054FC234B002136
:102C00002C4A1B781180002B40F00681FFF752FE02
:102C100000241D4B01210B201C700CF043FC2146AD
:102C20000C200CF03FFCB0E64A8891ED027AA2F548
:102C3000D452153A97E700BFAFF30080295C8FC2EA
:102C4000F528BC3FF54A5986380E42404CF5002025
:102C5000586700205C670020A2F5002090F000205B
:102C60001CF30020866A00203C6A0020A9F50020A1
:102C7000A8F50020B5F500208CF00020856A002022
:102C8000ADF50020C1F50020B6F50020ACF5002020
:102C900094F5002004F30020826A0020A0E90020BF
:102CA00070E5FFFF82F500204C6A002030F3002021
:102CB0002CF3002088F50020CAF50020846A00204B
:102CC000C0F50020BBF500208CF5002028F3002083
:102CD00001237448744A002188F800300370237A75
:102CE0001170DFF8DCA1002B3FF4E4AE18200CF0EB
:102CF00097F906EE100A9AF80A30BAEECF6A6B4AD4
:102D000006EE903A6A4B9FED5F4BB7EEC67A93EDB5
:102D1000005AF8EEE66A82ED006AB7EEC55A27EE71
:102D2000047B9FED5A4BA5EE047BB7EEC77BB4EE58
:102D3000E67A83ED007AF1EE10FAFFF6BBAE0123DE
:102D40005848594A002188F8003003701170B1E6E4
:102D500029200CF065F907EE900A554AB8EEE77A9B
:102D6000DFED547A92ED004A9FED535A77EEC77A21
:102D7000A17AB7EEC44A05EE901AFDEEE77AF8EEB6
:102D8000E55A17EE903A002BB8BF5B4207EE103AB7
:102D9000BAEEEF7B454B9FED3F2BB7EEC77B9FED28
:102DA0003F3BB7EEC76A83ED007A26EE027BA4EEC6
:102DB000037BB7EEC77BB4EEC57AF1EE10FA58BFCD
:102DC000B0EE457AF4EEC75A82ED007AF1EE10FAD1
:102DD0007FF685AE8BE6012104200CF063FBE4E670
:102DE00004200CF05FFB09E7DFF8D88020200CF00E
:102DF0005FFB88F800004EE691ED037A67EE277AD4
:102E0000C9ED007AC1E6012103200CF04BFBCCE6B2
:102E100003200CF047FBF1E6FFF73AFCF6E6202032
:102E20000CF046FB254B1870A0B91F4B1A78012AED
:102E300015D0DFF8908018702DE6DFF8888098F8BC
:102E40000030012B7FF427AE174A117800297FF458
:102E500022AEE0E5144BDFF86C8018701BE61149D8
:102E6000DFF8608091F800E0BEF1010F04D00A7035
:102E700088F8002018700EE6087088F800001870B6
:102E800009E600BF9A9999999999D93F3333333319
:102E90003333E33F333333333333D33F66666666CE
:102EA0006666E63F826A0020B5F5002008F3002040
:102EB00004F3002000C0414400007F43B8F5002027
:102EC0003C6A0020846A00200B78632B70B50446AE
:102ED00015460FD000EB830344F254029B580BB10C
:102EE0002846984744F25413E3584BB12846BDE8AE
:102EF0007040184744F25403C358002BF0D1F1E757
:102F000070BD00BF2DE9F04F8E468DB007460E46CE
:102F10006C464FF001093D4607F11008DFF8A8A004
:102F2000BEE80F000FC49EE8030084E8030055F8D4
:102F3000044F64B19DF91420D4E9020109FA02F3A7
:102F40000021184050EA010327D1237CC3B945452D
:102F5000EDD144F25003FB5C53B3306806AC7168AA
:102F6000B268F3680FC430691822716903C40DEBAD
:102F7000020107F11400FFF7A9FA0DB0BDE8F08FC8
:102F80002368D3F800B0D345E1D020469DF8153032
:102F90004FF0FF326946D847D9E72368D3F800B02D
:102FA000D345D2D09DF8153069462046D847CCE7A6
:102FB000337D0CA93846324601F8183DFFF784FFEF
:102FC0000DB0BDE8F08F00BF8100000044F2510356
:102FD000C35C002B00F0AC802DE9F04F0D468BB0A8
:102FE0000F46064604ACDFF868E20FCD0FC495E843
:102FF000030084E80300DEF800309B0053D5934BB8
:1030000000254FF0630A1B68C3F303694FEAC9093F
:1030100009F108090CE01868400F022800F09580BB
:103020001868400F052800F0AC8001354D453AD0B6
:1030300097F91430EAB2632B35D005EB450843F21B
:10304000507306EBC8010B44186810F0604FECD0C9
:103050001868400F0128DED11A68F979C2F30042DE
:103060009142E2D11A6812F4607FDED04FEA48083C
:103070009B46002206E0DBF80010E2B2C1F3C21169
:103080008A42D2D2541C049A08EB040303F6D453A8
:1030900056F823309A42EED104A930468DF824A088
:1030A000FFF730FFE7E70023694D8DF816302C68F5
:1030B00014F000543DD12B68DFF8948108E0D8F873
:1030C0000030013403F07F03E4B201339C4239D273
:1030D00097F91430A342F2D004EB440143F6502395
:1030E00006EBC1021344186810F0604FE7D018686F
:1030F000FD79C0F3C0608542E1D11868400F012816
:1031000071D01968490F022900F091801B685B0F8C
:10311000052BD4D1049A21463046FFF77FF90028C9
:10312000CDD004A930468DF82440FFF7EBFEC6E76A
:103130007047FCF715FF2B68044603F07F0301334B
:103140009842B9D30BB0BDE8F08F1B68FA79C3F38E
:1031500000439A427FF469AF43F25473049A0B44DC
:103160001B689A42FFF461AF43F258735B589A426E
:103170003FF65BAF04A930468DF824A0FFF7C2FEEE
:1031800053E7186810F4607F3FF44FAF43F2647B5D
:10319000019301238B4409E0019901330968DBB2F3
:1031A000C1F3C21101318B42BFF43FAF03EB4801C1
:1031B000DBF80000049C01F6D451204056F821E0D1
:1031C000DBF800100EEA01018842E5D104A930467F
:1031D00003938DF8162002928DF824A0FFF792FE3B
:1031E000039B029AD8E71A6812F4607F3FF467AF36
:1031F0001D464FEA410A002307E02A685FFA89F377
:10320000C2F3C2129342BFF45AAF03F10109049A08
:103210000AEB090303F6946356F823309A42ECD183
:1032200004A930468DF82440FFF76CFEE5E743F62D
:103230005423049913441B689942FFF440AF43F6AA
:1032400058239B5899427FF66CAF38E734801D4075
:1032500000801D402F4AF8B5136813F0005353D077
:10326000136813F400434BD02B4B1B6813F020035F
:103270004AD02A4B0C462A4A05461B6844F2652070
:10328000DFF8A4E0632103F40016C3F30347A3802F
:10329000E772002E12680CBF1226002622F0604250
:1032A000204F22FA06F214BF012600262260DEF823
:1032B0000020E671E273160C4FEA122E120E6673AE
:1032C00084F80EE0C3F300562273DB0D3A682672D1
:1032D000E274170A160C120EA774667422740D4A53
:1032E000285CA3716075217513681B040ED52146F7
:1032F0002846FFF76BFE21682846FFF705F8F8BD62
:10330000283212689206AFD51846F8BD0520FCF7A2
:103310004DFEECE700801D4030801D4080801D4048
:1033200084801D408C801D4088801D40974B1B6809
:103330002DE9F04F13F0005385B08946039040F01B
:103340001E810293914E44F2642203993368885C93
:1033500003F07F030133984200F2038144F26428B2
:10336000039B03279844E0E0002B00F0ED80B3FAC4
:1033700083F2C2F140029042C0F2E380306810F064
:10338000005040F0F280013F88F8000017F0FF077E
:1033900000F0E78033689C0006D5029A824203D988
:1033A000501EC0B288F80000336803F07F03013379
:1033B00098420BD3306810F0005040F0C980013FB4
:1033C00088F8000017F0FF0700F0CB80704BC0F1C9
:1033D000200E704AA0F120011B68D2F800C00193B2
:1033E00000230093DDE9002342EA0C0222FA00F4F4
:1033F00003FA0EFE23FA01F1002344EA0E040C4303
:1034000004F00102134340F08680634B03441B0128
:103410001A6811017FD4110E01F00B0EBEF1020FDC
:1034200079D102F4001E5868C2F3005C01F00F016C
:10343000BEF1000F20F0604089F808C015BF4FF0C2
:10344000000C4FF0120C4FF0010E4FF0000E20FA5E
:103450000CF0062989F807E0C9F8000000F08B801D
:10346000C2F3034044F2652189F80B00039801443C
:1034700098F8000000F1010E88F800E089F81400C7
:10348000A9F804200A7899F8071089F815209A6895
:10349000002989F80F2008BF4FF080619A6818BF93
:1034A0004FF08C61120A89F80E209A68120C89F884
:1034B0000D209A68120E89F80C20DA6889F813201A
:1034C000DA68120A89F81220DA68120C89F81120D9
:1034D000DA68120E89F81020196099F814002F4B41
:1034E0001F281B6844D9203801222D4B02FA00F016
:1034F0001B6818432A4B186049460398FFF766FD7E
:10350000D9F8002099F814100398FEF787FF0028D7
:1035100039D198F800000130C0B288F80000336853
:1035200003F07F03013398421BD81E4A4FF0000A74
:103530001B4B1B6811684AEA010252EA03017FF43F
:1035400013AF98F8000025E7B2FA82F2203210E7B4
:10355000013FFCF705FD88F8000017F0FF077FF436
:1035600035AF002005B0BDE8F08FFCF7F9FC0AE7A5
:10357000FCF71CFDC0E7012189F8091070E7FCF792
:10358000EFFC0290DEE60120ECE700BF00801D406A
:1035900024801D4028801D4008D8010408801D405B
:1035A0002C801D4030801D4038B504460D4600205B
:1035B00002210BF04DFC80B90A4B1B6899000CD519
:1035C000094B1B689A0608D4084B1B689B0604D558
:1035D00029462046FFF73EFE38BD29462046FFF724
:1035E000A5FE38BD00801D4028801D4030801D4054
:1035F0000000000000B587B0002308222F4869466C
:103600000293009301930393049305938DF80B2089
:10361000FFF7CAFF18B12A4B009A9A4202D007B0AE
:103620005DF804FB9DF81030FF2B9DF811301ED083
:1036300007EE103A234AB3EE044BB8EEC76B92F98B
:1036400000309FED1A7B05EE103A26EE077BB8EEB0
:10365000C55B9FED186B27EE047BA5EE067BFDEEA8
:10366000C77B17EE903A137007B05DF804FBC3F503
:103670008073144AB3EE043B07EE103A92F900301F
:10368000B8EEC76B05EE103A9FED087BB8EEC55B50
:1036900026EE077B9FED074B27EE037BA5EE047B11
:1036A000FDEEC77B17EE903A1370B8E79A99999997
:1036B0009999A93F666666666666EE3F409E002061
:1036C0000100000794F500202DE9F0434FF4FA7053
:1036D00087B00BF04DFE01210D20C54C0BF0EEFE26
:1036E000012105200BF0EAFE012106200BF0E6FE89
:1036F000012109200BF0E2FE01210A200BF0DEFE81
:1037000001210B200BF0DAFE01210C200BF0D6FE7C
:1037100094F8EC70B74B022FC4F8C03040F2DC8054
:10372000B54C0A200BF024FEB44D266840F2EE287A
:10373000B34FDFF8409304E0B3F5FA6F15D80EF0FD
:1037400015F80EF013F82B7843B13B78DB0705D55D
:103750002368D9F800209B1A0E2B06D823682A78F4
:103760009B1B002AE8D14345E9D90A20A54D0BF05F
:10377000FFFD3321A4480DF073FFA4480BF0ECF8D3
:103780001821A3480DF06CFFA0480BF0E5F828685D
:1037900000224FF4E1210AF005FD28684FF4007281
:1037A0009C490AF061FE4FF400729B4928680AF0B8
:1037B00075FE0A200BF0DCFD00224FF4E131974842
:1037C0000AF0F0FC4FF40072954994480AF04CFE60
:1037D0002B2194480DF044FF8C480BF0BDF81721C5
:1037E00091480DF03DFF89480BF0B6F8FCF75CFC02
:1037F00016218E480DF034FF84480BF0ADF8FDF72C
:103800006BFA22218A480DF02BFF80480BF0A4F8B8
:1038100040F2DC518748FDF70FFA002854D01321FD
:1038200085480DF01DFF79480BF096F8122183486A
:103830000DF016FF75480BF08FF8814EFEF700FD76
:10384000312180480DF00CFF70480BF085F8002303
:103850000822256802930093019303930493059330
:103860008DF80B2023685B1BB3F5FA6F15D2FDF7BB
:1038700009F969467448FFF797FE0028F2D0009BCB
:10388000B342EFD1714B01221A70272170480DF01D
:10389000E7FE5E480BF060F80AE06C4B1B78002BEB
:1038A000F3D121216B480DF0DBFE58480BF054F8A2
:1038B000FDF71AFB212168480DF0D2FE53480BF0AA
:1038C0004BF807B0BDE8F083312164480DF0C8FE25
:1038D0004E480BF041F8A9E7002F00F0148107F1E2
:1038E000FF3E4FF00C0C04F1C905DFF874815FFA5C
:1038F0008EF30CFB034C0CF1D50C15F8013C2D2B71
:1039000002D0472B40F0B88055482E1D2B4613F8A7
:10391000012B10F8011F8A4218BF2D2A02D02D2931
:1039200040F0AA80B342F2D15FFA8EFE0C234D4DD7
:1039300003FB0E4EDFF830C10EF1D50E15F8013C39
:103940002D2B02D0472B40F0D98047482E1D2B4607
:1039500013F8012B10F8011F8A4218BF2D2A02D03C
:103960002D2940F0CB80B342F2D194F8ECE0BEF1C7
:10397000000F00F0CB800EF1FF330C27394DDBB286
:10398000DFF8E8C007FB0347D53715F8013C2D2BBE
:1039900001D0472B0FD135482E1D2B4613F8012B94
:1039A00010F8011F8A4218BF2D2A01D02D2902D1FB
:1039B0009E42F3D1B4E60C35AF42E6D10EEB4E0396
:1039C00000262B4D9B00C8339CE80300E218E05012
:1039D000117194F8EC3003EB4302013304EB8202E3
:1039E00084F8EC3082F8CD60C2F8D05098E600BF81
:1039F00018F10020990000004CF50020C7F50020C8
:103A0000C6F50020645C0020C4190020345B00204F
:103A1000F8190020F4990020F49B0020445B00205A
:103A2000ACE00020141A0020401A0020581A002090
:103A3000701A0020A45B0020941A0020DC1A0020D9
:103A400001000007F01A0020409E0020ACF5002085
:103A5000241B00204C1B0020701B0020A81A0020F3
:103A6000BC190020E1F10020B4190020AC1900209D
:103A70007D05000068F700200C35AC457FF43DAFB4
:103A800007EB47030026244D9B00C83398E803004A
:103A9000E218E050117194F8EC3003EB430201336B
:103AA000DFB204EB8202022F84F8EC7082F8CD6062
:103AB000C2F8D0503FF634AE5FBBDFF864C007EB0E
:103AC00047030026154D9B00C8339CE80300E2180D
:103AD000E050117194F8EC3003EB430201335FFACC
:103AE00083FE04EB8202BEF1020F84F8ECE082F860
:103AF000CD60C2F8D0503FF613AE38E70C357545AF
:103B00007FF41CAFDBE7DFF81C80B9E7DFF818C0F3
:103B100054E707F1FF3E07E7210300001906000004
:103B2000B4190020BC190020AC1900202DE9F04F79
:103B300008219DB00025DFF898C0DFF898E0224CFE
:103B40002A460C950A958DF833100B950D950E9518
:103B50000F95DCF800C0DEF800E024686346DFF86B
:103B600078C042EA0E0A2146184C03909B4628462C
:103B7000DCF80050236840EA05001D04CDE904018B
:103B800003D42368990000F10982DDE9042342F09F
:103B90000102002B00F0FE81B3FA83F5DFF82C80E0
:103BA000C5F14005D8F80040EDB214F0005440F0E3
:103BB0007A81D8F8003044F26523039AD318CDE90E
:103BC000006708938BE000BF2C801D4000801D40E3
:103BD00024801D4028801D4030801D4000F4001CC2
:103BE000D3F804E0BCF1000F2EF060460DBF4FF09B
:103BF000120E4FF0000E0127002726FA0EFE0629AE
:103C00008DF82F70CDF828E000F059820899C0F3A4
:103C1000034E8DF83C40BCF1000F09788DF833E07D
:103C200008BF4FF0806E8DF83D1018BF4FF08C6EBE
:103C300099681F2CADF82C008DF8371099684FEA61
:103C400011218DF8361099684FEA11418DF8351021
:103C500099684FEA11618DF83410D9688DF83B10DE
:103C6000D9684FEA11218DF83A10D9684FEA11410D
:103C70008DF83910D9684FEA11618DF83810C3F802
:103C800000E0BC4B1B6840F216820121BA4B01FADE
:103C900002F21B681A43B84B1A600A9A214603982D
:103CA000FEF7BCFB002840F001820AA90398FFF749
:103CB0008DF90AA8AFF300800AA8AFF300800AA824
:103CC000AFF30080AD4B01341B68E4B203F07F0317
:103CD00001339C4280F0F480A54240F2F1802AFA40
:103CE00004F2C4F1200300920BFA03F0009EA4F149
:103CF000200206432BFA02F1304608432BFA04F166
:103D000000900191DDE90001002100F00100014374
:103D1000D8D0DDE9046707FA03F326FA04F8394638
:103D200048EA0308D14048EA0108002108F00100F0
:103D300050EA0103C6D0924B23441B011868010EC0
:103D400001F00B0E01F00F01BEF1020F3FF446AF80
:103D5000042900F0CE810829B4D1C0F30341089EA4
:103D6000D3F804C096F800E08DF8331000F4001189
:103D70008DF83DE041F2560E8DF83C4000299968DF
:103D8000A644ADF82C002CF0604C8DF8371018BF0D
:103D90000020996808BF1220039E4FEA11212CFAD7
:103DA00000F056F82E6018BF4FF0010E8DF8361057
:103DB00008BF4FF0000E99680A90090C8DF82FE0AB
:103DC0008DF835109968090E8DF83410D9688DF882
:103DD0003B10D968090A8DF83A10D968090C8DF89A
:103DE0003910DB681B0E8DF838301EB10AA8069218
:103DF000B047069A44F2582303990B441B681BB141
:103E00000AA806929847069A039941F61A33CB18E6
:103E10001846069319469B889BB2002B00F05D81E3
:103E200010AA03884FF01A0E0DF1580CDBB21046A1
:103E3000099267460EFB031E02460EF5817E16466A
:103E40005EF8060FDEF80410DEF80820DEF80C300D
:103E5000ACE80F00DEF81000DEF81410ACE8030048
:103E60000FCF0FC697E8030086E803009DF9543092
:103E70005A1C00F0D6819C427FF424AF099AE1B22B
:103E80000398FEF7FDF906990B880133C3F3080385
:103E90000B808B889BB2002B3FF414AF8B88013BC7
:103EA0009BB28B800EE7FCF75BF8D8F80030044635
:103EB00003F07F030133834202D985423FF67BAE94
:103EC000304B314C18682168304A41400A40002A82
:103ED00047D0039A43F2206313449A8892B20F2A80
:103EE0003FD89A8892B20F2A40F2F28043F22066BD
:103EF000039A59885D88925B01F00F01ADB292B2CE
:103F0000023182F0100243F82100954200F06881EE
:103F1000598843F2E862039E01311D4D324401F09D
:103F20001F0159802E689388B6B29BB20F2B40F2C6
:103F3000CA8043F2E867039B51885588DB5B01F038
:103F40000F01ADB29BB202EB410183F01003CE80B2
:103F50009D4200F03E8153882060013303F01F032F
:103F60005380084A136803431360BFF34F8F1DB09B
:103F7000BDE8F08F08801D402C801D4000801D4052
:103F800008D8010420801D4044E90020BFFF07003D
:103F90001C801D40B2FA82F52035FFE50AF02002B0
:103FA000002313433FF4F1AD00F02002002313433C
:103FB0003FF4EBAD9F4A44F26521039863251268F4
:103FC000415CC2F3034402F400109B4B8DF8334074
:103FD00000281B684FEAD25014BF0024122423F09B
:103FE00060438DF82E00ADF82C20C2F3005223FA66
:103FF00004F3924C4FF005000A9323688DF83020AB
:1040000018BF01228DF8373008BF002223688DF8D1
:104010002F201B0A8DF8363023681B0C8DF83530A5
:104020002268874B120E8DF834201A688DF83B20D9
:104030001A68120A8DF83A201A68120C8DF8392085
:104040001B68804A1B0E8DF83D108DF83C508DF892
:1040500038301368FBF7AAFFDDE90423002302F0E0
:104060004002134340F0D580DDE90423002302F031
:104070008002134340F0C980039C0AA92046FEF742
:10408000A5FF0AA8AFF300800AA8AFF300800AA832
:10409000AFF300800A992046FEF736F900283FF476
:1040A00074AD0AA90398FEF72DFF6EE50AA90398DF
:1040B000FEF728FFF9E52046FBF778FFEDE5012143
:1040C0008DF83110A2E5938801339BB2938030E7DD
:1040D0009A88013292B29A8008E71F2C40F29D80A4
:1040E0000121594B01FA02F21B681343564A13602F
:1040F000E8E5C0F30341089ED3F804C096F800E059
:104100008DF8331000F400118DF83DE041F2560EA9
:104110008DF83C4000299968A644ADF82C002CF09D
:10412000604C8DF8371018BF0020996808BF122026
:10413000039E4FEA11212CFA00F056F82E6018BFAA
:104140004FF0010E8DF8361008BF4FF0000E996841
:104150000A90090C8DF82FE08DF835109968090E3A
:104160008DF83410D9688DF83B10D968090A8DF89C
:104170003A10D968090C8DF83910D968090E8DF8F4
:1041800038102EB10AA809920693B047099A069BE7
:1041900044F2582103980144096829B10AA80992F8
:1041A00006938847099A069B41F61A3103984118ED
:1041B0000E460691898889B2C9B133884FF01A0E2C
:1041C0000DF1580C10AADBB2674609920EFB036E84
:1041D00033E60399CB5B013303F01F03CB53BAE6FD
:1041E00003998A5B013202F01F028A5390E61F2C6A
:1041F0001AD90120144900FA02F209680A43124947
:104200000A604FF000621A605CE50720FBF7CEFE03
:1042100032E70620FBF7CAFE26E72046FBF7C6FE7C
:1042200050E5099A21462BE620460693FBF7BEFE91
:10423000069BE6E780801D4084801D4088801D40ED
:104240008C801D4008801D402C801D4044F250038E
:10425000C25C2DE9F04305468FB00AB90122C25471
:104260002B8B9BB2002B54D144F25C2341F61A36BF
:1042700001227149EB58B0462E4403F01F005B0940
:10428000824041F82320B3889BB263B335F80830ED
:104290001A240DF1200E02AFDBB2F446B94604FB3E
:1042A000036404F5817454F8060F6168A268E3683A
:1042B000AEE80F0020696169AEE80300BCE80F00BA
:1042C000A9E80F009CE8030089E803009DF91C1091
:1042D0004B1C5FD0594B0B441B011B68C3F303639A
:1042E000082B00F0878044F25C2301225449EB58EC
:1042F00003F01F005B09824041F8232000212B8B33
:10430000B0889BB280B21B0380B218430FB0BDE8E7
:10431000F0832A461A2408AE02AF32F8143FB5F8EB
:1043200014E0DBB20EF1010E04FB0324CEF3080E01
:1043300004F5817454F8060F6168A268E3680FC63B
:104340002069002361690824A5F814E02A8BBB606A
:1043500092B202937B60FB603B617B618DF81340FE
:1043600003C61AB12B8B013B9BB22B8308AC3E4694
:104370000DF1380E0FCC0FC694E803003A4686E8DC
:1043800003009DF81C3028460EF8313D7146FEF7BB
:104390009BFD69E7DFF8AC80D8F8004014F00054CA
:1043A0003ED1D8F80030DFF89C8008E0D8F8003023
:1043B000013403F07F03E4B201339C4293D21F4BDC
:1043C00023441B011B68C3F30363082BEED13A4659
:1043D00021462846FDF754FF33880133C3F3080311
:1043E0003380B3889BB2002BE0D0B388013B9BB2F3
:1043F000B380DBE73A46C9B22846FDF741FF35F8FE
:1044000008300133C3F3080325F80830B3889BB2A2
:10441000002B3FF468AFB388013B9BB2B38062E7E7
:10442000FBF79EFDD8F80030044603F07F0301330C
:104430008342B8D857E700BF80E100E008D8010404
:1044400000E100E000801D402DE9F84F48480023BE
:10445000484A4FF47A7748490826484C41F61C3CB4
:10446000474D41F61E3E137141F61A38056043F27E
:104470002069976043F2226A137343F2246B15603C
:10448000146153619677136253629362D3620D6035
:104490003C4A3D4D0371037343610362436283628F
:1044A000C3628760046186778F6043F2EC670B71AB
:1044B0000B730C614B618E7744F250060B624B62BA
:1044C0008B622868CB6244F251019382D3821383BA
:1044D00022F8083022F80C3043F2E86C22F80E3053
:1044E00043F2EA6E22F8093022F80A3022F80B3043
:1044F00022F80C3044F25C2C22F80E3044F2642E88
:10450000D35344F260279355012653541F49D35186
:104510000860BE201E491F4F0C601F4C42F80C3033
:1045200002F80E304B6014601C492C683A601C4A3B
:104530000C60C2F8C030C2F8C43082F8EC3082F8A7
:10454000EE3082F8F03082F8F13082F8EF6082F8D5
:10455000BF0082F8ED3082F8BE300BF021F8482120
:10456000104800F005FB2A680F4B1A60BDE8F88F71
:10457000C0990020909900206099002068070020D1
:10458000A0060020409E00204CF500201CF30020D7
:10459000549900200CE800207C060020B4E600209E
:1045A00018F10020A0E9002090F000202DE9F04F44
:1045B00083B0FFF71FF80CF0E9FF002868D1B34C77
:1045C000B34D2068B14E03681B69984750B1B14B99
:1045D00030681B78002B4BD003685B699847C0B2EA
:1045E0000DF028F8AC4B1B78002B7DD1AB4809F0BF
:1045F00011FD00286ED1AA4942F210722B68096899
:104600005B1A93425DD8FCF73DFAFCF7B3FCFDF76B
:10461000A9F9A44B1B786BB1FEF7A8F900F03AFD9D
:1046200002280DD000F036FD0128044615D003B055
:10463000BDE8F08FFBF74AFE00F02CFD0228F1D117
:10464000012105200AF02EFF002106200AF02AFF92
:1046500000F020FD01280446E9D1002105200AF0E0
:1046600021FF2146062003B0BDE8F04F0AF01ABF33
:1046700003688D4E5B69984796F8ED30C7B2062BFC
:1046800000F2FC80DFE803F0415B748ECDAAB60037
:10469000864E0CF0BFFF5FFA80FA3278032A26D9E3
:1046A000042A00F0D7807B4A0021784C1278784D9C
:1046B0003170002A85D12068514603681B689847ED
:1046C0007FE7002109200AF0EDFE00210A200AF010
:1046D000E9FE98E72468714809F0B0FC2368C1B28C
:1046E00020461B68984786E7FBF712FC7EE7704977
:1046F000895C5145D7D16F4C501C664904F802A023
:1047000030700A78614C624DD3E70022242F664B4B
:104710004FF0010186F8EE2000F06281D3F8C0204E
:1047200083F8EE1002B190470023BE2286F8ED30E8
:1047300086F8BE3086F8EE3086F8BF2052E738465D
:104740000EF0B0FD002800F0CD8096F8BE2096F85F
:10475000BF10554B914240F23681042A40F2B3819A
:104760000321D3F8C02083F8EE10002ADBD1DBE769
:1047700096F8BE1096F8BF304B4A994280F0CB8035
:104780002A2F00F03C812C2F40F02F8192F8F0006E
:10479000013B80F02C00DBB282F8F00082F8BF30E1
:1047A000D1541FE7A7F13003092B40F28E80384621
:1047B0000EF090FD462F7FD800287DD0A7F137035B
:1047C0005BB2581C0DD096F8F120DBB2042142EA0E
:1047D000031386F8ED1086F8F13003E70D2F00F093
:1047E000FB800122D6F8C03086F8EE20002B9BD04B
:1047F000984799E70A2FF4D196F8EF202A4B002A20
:1048000000F0188193F8F11093F8F020914200F035
:1048100011810421D3F8C02083F8EE10002A82D140
:1048200082E7A7F13003092B5AD938460EF052FD22
:1048300000284CD0462F4AD8A7F137035BB2591C49
:10484000CFD096F8F11005220B4386F8ED2086F8BC
:10485000F130C7E6174C84F804A00CF0DBFE327888
:104860006071A15C52295FD0452900F0A080094AFF
:10487000064C1278064D002131701AE70522D6F851
:10488000C03086F8EE20002BB2D14DE7645C0020EA
:104890004CF50020B1F5002092F50020445B00208B
:1048A00088F000207A6A002018F100209FF500208F
:1048B00050670020C8E9002038460EF0FDFC662F46
:1048C0008FD800288DD0A7F157035BB279E738461F
:1048D0000EF0F2FC002884D0662F82D8A7F157038F
:1048E0005BB2ACE72A2F00F096802C2F7FF479AFD3
:1048F00096F8BF30022096F8F020013B96F8BE10E3
:1049000082F02C0286F8ED00DBB286F8F02086F803
:10491000BF30F15466E60221D2F8C03082F8EE10C2
:10492000002B7FF465AFFFE622445278312A9ED1F6
:104930000122DFF82082824C82498348254688F88C
:104940000020FBF787FB4FF4E1217F48FBF7A2FB38
:10495000206800224FF4E12109F024FC4FF4967006
:104960000AF006FD03E0286803685B699847206841
:1049700003681B6998470028F5D1744DDFF8C0B172
:104980002F68DFF8DC9106E0206803681B69984710
:10499000002840F0A2802B68DB1BB3F5487FF3D3DF
:1049A0006B496948FBF764FB98F8002063E72244F1
:1049B0005278442A7FF45BAF00216648604C0A4677
:1049C000624D017057E70221D3F8C02083F8EE1042
:1049D000002A7FF4A8AEA7E6062386F8ED3001E6AC
:1049E00083F8F02083F8ED10FCE592F8F030481CD5
:1049F00057545F4082F8BE0082F8F070F2E5013B48
:104A000000260320DBB282F8F16082F8ED0082F824
:104A1000BF30D154E6E596F8BF30032196F8BE20AA
:104A2000013B86F8F10086F8ED10DBB286F8BF3066
:104A3000F254D7E596F8BD80002796F8ECA016F85A
:104A400008B0454B06F80870BAF1000F33D09E4607
:104A50001EF8C99BB9F12D0318BF012301931EF85D
:104A6000013C4B4518BF2D2B01D0019BEBB93A48B7
:104A70000EF1040C734613F8012B10F8011F2D2AB8
:104A800018BF8A4201D02D290FD19C45F3D17FB2A6
:104A900006F808B0304B7A1C0FD007EB470703EB42
:104AA0008707D7F8D03098473EE601370EF10C0E55
:104AB000FFB25745D3D106F808B0D6F8C430002B62
:104AC0007FF496AE30E693F8F010501C9F544F40A0
:104AD00083F8BE0083F8F07084E5DBF8000003681B
:104AE0005B69984799F800201C49C0B21C4B515C87
:104AF000814208D0A0F1470EDEF1000040EB0E002D
:104B000089F8000047E70132D2B2042A89F8002070
:104B10007FF441AF0022062112481A700CF0A0FD6C
:104B200011490948FBF796FA4FF4E1210648FBF7D3
:104B3000B1FA0E490448FBF79BFA98F800209AE670
:104B4000645C0020941B0020345B00204CF50020A6
:104B5000D81B0020B1F5002018F10020AC1B00206C
:104B60009BF50020C8E90020B41B0020D01B0020CA
:104B700070B5094D04460E46284609F023F828462C
:104B800016F0B8FE4FF48065002280232670204680
:104B90006580A280A37170BDAC5D0020418070472C
:104BA000818070478171704770B5012503780F4C83
:104BB0000646AB400021204684F8305184F8A530E9
:104BC00084F82F5108F0C8FF2946204609F0A6F8BE
:104BD0002B4631782046022209F010F994F8A30000
:104BE00094F8A230C01A18BF012070BDAC5D00203F
:104BF00070B501250378194C0646AB4000212046CC
:104C000084F8305184F8A53084F82F5108F0A4FFBF
:104C10002946204609F082F8317802222B462046A8
:104C200009F0ECF894F8A22094F8A3108A4211D26B
:104C30005319A018DBB290F91A00994284F8A230F7
:104C40004FEA002006D9234402329B7E84F8A2203A
:104C5000184370BD4FF0FF3070BD00BFAC5D002049
:104C6000F8B58188054642880126AF7948F20313DA
:104C70000A432D780E4C31463A43B540204684F81D
:104C80003061134384F8A55084F82F619DB208F079
:104C900063FF2046290A08F05FFF2046E9B208F0CA
:104CA0005BFF31462046BDE8F84009F037B800BF49
:104CB000AC5D002088B181B10288012A30B410D0E7
:104CC0001030002203E030F8104B012C0AD00132E2
:104CD00005469142F7D130BC70474FF0FF329A60E1
:104CE000704705462A7A01211A746A7A5A74AA7A98
:104CF0009A74EA7A9960DA7430BC70474B68436002
:104D0000704700BFF0B589B00D460446084601A9BA
:104D1000164603F0B7F9013004D0019B01207360FF
:104D200009B0F0BD002301221B494FF45450A36089
:104D300005930293039304930793ADF80420ADF811
:104D400014200691ADF8060004F03EFE04F0B4FF16
:104D500027796179A279E379029001A804950794F3
:104D60008DF80C708DF80D108DF80E208DF80F3029
:104D700001F056FF0028D3D0A368002BFCD0A36815
:104D8000013302D0A068012802D0002009B0F0BD94
:104D90002369736009B0F0BDB15400000020704772
:104DA000704700BF014B1868704700BF4CF50020EA
:104DB00010B5044609F066FD204610BD0029194BC8
:104DC00014BF0121002130B5197083B013D01546EE
:104DD000044604F0F9FD04F009FE00238DF80430C8
:104DE0008DF805308DF806308DF80730019B834231
:104DF00008D003B030BD01F0A9FE03B0BDE83040DB
:104E000001F098BE084B18461C6001F025FE0028F2
:104E1000EFD0204601F09AFE296803B0BDE830408B
:104E200001F0C2BE97F5002048E90020704700BF9E
:104E3000704700BF2DE9F04F844F93B0894604922C
:104E40000390D7F8008004F0BFFD04F013FD0028A4
:104E500040F0CD807E4B1B681BB94FF480337C4AF9
:104E600013607C4B1B68002B00F0E980DFF81CA26C
:104E7000DAF800301BB94FF40063CAF80030DFF8ED
:104E800010B29BF80000002800F0D0808000724E25
:104E90000AF0ECFD9BF80030306098000AF0E6FD67
:104EA0009BF800306D497060580001910AF0DEFDFA
:104EB0009BF80030B06058000AF0D8FD9BF8003035
:104EC000F06098000AF0D2FD9BF800303061980045
:104ED0000AF0CCFD624A9BF80030106058000AF0DE
:104EE000C5FD9BF80030706158000AF0BFFD5D4AB7
:104EF0009BF80030106098000AF0B8FD5A4B18601B
:104F00009BF800000AF0B2FD01999BF800300860A0
:104F10007BB30024CDF81480234625B2D6F8008058
:104F2000DAF80000029301910AF0A0FD48F825008C
:104F3000D6F80480DAF800000AF098FD48F8250059
:104F40000420D6F810800AF091FD454B48F8250062
:104F500004F1010E1A680199029B42F825300A6893
:104F600013555FFA8EF49BF80020A242D5D8DDF8E5
:104F70001480384B0AA81A68354B0A921B683B4AC2
:104F80000B933B4B0C920D9305F0EAFF01303AD0A6
:104F900003990622374804F00FFE013033D004F0A5
:104FA00013FD80B304F010FD334A344913680790B1
:104FB00013F0010F0891324B03D1012104981160C5
:104FC000186007A8099302F0D7F845F6BF522D499B
:104FD0002D4809F0F7FB04F0F7FC01F0B7FD01F0F4
:104FE000B1FDB0B93B68C8EB03034B450BD204F0ED
:104FF000EBFC01F0ABFD01F0A5FD50B93B68C8EB3F
:1050000003034B45F3D3002013B0BDE8F08F0A9B98
:105010008BB904F0D9FC01F099FD0AA901F0B0FDAB
:105020003B68C8EB03039945F1D8ECE7082320203F
:105030008BF800302BE7012013B0BDE8F08F044B54
:1050400018680AF013FD034B18600FE74CF50020B9
:1050500034E8002030E800200000202048E800204C
:1050600028E8002040E8002044E800206C090020E7
:105070007C09002078670020C0E60020B9550000B8
:1050800058E9002049B80000606100202CE80020A9
:1050900096F50020064B1B7803F0FF002BB1A0F122
:1050A0000100B0FA80F0400970470220704700BF4D
:1050B00097F500200320704710B5044604F084FCE7
:1050C00004F094FC024B60602046236010BD00BFDA
:1050D0006807002038B50D4604F076FC04466D687C
:1050E00004F072FC04F08CFC024629462046BDE820
:1050F000384004F041BC00BF30B4054B0024054DDE
:105100005C601D60044A0549054830BC0DF0BEBE18
:1051100038E8002068070020005B0020AD55000043
:105120006061002003689B6B184700BF4969024A11
:1051300041600260704700BF68070020008B704725
:10514000C0897047808B80B2704700BF10B582B0B5
:105150000468012202AB03F8011D194663689847F1
:1051600002B010BD704700BF38B5064D837F2A7866
:105170009A4205D90446184600F08EF92B78A37799
:1051800038BD00BF96F50020104B1A7870B5044664
:105190000E460F4D82B100212A7819708277314670
:1051A000022000F09DF92B78A07783420BD90023D1
:1051B000E6810120A38370BD807F2B788342EED9E6
:1051C00000F06AF9EBE7002070BD00BF7F6A0020A5
:1051D00096F50020F0B500238BB0154C0D46174610
:1051E000069309930646029305940894019404F0EB
:1051F000EBFB04F00FFC03A9049005A80394FFF750
:105200007DFD294605A841F2883301AAFFF77AFD02
:10521000012801D00BB0F0BD33683A46029D03A9C6
:105220009B6A30460394049598470BB0F0BD00BFCD
:105230006807002008B5002304314383807F00F015
:10524000FFFA08BD08B50021807F00F035FB08BDDE
:1052500008B5807F00F030FB08BD00BF10B50446E4
:1052600093B2807F0A46618B00F0B6FA638B0344E9
:10527000638310BD838B9BB213B94FF0FF3070472F
:1052800010B582B004460122807F0DF1070100F0C5
:1052900035FA002807DDA38B9DF80700013B9BB280
:1052A000A38302B010BD4FF0FF30FAE7838B9BB2AF
:1052B000CBB1838B9BB2934210B504460CD912B28A
:1052C000807F00F01BFA0246002A0FDDA38B1046F8
:1052D0009B1A9BB2A38310BD828B807F12B200F019
:1052E0000DFA0246F0E74FF0FF3070474FF0FF3005
:1052F00010BD00BF074A08B5837F12789A4202D9D1
:10530000828B92B212B94FF0FF3008BD184600F000
:1053100055FA08BD96F50020F0B5114D0446807F82
:1053200083B02B780F461646834215D80D4B324674
:105330007F68694682208DE8880000F08DF92B781F
:10534000A077834205D900230120E681A38303B01F
:10535000F0BD002003B0F0BD00F09EF8E6E700BF0E
:1053600096F5002068070020F0B5044687B0807FDE
:1053700000F00AFAA08308B907B0F0BD1B4B0C2758
:105380001B4906ADA27F0DEB0706186800230968CC
:10539000DFF864E051F8221050F82200DEF8002017
:1053A00045F8107D0096019505F0F0F9114A0023AB
:1053B000A17F126822F81130421C13D09842DBDD25
:1053C000BDF80E309DF814605BBA9DF815509DF83D
:1053D00016109DF81720238326756575A175E27553
:1053E00007B0F0BD184607B0F0BD00BF28E80020A8
:1053F00004002020140020202CE80020224B1A68F2
:1054000052F82030C3B152F82000204910B584B0C2
:10541000012403AA0DF10B0303940092072205F067
:10542000B3FA01301CD09DF80B30042B15D8DFE8FF
:1054300003F005080B0E110018467047002004B059
:1054400010BD1C2004B010BD132004B010BD1720E7
:1054500004B010BD142004B010BD012004B010BD74
:1054600002F016FA04460A2109480CF0F9F80CF08B
:105470002BF92146074809F0C7FA064809F06CFAEB
:105480000CF022F9CFE700BF28E8002017E5030061
:10549000581C0020345B002070B50E4D04462B686C
:1054A0001A5C034452B986000B4D00242A681C7014
:1054B000905905F0CBF82B689C5170BD074A03B298
:1054C00012689E0052F8230001F080FE2B682344EE
:1054D000EAE700BF48E8002028E8002044E8002070
:1054E0002DE9F047564F88B097F80090B9F1000FBA
:1054F00000F08580DFF85C810E460546D8F8003064
:105500001C68F4B10433002402E053F8042BC2B148
:105510000134E4B2A145F8D14FF0000A534601E04E
:10552000994517D918461C46FFF768FF00F0FB00A5
:105530000AF1010A18285FFA8AF3F1D12046FFF731
:10554000ABFF404B0121022D1B680391029352D007
:10555000212D03D0387808B0BDE8F0870022084636
:10556000D8F800A00FFA84F905F018FB4AF82900D2
:105570004FEA8909D8F80030DFF8D88053F80930AD
:10558000002BE7D00C22002105A876BA05F02AFEF0
:10559000D8F800304FF0000E05A953F80900012398
:1055A0000C22ADF81660ADF81430CDF81CE005F013
:1055B00059FB0130D8F8003023D0042653F80900F5
:1055C000062202AB2049009605F056F9D8F80010E3
:1055D00002AB052251F809001B49009605F04CF971
:1055E000212D13D0194B002220461B6823F81420CC
:1055F00008B0BDE8F087084600222946B0E74846D3
:10560000A9E753F8090005F021F8A3E7D8F80050FE
:1056100003AB0F49102255F809500868062100967F
:105620000490284605F028F9D8F8001004AB0322AE
:1056300051F809000449009605F01EF9D2E700BFB1
:1056400096F500202CE8002017E5030040E8002034
:105650005C04002028E800202DE9F047022086B0F5
:1056600089461146FFF73CFF224B05461B788342D3
:105670003BD099F80540002699F804200FFA80F8ED
:10568000240499F8073099F806C04FF0080E04EB8F
:105690000264194F31460DF118091C443A6804ABF5
:1056A0004FF0040A04EB0C2452F828001922CDF81C
:1056B00000E024BA0596049405F0DEF83868FF236C
:1056C0003146182250F8280049F80C3D4B46CDF8D9
:1056D00000A005F0D1F83A684B46314652F8280050
:1056E0001722CDF800A005F0C7F8284606B0BDE89F
:1056F000F08700BF96F5002028E800202DE9F04152
:105700001E4E45001E4B37681B6837F810E02F44CB
:105710009E452FD080460EEB02001446834212DDD8
:1057200069B1184B08461B6853F82810714405F0FE
:10573000D7FC376837F818E02F440EEB04003880A8
:105740002046BDE8F081CEEB0304A4B261B10D4B5D
:10575000084622461B6853F82810714405F0C0FC27
:1057600033685F1933F818E004EB0E0120463980E6
:10577000BDE8F0814FF0FF34E2E700BF14002020C5
:105780002CE800200400202010B509490246094CED
:10579000022309682068084C51F8221050F82200B2
:1057A000226805F05FF8431C14BF80B2002010BDD2
:1057B0000400202028E800202CE80020044A054BA3
:1057C00012681B6852F8202033F81030D05C704704
:1057D000040020201400202070B51D460B440E4606
:1057E00004B2B3F5006F144B10DA1B6811462A4659
:1057F00053F82400304405F073FC104B28461A6817
:1058000032F814301D4422F8145070BD1B68C1F5E5
:105810000065114653F824002A46304405F060FC28
:10582000064BA8B21A6832F814309E1B06F50066C3
:1058300022F8146070BD00BF000020200800202066
:10584000F0B40C780CB94B7823B3002A2AD0174D4A
:1058500003B2174C00270120266854BA2A6826F89C
:10586000137052F823600F78124A37702E684F7801
:1058700056F8236077702E688F7856F82360B770DB
:105880002E68CD7856F82310CD70126822F8134098
:10589000F0BC70478B78002BD7D1CB78002BD4D1BC
:1058A0001846F5E71046F0BC704700BF10002020F6
:1058B000080020200C002020F0B51B4A87B01B4CAC
:1058C000012312680C262468ADF80C300B4654F8FE
:1058D00020700DEB060532F81020DFF85CC0ADF843
:1058E0000E2079783C780904FA7897F802E001EB09
:1058F00004640F4F0F4914443F68DCF8002004EBA8
:105900000E2457F82070096824BA32F8102051F894
:105910002010384605948DE8600004F0C5FE013083
:1059200018BF012007B0F0BD0C002020100020207F
:1059300028E80020000020200800202040BA80B283
:10594000704700BF00BA7047002070472DE9F04152
:10595000514D0446514BEA6E514E194642F4406295
:105960005048EA66C3F8E860C3F8E400D1F8E030D4
:105970004A4A002BFADA4C4D4FF480334B49052745
:10598000C2F8E83043F2E9066A684FF4004C484B2D
:105990004FF4804E1140474803224FF0160841F45F
:1059A000003169604BF2E905C3F87471C3F878718E
:1059B0003127416841F440414160C0F884C04FF054
:1059C000020CC0F888E00120C3F87C634FF0000EA1
:1059D000C3F88463C3F88053C3F89863C3F888534B
:1059E000C3F88C53C3F89053C3F8947307F160471E
:1059F000C3F89021C3F88C2107F6D377C3F8A481AC
:105A0000C3F8A8213D46C3F89421C3F8A021C3F8E8
:105A10009821C3F89C2102F186422749274E02F5BE
:105A2000DE12C3F8B8E102F5F452C3F8B4E1C1F8EC
:105A300030C048638863C8630864C86238683368E4
:105A4000A2FB0332920C52002B681D491B1A9A428A
:105A5000FAD8184812221B4B4FF48045C0F88450E6
:105A600008465A64184A09683368A2FB0332920C4C
:105A700002EB820203685B1A9A42FBD84FF4207251
:105A80001821204602F070F820468122172102F0EA
:105A90006BF80020BDE8F08100C00F4000800D4091
:105AA0000F1001000120210000C00A40FFDF7DFF30
:105AB00000801F400040004200841F40105B002017
:105AC000041000E000802D4083DE1B43014B18785A
:105AD00003F02CB904ED00E0102832D91A4B1B4A10
:105AE0009B68F0B453F82040944218BF43F820203C
:105AF000A0F110025309042B20D89E00144D01245C
:105B000002F01F0235440F2904FA02F2104FD5F8B3
:105B1000806128BF0F210F4C1643C1F10F010444CF
:105B20000020C5F88061090157F82350C9B22A4303
:105B300047F8232084F80013F0BC70470020F0BC25
:105B400070474FF0FF30704700ED00E0C962000081
:105B500000E100E0F0E000E0E0B103691B78012B18
:105B600018D1C3681A68AAB1A1B113680020D3F88C
:105B7000E43030B4CB701D0E1C0C1B0A0D704C7041
:105B80008B701368D3F8E8301A0E1B0C0A714B7136
:105B900030BC70474FF0FF30704700BF70B10369F1
:105BA0001B78012B0AD1C36800201B681B68D3F83F
:105BB0000422D3F8843281E80C0070474FF0FF30A4
:105BC000704700BFC3681A6813685968890103D415
:105BD0004FF0FF325A6070474FF00071D16059604A
:105BE000704700BFF0B4C6684FF400078904154D34
:105BF00030684FF4803301F4F80144686760A768A7
:105C0000A06820F40000A060307AC00500F0786041
:105C100005432943216401E0013B0BD0616809027F
:105C2000FAD54FF4000300206360A760236CF0BC3A
:105C3000138070474FF400034FF0FF306360A7609C
:105C4000F0BC704700000260F0B4C7684FF4000079
:105C50008904154D3C684FF4803301F4F801646801
:105C60006060A668A06820F40000A060387AC005D3
:105C700000F07860024315432943216401E0013BB1
:105C800009D062681202FAD54FF400030020636065
:105C9000A660F0BC70474FF400034FF0FF30636024
:105CA000A660F0BC704700BF00000250002835D04D
:105CB000F8B503691B78012B2DD1C3681F6857B352
:105CC00049B30C46054606221649204605F09AFAC5
:105CD00008B306221449204605F094FAD8B1237877
:105CE00013F0010617D161781B06E278284643EAD3
:105CF0000143A5783968134343EA0523C1F8E4302A
:105D0000637922791B0443EA0263C1F8E83001F0A9
:105D10006BFE3046F8BD4FF0FF30F8BD4FF0FF305E
:105D2000704700BF280F0020200F002038B5C3683F
:105D300000224FF0FF35044619680B6888685A64E2
:105D40005A629A605D6003F057F82046BDE838401B
:105D500001F03EBEC3689A692DE9F04F074683B053
:105D60001E6822B1904710B103B0BDE8F08F3268D1
:105D700001235362536A13F00104FBD1306B4FF0DF
:105D8000FF314FF00C09946000F13F0800F18E03E1
:105D9000ED30516028F03F0823F03F0320F03F0032
:105DA0002546C6F81480A246C6F82480B361336243
:105DB000A8F80090A8F80240FFF7C4FD336BD6F8AE
:105DC00014B0C8F8040003F22A709BF808306FF092
:105DD0007F088BF8089020F03F009BF8093040F2D4
:105DE0003D698BF809409BF80A308BF80A409BF814
:105DF0000B308BF80B40FFF7A5FD0223CBF80C000E
:105E00003377306BB36909FB050003EBC50413F866
:105E1000352000F6675003F835800135637820F0AF
:105E20003F0084F801A0A37884F802A0E37884F806
:105E300003A0FFF787FD042D6060E2D171692B4656
:105E400075770A89D6F818E042F02002B0680A8116
:105E5000BEF818402D4A44F020042D49AEF81840F1
:105E6000009702F089FF00287FF47EAFB46940F20A
:105E7000FE5E7169182233684FF047084FF4807C4A
:105E8000C3F82001C3F82401C3F81801C3F81C01AA
:105E9000C3F888E14FF06E0EC3F880410F24C3F8B9
:105EA00084111C49C3F884104FF00071C3F8C4502A
:105EB000C3F8C0210222C3F8C481C3F844C1C3F8A7
:105EC000900138463C627468C4F844E099605A62B4
:105ED00001F07EFE00287FF447AF33684FF00042A8
:105EE0004FF08071C3F8E400C3F8E8005A66C3F8C5
:105EF0000402C3F884025A6E22F000425A66B0626D
:105F0000F062196103B0BDE8F08F00BFB167000017
:105F1000C16300000401FE05F8B5C3681C68236A6C
:105F20001A8815062FD405464FF080761A88110777
:105F30002AD4236A21681A88083302F0200223F841
:105F4000082C33F8082C42F0800223F8082C33F890
:105F5000082C920648BFA36923620E611A881707AE
:105F6000E9D51A8802F020021A801A8842F08002CD
:105F70001A801A8890064CBFA369083323620E6109
:105F80001A881206D2D5F8BD1A8812F47C5F02D0A6
:105F9000236A2168E5E75868FFF7D4FC236A0746BF
:105FA0005888FFF7CBFC39460246284601F07CFCB6
:105FB000EEE700BF38B5C36805461C6802F04AFF2B
:105FC000E3689A0105D523F000732846E360FFF7E4
:105FD000A3FFBDE8384002F045BF00BFF8B50D464D
:105FE000002933D04B690D2B30D9C3681E68736A02
:105FF0001C8804F08004A4B2002CF9D15868FFF783
:10600000A1FC2146034607464FF0FF32284603F025
:10601000AFF8AB6999061ED5686980B2746AFFF75C
:106020008DFC736A60801A8842F080021A80BFF388
:106030005F8F1A88920632684CBF736908337362A7
:106040005369002BFCD14FF0807353612846BDE8A3
:10605000F84003F0E1B9BB896869082B19D02728FB
:10606000DBD94DF686529342D7D1397D28230029BA
:10607000D3D003F10E0206293A441ED0112915D0BF
:106080000129CAD104339842C7D300239370D37037
:10609000C3E71328C1D9BB8A23F04003002BBCD12E
:1060A000BB7BF97D9B0003F03C03E0E7083398429B
:1060B000B3D300239371D371AFE714339842ACD3B9
:1060C000002313745374A8E7C2684FF0FF33F0B491
:1060D000CE181768053116F8014F082006E01E4B50
:1060E00001384FEA540483EA05030AD084EA030224
:1060F0005D08D207F3D401384FEA53034FEA540442
:10610000F4D18E42E7D19B0E012203F01F011F2B19
:106110003B6802FA01F208D8D3F824110A420FD0E2
:10612000BB6A1A43BA62F0BC7047D3F820110A4226
:106130000DD1D3F820110A43F0BCC3F820217047D9
:10614000D3F824110A43F0BCC3F824217047FB6A3A
:106150001A43FA62F0BC70472083B8EDC2684FF072
:10616000FF33F0B4CE181768053116F8014F082038
:1061700006E0184B01384FEA540483EA05030AD0BD
:1061800084EA03025D08D207F3D401384FEA5303CF
:106190004FEA5404F4D18E42E7D19B0E01223868B5
:1061A00003F01F011F2B02FA01F209D9F96AD0F896
:1061B000203161EA02021340F0BCC0F82031704780
:1061C000B96AD0F8243161EA02021340F0BCC0F889
:1061D000243170472083B8ED38B5DC1C8C420BD8D5
:1061E0001C46054602701A4602346B700499023050
:1061F00004F076FF281938BD002038BD70B590E84E
:106200004400531C9E4203D89AE0B24200F0D8806A
:10621000147813460132002CF7D0FF2C00F0D08008
:106220005A7802321A44B24200F2CA8002601C78E4
:106230005D78013C3A2CE4D80FF2040E5EF824F0AD
:10624000AF6B0000FF690000A16B0000FF69000058
:10625000FF690000936B0000FF690000FF69000008
:10626000FF690000FF690000FF690000FF6900008E
:10627000FF690000FF690000FF690000FF6900007E
:10628000FF690000FF690000FF690000FF6900006E
:10629000FF690000FF690000FF690000FF6900005E
:1062A000FF690000FF690000FF690000FF6900004E
:1062B000FF690000FF690000FF690000FF6900003E
:1062C000FF690000FF690000FF690000FF6900002E
:1062D000FF690000FF690000FF690000FF6900001E
:1062E000FF690000FF690000FF690000FF6900000E
:1062F000FF690000FF690000FF690000FF690000FE
:10630000FF690000FF690000856B00006D6B0000F5
:106310005B6B00004D6B0000FF690000FF6900002F
:10632000FF6900003F6B0000296B0000042D7FF423
:1063300068AFD3F802308B61531C9E423FF668AFC2
:1063400070BD042D7FF45DAFD3F802304B6158E788
:10635000042D7FF456AFD3F80230CB6051E7012D06
:106360007FF44FAF9B7881F8203090E8440048E7F5
:10637000012D7FF446AF9B78032B3FF642AF81F8A7
:10638000213090E844003CE7042D7FF43AAFD3F885
:106390000230CB6135E7032D7FF633AFD3F80230FF
:1063A0000B612EE7032D7FF62CAFD3F802308B6004
:1063B00027E7042D7FF425AFD3F802304B6020E7A8
:1063C00070BD00BF2DE9F0410C2586B000F1340608
:1063D000044606AB0DEB050200680F4643F8105D5E
:1063E00031460193002300924FF40A7204F0CEF973
:1063F000054607F089F8A3696269C01A904250D235
:10640000EF2D03DD94F83430022B04D0002528460C
:1064100006B0BDE8F081D4F83880A06AFFF792FAA0
:106420008045F3D194F83620062AEFD104F12001FB
:1064300004F1500004F0E6FE0028E7D104221A49D6
:1064400004F5907004F0DEFE0028DFD124213846E8
:1064500004F0D0FE6B1E616C04F592721E4404F1D0
:106460002C083960394626634046E262FFF7C6FED3
:1064700097F82130002BCAD09A07394640464CBFC6
:1064800004F1600304F1A003E36297F82130DB0715
:106490004CBF04F21F1304F19F032363FFF7AEFE0A
:1064A000B5E74FF0FF35B2E71C0F00202DE9F04FA4
:1064B00000F13407044689B04FF40A7100F1200856
:1064C000384604F097FE06250123A06A84F836506A
:1064D00084F8343084F83530FFF734FA80232A46C4
:1064E000A063E387414604F1500004F5927504F07F
:1064F000F7FD04F590700422704904F0F1FD237952
:10650000092B00F28A80DFE803F08B88969EB8881A
:10651000C3CE880504F5187204F5177628460423BF
:10652000711B00923222FFF757FE0546002874D0F7
:1065300003234FF0FF398DF809300DF10900711B6D
:106540000123352200902846FFF746FE0546002825
:1065500063D09DF8093003F0FD03012B1CD106F038
:10656000D3FFD4F86432A0615BB104F51970711BDC
:106570000423332200902846FFF72EFE054600280C
:106580004BD04F48711B0623372200902846FFF757
:1065900023FE0546002840D04FF40A70FFF7CEF9DD
:1065A0000DF1200E711B02232EF8160D39222846FC
:1065B000CDF800E0FFF710FE054670B30DF1200B9B
:1065C0004FF0010A414606220DF10D000BF814AD03
:1065D00004F086FD711B2846CDF800B007233D224C
:1065E000FFF7FAFD0546C0B1FF2305AE0C2103708D
:1065F000304604F0FFFD0C23EA1B20684FF486446C
:1066000001930096524439460023ADF814A0CDF80A
:106610001C90ADF8164004F047F809B0BDE8F08FC3
:10662000D4F86C220723D4F8789204F51776226404
:106630008DF8093081E7012304F517764FF0FF3913
:106640008DF8093079E704F5247204F517762846A9
:1066500004230092711B3222FFF7BEFD0028DCD01C
:1066600004F52775311A042336220095FFF7B4FD8F
:10667000054600287FF45CAFCFE7D4F86C220423F2
:1066800004F517764FF0FF3922648DF8093054E78E
:10669000D4F86C220323D4F8789204F51776226498
:1066A0008DF8093049E70322D4F86C3204F51776E7
:1066B0004FF0FF398DF8092023643EE71C0F0020BE
:1066C000D467002010B504460171092906D8DFE817
:1066D00001F01328383D4A576778280610BDFFF7A8
:1066E000E5FE0120A1694FF4FA524FF47A6320735A
:1066F0002161A260636110BDD0F86C32002B66D1BD
:10670000D4F8B40203F090F9022863D00023206883
:10671000637103F09BFFD4F8B802BDE8104000F0AD
:10672000F3BCD0F8B40203F07FF9012805D00022B1
:10673000D4F8B402114603F01FF9A36A0133A3622F
:1067400010BDFFF7B3FEE369636110BDFFF7AEFE56
:106750000120A1694FF47A624FF47A5320732161CA
:106760006261A36010BDD0F86C12D0F8B40200F0E2
:1067700089FF06F0C9FE4FF47A73A061A36010BDD3
:1067800083690622D0F880022361431C227316D04D
:10679000FFF7D8F84FF47A7303FB00F0A06010BD48
:1067A000FFF784FE0723D4F884022373FFF7CAF8A7
:1067B0004FF47A734EF6602203FB00F06261A06032
:1067C00010BDFFF773FE0123D4F88802EDE7FFF751
:1067D0006DFE95E70022D4F8B402114603F0CCF820
:1067E00094E700BF10B50446D0F87022D0F86C12C0
:1067F000D0F8B40203F0C0F8D4F87412D4F8B4029C
:1068000003F0CAF8D4F87C12D4F8B40203F0D0F83C
:10681000D4F8B402022103F013F920460521FFF752
:1068200051FFD4F8BC323BB1D4F8C8222046D4F88A
:10683000B412BDE81040184710BD00BF10B50446A3
:1068400000F07CFC00212046FFF73CFFBDE8104033
:1068500000F07ABC0279531EF0B504468DB0082BC7
:106860003ED8DFE803F04E56056F8805053F05006A
:10687000063A012A40F2B28006F046FE2369A26879
:10688000C01A904280F09E80204603A9FFF79AFD2F
:10689000421C00F0AA80002822DD9DF82C30052B38
:1068A00040F09580039BDBB1069BCBB10A9DBDB147
:1068B000A36923616B1C40F09C800895099503AD8A
:1068C00004F51B7694F868720FCD0FC60FCD2D68B6
:1068D0000FC63560002F5AD020460421FFF7F2FE84
:1068E0000DB0F0BD0921FFF7EDFED4F8C032002B4A
:1068F000F6D0D4F8C4222046D4F8B41298470DB08C
:10690000F0BD0221FFF7DEFED4F8C032002BF0D13B
:10691000E6E703A9FFF756FD411C5AD00028DFDD4A
:106920009DF82C30022BDBD103AD04F524760FCD7E
:106930000FC60FCD2D680FC6204635600321FFF727
:10694000C1FECDE706F0E0FDA369A268C01A90423F
:106950001DD20022D4F86C12D4F8B40200F02CFD41
:1069600001280546BCD12046FFF7A0FD2946204658
:10697000FFF7A8FEB4E7D0F8B40203F055F850B919
:106980006379012BACD12046FFF758FFA8E72046DA
:10699000FFF728FFA4E70C230CAA20680DEB0301E6
:1069A00042F8283D00238DE806004FF40A7204F1F6
:1069B000340103F0EBFE06F0A7FD2369A268C01ABC
:1069C00090428DD9217B2046FFF77CFE88E7062B7D
:1069D00086D120460121FFF775FE81E7D0F8B40289
:1069E00003F022F80028CBD046E72046FFF75EFDF3
:1069F00076E72846FEF7A6FFB3281FD84FF03443AA
:106A00000A93089BC3B1099B0A9813B185423FF4CE
:106A100056AFFEF797FF4008FEF794FF08900A98DC
:106A2000FEF790FF05460A98FEF78CFFA5EBD00015
:106A3000FEF788FF099042E70A98EAE70A98FEF70E
:106A400081FF034B9842DCD9024B0A93D9E700BF80
:106A50009BC420000020C49B2DE9F043054685B06F
:106A600000F06CFB002D5AD02E68002E57D0304617
:106A700003F022F98146002851D02C4C6779002F71
:106A80004DD10C214FF0010801A804F0B3FB4FF4E5
:106A900088433A46404602210397CDF80890ADF866
:106AA0000480ADF8063004F079F82060002836D074
:106AB00001A90C2204F0D6F870BB062204F12001D3
:106AC000304602F0E3FF38BB2146194800F0FCFADB
:106AD000C4F8B80200B34FF47A63C4F8B462E36157
:106AE0006B68C4F86032A868FEF72CFFD4F8602207
:106AF0002B7B002AC4F86402204684F868320CBF5D
:106B000001210821FFF7DEFD84F8058000F01CFB61
:106B1000204605B0BDE8F083206803F097FD00F043
:106B200013FB002005B0BDE8F08300BF8CEC002013
:106B30005170000010B14379012B00D07047FFF76E
:106B40007DBE00BF00B14079704700BF38B590B13D
:106B5000054600F0F3FA094B5A79012A04D00024C3
:106B600000F0F2FA204638BDD3F8B40285420CBFDB
:106B70001C460024F4E70446F4E700BF8CEC002038
:106B800089B180B138B505460C4600F0D7FA05F555
:106B90001B750FCD0FC495E80F0084E80F00BDE80A
:106BA000384000F0D1BA704718B119B94FF47A6380
:106BB000C3617047C16170472DE9F84380460846BC
:106BC0000D4604F039FB0646404604F035FB2EB175
:106BD000731C984205D00020BDE8F8830120BDE871
:106BE000F883013D002715F8013F7C1C2E2B204621
:106BF0000AD018F8040004F04DFB8146287804F010
:106C000049FB8145204608D1A6422746EBD8301AD9
:106C1000B0FA80F04009BDE8F8833846F7E700BFD6
:106C20002DE9F04F4FF4007389B00446039300F050
:106C300085FACCB16369BBB14FF48071E06804F0B0
:106C400007FB0138FE280FD80C22214605A804F0C6
:106C500047FA05A804F058F9012800F09F80DFF8F2
:106C6000A89199F808302BB100F06EFA002009B015
:106C7000BDE8F08F4FF41C71484604F0BBFA62691E
:106C8000A369C9F80C20C9F81030228AE368A9F872
:106C90002C20C9F8183004F031FBA9F82800238A09
:106CA000012B76D0022BDFD14FF4E053A9F82A3024
:106CB00000220221BDF8140003F070FF524EC9F803
:106CC00000000028D0D004250622504903AB0095CF
:106CD00003F0D2FD306803AB009505224B4903F069
:106CE000CBFDBDF816301BB94FF45453ADF8163038
:106CF00005A90C22D9F8000003F0E8FB0130424E50
:106D000072D0358D01224FF48073E1680DF12008B7
:106D1000002406F13B003286F58506F13A0B7386B6
:106D200048F8104DB6F82AA004F0A6FA42463849B1
:106D300006F13B0004F0B6FA06E000208CF83A3089
:106D40000EF1010404F0AEFA601C2F4D584405F119
:106D50003A0704F071FA06EB040C0346424604EBD2
:106D6000000E2B490028E8D127440126113429467A
:106D7000A7F801A0FB703E7126486C6200F0A4F9F0
:106D8000686088B32E7200F0DFF9284609B0BDE8CC
:106D9000F08F4FF48073A9F82A3089E7069802F043
:106DA00095FF054628B3002603E002F011FD0546D5
:106DB00020B3BDF814302846771C0BB1DB0703D590
:106DC00002F028FE0790D8B9069B30463E46002BBD
:106DD000EBD005A804F098F800287FF445AF2846CA
:106DE00002F06AFF06903AE7D9F8000003F02EFCA3
:106DF0003AE702F0E9FD05460028D4D10025E8E78E
:106E00000123ADF81430E4E7ECE9002017E50300B6
:106E1000AC540020AD7600002DE9F04F4FF0000A91
:106E200083B01746814688461646554601933C78FE
:106E300004F0C000C0281ED0A8BBB9F1000F30D0AC
:106E4000B8F1000F2DD0A0452ED9621CC4EB080864
:106E500048463946934608F1FF3804F041F9D944D1
:106E60005A461744BE4238BF3E46002CDFD130465A
:106E700003B0BDE8F08F05B9023624027D780C9B83
:106E800004F47C5425449D420DD20AF1010A019B71
:106E9000BAF1040F03EB0507C9D95C5D04F0C0002B
:106EA000CAE7621CDDE7002003B0BDE8F08F00BF39
:106EB000037A022B2DE9F0430446ADF5037D30D073
:106EC000032B16D0012B03D00DF5037DBDE8F08315
:106ED0000023426A00F12E01006803F04DFC636A52
:106EE000984200F0A480032323720DF5037DBDE8D2
:106EF000F08300F023F9206803F0A8FB606800F03D
:106F000003F90023237200F01FF9216A00297AD1C6
:106F10000846E5682369A269A8470DF5037DBDE829
:106F2000F08300F12E0600234FF400720068314612
:106F300003F098FC0C28054668D9E28D238D9A420F
:106F4000C2D1B4F93030002BBEDA608EFEF7F6FC09
:106F50000128B9D10095334604F13A0202A8FF2175
:106F6000FFF75AFF07460028AED0A16902A8FFF735
:106F700023FE0128A8D104374FF0000806EB0509CD
:106F800009E0B3F5A06F58D0388908F10108FEF781
:106F9000D5FC0A300744A08EFEF7D0FC80455CD2B9
:106FA0004F455AD23A4600953346FF2102A8FFF7D3
:106FB00033FF0746002850D0A16902A8FFF7FCFD67
:106FC0000128E1D13B88628D9A42DAD17B88B3F502
:106FD000807FD9D1B2F5807F236A43D103F12302A8
:106FE000D7F80A101201A0522244916004EB031258
:106FF00001337968032BC2F83C122362C4D9002BF9
:107000007FF471AF60E704F50C7082E706F07CFA5C
:107010006369C01AB0F57A7F7FF656AFE369013332
:10702000052BE3613FF65FAF012323724CE706F0C7
:107030006BFA02236061237246E77B88B3F5807F99
:10704000A2D13346009507F10A02FF2142A8FFF7BB
:10705000E3FE0DF20913A36196E7236A002B7FF488
:1070600042AF31E723330220102207F10A011B014E
:10707000E052E018083004F033F8236AB6E700BFA6
:10708000F8B50F4C01270F4804F1900603F0F4FF08
:1070900002E00C34B4420ED02368002BF9D02579DD
:1070A000002DF6D127710C3454F8040C984704F8DD
:1070B000085CB442F0D10348BDE8F84003F0E8BFF3
:1070C00084EF002018F00020F8B5C8B106460F463E
:1070D00003F0EAFF00220B4D1346AC580C3209496D
:1070E0003CB101330C2BF8D1002403F0EBFF204618
:1070F000F8BD03EB43039B00CC18CE50A760F4E728
:107100000446F4E784EF002048B110B5044603F0CC
:10711000CBFF00232360BDE8104003F0D3BF7047CE
:1071200008B50448902104F065F80348BDE808401C
:1071300003F094BF84EF002018F00020014803F012
:107140009BBF00BF18F00020014803F0A1BF00BFA3
:1071500018F0002010B50446006802F073FD237B90
:10716000834207D020730146236962692068BDE825
:107170001040184710BD00BFF8B50546FFF7DEFF09
:1071800035B12B6823B16B6813B10E4C26790EB163
:107190000020F8BD1821204604F02CF82F686A68FA
:1071A0002146AB680848276022616361FFF78CFFC6
:1071B000A0600028ECD0012326732371FFF7C4FFE1
:1071C0002046F8BD60EF00205179000068B110B58D
:1071D0000446FFF7B3FF204614F080FB204614F06E
:1071E00085FBBDE81040FFF7AFBF704702F05CBD04
:1071F00070B50F4E00F1F005044602E01834AC42C1
:1072000014D0A368002BF9D006F07EF9E368C01A09
:10721000B042F3D9236918460BB102F0FDF82046BD
:107220001834182103F0E6FFAC42EAD170BD00BF6C
:10723000804F12002DE9F0470023164604460F4602
:107240008046024691681832B9424AD001330A2B6F
:10725000F8D1234600259A68183312B301350A2D58
:10726000F9D10025A946AA4606E00AF1010A08F16B
:107270001808BAF10A0F14D006F046F9D8F80C3005
:10728000C01A4845F1D955460AF1010A06F03CF901
:10729000D8F80C30BAF10A0F08F11808C3EB00094E
:1072A000EAD14FEA450909EB050804EBC808D8F80C
:1072B000100030B102F0B0F80023C8F81030C8F860
:1072C00014304D443146062204EBC5052846AF6014
:1072D00003F006FF06F018F92B46E8601846BDE8F3
:1072E000F08703EB43033146062204EBC304204638
:1072F00003F0F6FE06F008F92346E0601846BDE804
:10730000F08700BF08B301B3F8B507460E4601F198
:10731000F0050C46B96520461834182103F06AFFC1
:10732000AC42F8D132460C490C4806F025F9C6F8B3
:10733000F00068B139460A4801F040FDB0FA80F328
:10734000C6F8F4005B095842F8BD4FF0FF307047B3
:107350004FF0FF30F8BD00BFED790000E09304006E
:10736000E979000010B5846D34B1D4F8F00006F06E
:1073700023F90023C4F8F03010BD00BF806D002356
:10738000024610B5946818328C4205D001330A2B9E
:10739000F8D10024204610BD03EB43030622054923
:1073A00000EBC304204603F02DFF0028F1D0204657
:1073B00010BD00BF280F002070B5D0B1846D94B10E
:1073C00004460E46154601F045FD31462046FFF7BE
:1073D000D5FF60B14DB1014606222846012403F0D5
:1073E0007FFE01F03FFD204670BD0124F9E7044611
:1073F000F7E70446204670BD2DE9F04385B00B4603
:10740000019149691B2904D9DC682288B2F5807F83
:1074100005D0184602F000F805B0BDE8F0832279E7
:10742000062AF6D16288082AF3D16279042AF0D1BB
:107430001C290546D0F8589008D10622284602A9F2
:1074400002F00CFB064638B1019BE2E7C1F11C01DA
:1074500001A802F075F8F0E704F10807062202A976
:10746000384603F0CFFE0028EED0062234493846D5
:1074700003F0C8FE0028E7D0D4F80E10EB6AD4F869
:10748000188099424DD0984515D03346AA6D4FF0DB
:10749000180E01E00A2BD7D00EFB03260133B0688B
:1074A0008142F7D106223946304603F019FE06F034
:1074B0002BF8F06005E03A46A86DFFF7BBFE0646E4
:1074C00050B1336943B132464FF40061284600F0B1
:1074D00033FA002333617361E388B3F5807FB3D15E
:1074E000EB6A9845B0D1022304F11206002106226E
:1074F000E3713046A171394603F0F2FD02A9384626
:10750000062203F0EDFDD4F80E10EB6A3246A161BD
:107510002846C4F80E3040F60601019B00F00CFA34
:107520007AE721B9AB6DD3F8F8309845D4D101236F
:10753000D9F8F40085F8543001F0BEFCCCE700BF68
:10754000200F0020002849D02DE9F043D0F85880C2
:1075500083B0B8F1000F22D00546894601F07AFCCD
:1075600001211C2001F0A8FD0646B0B1C46800232B
:10757000082104224FF0010E0627A17028466271EF
:1075800069463A462370E370A37184F801E084F8F9
:1075900007E0277102F062FA20B101F063FC03B04A
:1075A000BDE8F0833A460E4904F1120003F098FD5D
:1075B0003A46694604F1080003F092FDEB6AC4F80C
:1075C0001890C4F80E300BB9C8F8F8903346284626
:1075D000044A40F6060100F0AFF9DEE7704700BF4D
:1075E000280F0020200F00202DE9F047D0F8588008
:1075F00007460D469146002401F02CFC43469A684C
:107600001833AA4219D001340A2CF8D11C4A294651
:10761000B86DFFF70FFE0646006908B101F0FCFEE9
:10762000C6F8109005F070FF294670613846FFF7E4
:1076300089FFBDE8F04701F015BC04EB440608EBF8
:10764000C606336906F1100A9BB105F05DFF736948
:10765000C01AB0F57A7FDAF8000008D848B101F016
:10766000DBFEC6F81090BDE8F04701F0FBBB002838
:10767000D4D1182303FB0484C4F81090D2E700BFD0
:10768000280F002038B504460D4603F00DFD2946AD
:107690002046FFF757FFBDE8384003F013BD00BF99
:1076A00070B5846D002501F0D5FB04F1F006236967
:1076B00018461BB101F0B0FE256165611834B44273
:1076C000F5D1BDE8704001F0CDBB00BFB1F1200C99
:1076D0002DE9F04F3ED402F12003E64633F8204C6A
:1076E000BEF1200E33F81E1C03F1200333F83C5C7E
:1076F000214433F83A4C33F8387C294433F8366C5B
:1077000033F8345C214433F8324C33F830BC39441C
:1077100033F82EAC33F82C9C314433F82A8C33F8F0
:10772000287C294433F8266C33F8245C214433F850
:10773000224C594451444944414439443144294438
:1077400021440844CAD54FEA5C114B1CACEB4111F3
:1077500002EB4312B1F1080718D402F108033E46C8
:1077600033F8084C083E33F8061C03F1080333F8DD
:107770000C5C214433F80A4C294421440844EFD5D9
:10778000F9084B1CA7EBC10102EBC3028D1E0CD400
:107790002B46114631F8024B023B2044FAD56908CA
:1077A0004B1CA5EB410102EB430209B113781844CD
:1077B000BDE8F08FF0B5056983B007460C468D42F1
:1077C0004FF00006C26828BF0D462946304624B156
:1077D000641BFFF77BFF064614B9304603B0F0BDCB
:1077E0003F6815F00105FA682B4605D13969254631
:1077F000A14298BFCD18E8E712F8010B013C0092B6
:107800000192FEF79BF84FF0FF330644009AEDE734
:1078100008B5FFF7CFFF4FF6FF7303441A0C03D0F0
:1078200012FA83F31A0CFBD1D84380B208BD00BF13
:1078300070B515460E461146FFF7BCFF04462846B4
:10784000FEF77CF84FF6FF7333441C442044030CCE
:1078500003D013FA80F0030CFBD180B270BD00BFDF
:1078600038B51C4615460A461946FFF72FFF2A462B
:107870002146FFF72BFF4FF6FF7303441A0C03D08A
:1078800012FA83F31A0CFBD1D84380B238BD00BF83
:10789000014B93F90000704793F50020014B1870DD
:1078A000704700BF93F50020002818BF0E2A0CD99E
:1078B00059B170B582B00D46144606226946064697
:1078C00002F0CCF810B102B070BD704706226946D4
:1078D000A81803F097FC0028F5D0A4F10E010122AE
:1078E00005F10E0001F034FC0028ECD02B78FF2BC2
:1078F0000ED0012B03D1836943F004038361AB896C
:10790000B3F5C16F0DD0082B10D001F085FDDAE77B
:107910006B78FF2BF3D1836943F0020383612B78EB
:10792000E7E7034B014630469847CCE7014BF9E7C0
:10793000F57B0000018B00002DE9F04705460F465E
:1079400090461C4643B15A6983689A4204D920463E
:10795000BDE8F04701F060BD01210E20D5F80CA074
:1079600001F0AAFB06460028F1D0D0F80C900622C0
:10797000284609EB020102F071F80028E7D14146E0
:107980000622484603F0ACFB3846FDF7D7FFA9F8BE
:107990000C0024B13046214601F086FE0646DAF896
:1079A0000C3031462846BDE8F0471847C16851B150
:1079B000203108B5FFF7A6FC20B9044A136801334B
:1079C000136008BD08BD4FF0FF30704758EF00202E
:1079D00008B5FFF7C7FC024A1368013B136008BDF6
:1079E00058EF0020FFF75CBEC16A10B582B039B90C
:1079F00006226946044602F031F828B102B010BDF3
:107A0000FFF7A0FD02B010BD03466A4620464FF6C0
:107A1000FF71FFF791FF02B010BD00BFF0B50C463B
:107A200083B0054601462046174600F0EBFC98B9A6
:107A300004F0F002E02A1DD0214628466A466E4630
:107A4000FFF7BAFC78B13B46324628464FF4006156
:107A5000FFF772FF03B0F0BD0622154968466E4677
:107A600003F03EFBEFE73A4621462846FFF7BCFD10
:107A700003B0F0BD034601215E2220468DF80010C0
:107A80006E468DF802208DF80130FDF75BFFC0F3E4
:107A9000064320468DF80330FDF754FF030A2046C5
:107AA0008DF80430FDF74EFF8DF80500CBE700BFE1
:107AB000200F0020C368F0B55A6985B00191CAB1A2
:107AC0009DF805304FF0010E00275E2603F07F037E
:107AD0009DF806509DF8074002A98DF80B308DF8EF
:107AE00008E08DF809708DF80A608DF80C508DF85B
:107AF0000D40904705B0F0BDC368F0B51A6985B078
:107B00000191CAB19DF805304FF0010E00275E26A5
:107B100003F07F039DF806509DF8074002A98DF8F9
:107B20000B308DF808E08DF809708DF80A608DF83B
:107B30000C508DF80D40904705B0F0BD80B1036941
:107B400010B41C78012C06D15B6B23B11B6813B1F8
:107B50005DF8044B18474FF0FF305DF8044B704759
:107B60004FF0FF30704700BF80B1036910B41C783C
:107B7000012C06D15B6B23B15B6813B15DF8044B3C
:107B800018474FF0FF305DF8044B70474FF0FF305F
:107B9000704700BF10B5044682B018B10369197868
:107BA000012903D094F8240002B010BD5B6B002BB8
:107BB000F8D01B68002BF5D00DF10602984700287D
:107BC000F0D1BDF80600C0F3800002B010BD00BFC8
:107BD000F0B583B000234FF40042054602AE1946CB
:107BE00042F21074C76826F8023DFFF7BDFF01E0BE
:107BF000013C40D0324600212846FFF79FFFBDF9E7
:107C00000630002BF4DBFB6923B12846984708B106
:107C100003B0F0BD324600212846FFF78FFFBDF8C4
:107C200006200021284622F4B0521204120C42F41D
:107C30009052FFF799FF05F067FC04462B6919780D
:107C4000012902D0002003B0F0BD5B6B324628460C
:107C5000002BF7D01B68002BF4D098470130F1D0EF
:107C6000BDF806309B06EDD405F04EFC001BB0F5C8
:107C7000FA6FE3D3E6E7FB69ABB1284698470028E3
:107C8000C6D1324621462846FFF758FFBDF80620E8
:107C90002146284622F4B0521204120C42F49052AB
:107CA000FFF762FFCEE7324621462846FFF746FF40
:107CB000BDF806202846214622F4B0521204120CC8
:107CC00042F49052FFF750FF2046A1E72DE9F04320
:107CD0001C46002387B08846E56891460646AB708F
:107CE000EB7010B1036A9B0715D461692046FFF75A
:107CF0008FFD6880002540274A46414601230294B3
:107D000030460595049503958DE8A00000F02AFE05
:107D100007B0BDE8F083616900F0CEFA0028E4D135
:107D2000A36943F02003A361E4E700BF2DE9F0411C
:107D30000E46516988B013462329019227D9242978
:107D4000074601AC29D1204601F088FB0130019B98
:107D50001DD0D3F80C800021012098F8112002F0EA
:107D60002DF8054690B1836983B105AB02AA08F1ED
:107D70000801384600F0A8FA20461C2101F0E0FB7B
:107D800005AA02A9AC693046019BA047019B184691
:107D900001F042FB08B0BDE8F081C1F124012046AA
:107DA00001F0CEFB019B2046596901F057FB0130E1
:107DB000019BCED1EBE700BFF0B583B004460E4681
:107DC00015460898019301F027FB01989CB190B1EA
:107DD00004210DEB010001F041FB013001980AD0B4
:107DE0008369AF689B06B668C56808D44169FFF728
:107DF0000FFD20B1019801F00FFB03B0F0BD21464B
:107E0000304600F0FFFA0028F4D106F0F003E02B32
:107E1000F0D02B78033B092BECD801A252F823F0C9
:107E2000A186000099860000F1850000F185000020
:107E3000F18500006D860000F1850000F1850000ED
:107E400057860000458600006B78012BD2D820466B
:107E5000019A0921FFF76AFFCFE76B78002B39D031
:107E6000012BC7D108212046019AFFF75FFFC4E725
:107E700001984369072BBED92146384600F0C2FA63
:107E80000028B7D107F0F003E02BB3D028703246BA
:107E900039462046019BFFF719FFAEE769780029B4
:107EA000A8D1E0E76B780C2BA4D8DFE803F0090732
:107EB000110F0D0B09070709070907000221D2E777
:107EC0000621D0E70521CEE70121CCE70421CAE74E
:107ED0000321C8E70721C6E72DE9F04F83B00193DE
:107EE000BBB1DC681746E28822F0E00272B9627A20
:107EF00005460E46012A63D0D4F80C802946D4F8F2
:107F00001090404600F07EFA30B1019B184601F017
:107F100083FA03B0BDE8F08F08F0E003E02BF4D063
:107F20002946484600F06EFA0028EED109F0F00329
:107F3000E02BEAD0019B9A6912F0060AE6D151467D
:107F4000082001F0B9F802460028DED0D0F80CB0C5
:107F50000C2E8BF804A08BF805A08BF806A08BF8EC
:107F600007A039D1042F37D1002D37D000902889B0
:107F7000FDF7E4FCABF80400009A8BF800608BF886
:107F80000170237801999B00486903F03C0303F1D9
:107F90000804844208D2C0F1080101A800921944E3
:107FA00001F0CEFA0199009A104601F07DFB0446DB
:107FB00003464246494628460194FFF787FEA8E754
:107FC0002278920002F03C02A15C12299ED8084A55
:107FD000CA40D2079AD58FE70C2ECED138460092F0
:107FE000FDF7ACFCABF804000027009AC5E700BF22
:107FF00001E707002DE9F04182B000238C460A27F3
:108000000DF1080E1E461A4698460EF8043D7146BC
:1080100010F8014BACB1A4F13003DDB2092D1BD82F
:108020000C7817FB043304B93ABBFF2B25D80B702F
:1080300012B90136042E20D810F8014B0122002C71
:10804000E9D1032E19D960467146042203F048F89D
:10805000204602B0BDE8F081A6F104032E2C14BF27
:10806000002402F00104B3FA83F35B09A34204D2B3
:1080700081F8018000220131CAE74FF0FF3002B0E1
:10808000BDE8F081FFF7B6BFF8B5044615460E46C9
:1080900000F0E0FE6A6963681344B3F5804F14D8BA
:1080A0000021042001F008F878B1676829466B695F
:1080B000C6603B44636001F0F7FA0146204601F0D8
:1080C0000FFB00F0CFFE0020F8BD00F0CBFE4FF01C
:1080D000FF30F8BD70B50568A5B1EB6804462E68A1
:1080E0000B6000F0B7FE1EB1636872699B1A636093
:1080F0000023204629462B6001F0FEFA00F0B2FE74
:10810000304670BD2E46FBE770B5049C16461A46F5
:108110000546231C18BF0123002918BF002353B1B3
:108120004AB143699B88DB0705D52346314600F0F9
:1081300091FD10B970BD6FF0050085F88400FFF760
:10814000ADFB4FF0FF3070BD70B5049C05467BB1B0
:1081500074B116461A46236853B149B943699B88DE
:10816000DB0705D52346314600F040FD10B970BD50
:108170006FF0050085F88400FFF790FB4FF0FF30AB
:1081800070BD00BF38B543690446BBB100250BE0A4
:10819000D968D160D9680A6162699A4208BF616191
:1081A00001F03AF963694BB11A6998689A42EFD1C4
:1081B000656101F031F96369002BF5D163685BB14A
:1081C00022681A60226802B15360204601F0BEFAAC
:1081D000BDE8384000F046BE226801490A60F2E777
:1081E000BCF0002038B500F035FE0B4B1C686CB1BC
:1081F000237A013BDBB2237263B9256800F02AFEC3
:1082000020462C46FFF7BEFF002CF1D1BDE83840D8
:1082100000F028BE2468EAE7BCF0002010B5002476
:108220000E4B0F494FF4FA7022461C6005F0A4F97A
:108230000C4B186070B178210B4802F0DBFF21462F
:108240000A4800F0BBFDB0FA80F3094A5B091060F0
:10825000584210BD4FF0FF3010BD00BFBCF00020F1
:10826000E1890000C8F0002020F60020698C0000A1
:10827000B8F0002038B5044601F0B2FB0D4B1D6884
:1082800065B12B46DA6B1AB1D96A6140114206D04A
:108290005B69002BF6D138B1836C2BB103461846CD
:1082A00038BD6D69002DF9D0AB6C002BF9D02B4691
:1082B000F5E700BF98F6002080681431814294BF32
:1082C00000200120704700BF2DE9F04180460E4696
:1082D00010460C211C461546012702F08BFFD8F8EA
:1082E0001C3020462F800C216B60F368AB6002F0DD
:1082F00081FFD8F81C30278063603369A360BDE834
:10830000F08100BF70B169B110B50C460146084854
:108310002246FFF7B9FE30B9064BBDE81040186899
:1083200000F0CABD70472046BDE8104001F074B8A7
:10833000C0F00020B8F0002038B50E4D00F08AFDE6
:108340002C683CB100F086FD2046FFF71BFF2C682F
:10835000002CF7D1084C216829B1074801F0CCF96D
:1083600021680029F9D100236360BDE8384000F09E
:1083700079BD00BFBCF00020C0F0002010B5044C57
:10838000FFF7DAFF206805F017F90023236010BD1E
:10839000C8F0002070B5154E002533462A4606E089
:1083A0001C68844213D001320C330A2A07D09C681F
:1083B000002CF5D101321D460C330A2AF7D125B124
:1083C000AB680133012BAB6009D0284670BD5C68F7
:1083D0008C42E8D102EB420206EB8205F0E785E829
:1083E000030001F0F9FB284670BD00BF20F6002015
:1083F00018B18368013B836003B1704703C801F083
:10840000F1BB00BF431E033310D86FF4AB73984227
:108410000CD069B10B6C984208D04B6C984205D0D7
:108420008B6B181AB0FA80F0400970470120704732
:1084300010B582B0044602F037FE0B4B186840B905
:108440000BE0436C9C4207D0836B9C4204D0406994
:1084500018B1036C9C42F4D10120019002F032FE6D
:10846000019802B010BD00BF98F600202DE9F0473A
:108470000026AE4F8CB000F0EDFC03A9AC48FFF72E
:1084800029FE049008B34660142104A800F0E6FF1A
:10849000013016D0049BDC686088D4F81090FDF79A
:1084A0004DFA054604984369132B07D99D4205D818
:1084B00094F800804FEA1812042A0BD000F0ACFFA9
:1084C000DBE7049800F0A8FFD7E700F0CBFC0CB086
:1084D000BDE8F0874FEA880808F03C08B8F1130FB0
:1084E000ECD94545EAD30399CA6A914507D0484675
:1084F000FFF788FF002800F0BB80049843699D4285
:10850000C0F0AF80E28822F04002002A3BD1039AFB
:10851000126A110706D5627A02F0EF0101292DD007
:10852000062A2BD0B3F5004FC8D8002308F1080263
:10853000194600F0C7FE4146054604A801F000F8C0
:1085400009AB06AA21460398FFF7BEFE039809AAC5
:1085500006A9049B009501F077FD627A00210120B5
:1085600001F02CFC002800F09881039C09AA0095DA
:1085700006A945692046049BA8477EE7826942F028
:1085800020028261CEE70DF13009194649F81C0D31
:10859000484600F063FF013000F07C81059B3C6899
:1085A000D3F80C80002C75D0B8F8042002E02468C1
:1085B000002C6FD063899342F9D1617A98F8093021
:1085C0009942F4D1E168D8F80C309942EFD1216991
:1085D000D8F810309942EAD198F800504846AD00DA
:1085E00005F03C05294600F0ABFFB8F80200FDF7A6
:1085F000A5F9B8F80630401B9A06A8F8020005D580
:1086000098F8012042F0010288F801201846FDF791
:1086100095F9DDF814E0C000C8F808E082B2A8F8C7
:10862000062063691D4603E0ED68AB4200F01A8145
:10863000E9889142F8D9AB4200F014812869B0F87A
:1086400006C041886144B1EB020A00F0E280B8F84C
:1086500002309A45C0F03481704600F0DDFE049689
:108660000BE7E91A04A800F06BFF0498436949E797
:10867000039B0498DA6A002A00F0BD8009F0F00933
:10868000B9F1E00F04D01B691B78032B7FF416AF00
:10869000436934E798F800404846A40004F03C04DD
:1086A000214600F04DFFB8F80200FDF747F9041B22
:1086B0001820A8F8024001F059F80446002800F0FC
:1086C000E9803B68236003B15C6014232671667106
:1086D000A671E67123723C60B8F80430638198F8A3
:1086E00009306372D8F80C30E360D8F81030236199
:1086F000B8F80600850605D598F8013043F0010367
:1087000088F80130FDF71AF9059BC1004046C8F80A
:108710000C8089B2C8F81080C8F80830A8F8061094
:10872000C4F814800346002205E000BFBCF000201E
:10873000C0F00020D9888A4291D15988DB680A4468
:10874000834292B2F6D11A695278D00787D49A68D8
:108750000592D3F80C80984500F0C7801046D8F8F1
:10876000081000F0A1FF0590D8F80C80024665695A
:10877000A845F3D195F800E050694FEA8E0E1369D1
:10878000D1680EF03C0E7044506180B295F800E064
:108790004FEA8E0E0EF03C0E734413612B789B0053
:1087A00003F03C03CB1AD360FDF7C8F86880E26899
:1087B0006B78EA60226923F001032A61627A6B70A8
:1087C0006A7262682368002A00F08D801360236853
:1087D00003B15A60204600F0B9FF059804900028C4
:1087E0003FF44BAEC468436994F800804FEA8808B0
:1087F00008F03C0896E6826992073FF549AF3DE7ED
:10880000D168D960D1680B6163699A421BD0B8F80E
:1088100006209D4226D0B8F80230B5F806E0134491
:108820007345CEEB03011DDD6B8899420ED3ED68D5
:108830002B69986800F0F0FD2A6913699A42DFD12C
:1088400066610023E3E70B466161E0E78AB205F168
:1088500008009B1A96446B80A5F806E000F070FEB5
:10886000B8F806202B6913B3616901B3D968C8F859
:108870001030C8F80C10D968C1F81080C3F80C800B
:108880006069C18891427FF64DAFC4F814801146EB
:10889000404647E7DDF814E0DEE6049800F0BCFD52
:1088A0002B46022203210398FFF716FBE5E5C8F8E3
:1088B0000C801146C8F810804046C4F8148031E797
:1088C0005146484600F03CFEB8F806201FFA8AF1EF
:1088D000B8F802300A44591A92B2A8F80210A8F85F
:1088E0000620636995E73B6072E71D4642E700BFDB
:1088F0002DE9F04115469846036A0022EF680446C8
:10890000DB070E46BA72FA7223D5AB6943F0100347
:10891000AB6121463046FFF775FD90B906F0F003D4
:10892000E02B0ED0B8F1000F0BD1E36AE26B73407D
:10893000134206D04FF6A9631A463340934200D043
:10894000A66C23692A46314620461B69BDE8F041E2
:10895000184739782846890001F03C01FEF758FF96
:108960007881D6E72DE9F04F87B01F460591049234
:108970009DF840509DF844809DF84C609DF85090C3
:10898000002800F0DE800446059B73B1129A5369FB
:108990001433B3F5004F0BD96FF00704104600F005
:1089A0003BFD204607B0BDE8F08FE36A0593EDE795
:1089B0000121142000F080FB8246002800F0BD80D9
:1089C000159B43B11598042304AA05A90088FEF756
:1089D00047FF159B1880DAF80CB0814A9BF80030ED
:1089E000108803F00F03411C43F0400311808BF803
:1089F0000030FCF7A3FF8BF801509BF80030129A6F
:108A000023F00F03ABF80400556943F00503143558
:108A10008BF80030ADB2002E40F088808BF80660F5
:108A20008BF80760059A2846049BCBF80C20CBF8FE
:108A300010308BF808808BF80970FCF77FFF1299D3
:108A4000ABF80200504600F02FFEA66802461290D6
:108A5000B54240F281809BF80070BBF80630BF0041
:108A60005B0607F03C07A6EB070626F0070693D443
:108A7000072E91D90090394612A800F0EFFC013082
:108A8000009A5AD0BB19DDF848A09D42DAF80C10C4
:108A9000019300916AD9131DCDF80C90DDF8048084
:108AA000DDF800B0994602941EE0C8EB0506E080B0
:108AB0004146002332465046B04400F003FC0028F3
:108AC00000F086800146129800F0EEFD0346808A91
:108AD0001293FCF733FF129B45456080C9F80030C4
:108AE000129B03F104093ED90021384600F0E4FA54
:108AF0003A4659461290002865D0C06802F0F0FA54
:108B0000129BC7EB0800DC68C0F3CF00237823F08A
:108B10000F0343F005032370FCF710FF08EB060377
:108B200040F020029D42C0D9E280C1E700224023EC
:108B30008BF807208BF8063074E7129A6FF0020466
:108B40002CE71046FFF796FB044600287FF41CAF85
:108B5000129A6FF00F0421E74B4620460499FFF765
:108B6000C7FE00201EE7029CDDF80C90009D002748
:108B7000CDF848A06888FCF7E1FE019B191A12A8FD
:108B800000F0DEFC129B988AFCF7D8FEEB88688028
:108B900043F02003EB800026CDF848A006E00499BE
:108BA000FFF7A6FE1295AA46002DDAD0DAF8045097
:108BB0004B4652462046CAF80460002FEFD050467C
:108BC00000F02AFCEEE7029C0127DDF80C90E2E7BA
:108BD00012980127029CDDF80C9000F01DFCDAE7EA
:108BE00084F5002047F6C470704700BF172910B401
:108BF00020D0182912D0162904D06FF008005DF893
:108C0000044B70471968032920D990F86D4004215E
:108C10000020146019605DF8044B7047196803293F
:108C200014D990F86E4004210020146019605DF89A
:108C3000044B70471968032908D990F86C40042147
:108C40000020146019605DF8044B70476FF0050058
:108C5000D5E700BFF8B5A1F11604042C62D8DFE80F
:108C600004F03A3225030300054650681F461446B7
:108C70000E4600283AD001F043F8082F32D188B3CD
:108C8000216801F0F003E02B2CD16B6953B39B7981
:108C9000022B27D1D5F890405CB32368984231D09D
:108CA000192E1FD16FF00D042046F8BD032B19D9E2
:108CB0004369BBB19B79022B14D11368002480F85F
:108CC0006E302046F8BD032B0CD91368002480F8C1
:108CD0006C302046F8BD032B04D91368002480F8BB
:108CE0006D3001E06FF005042046F8BD00F078FE1D
:108CF000C3E7192EF6D1FFF74DFBC5F89000002809
:108D0000F2D1CFE763689942CAD1192ECAD0A368BD
:108D1000013BA3601BB10024C5F89040E4E700F0DC
:108D200061FFF8E76FF00804DEE700BF104B10B5F5
:108D30001C684CB16368984203D106E063688342C3
:108D400003D02468002CF9D110BDA3680BB1606971
:108D50009847084B1B683BB9E2682374002AF3D09C
:108D60006069BDE8104010470123237410BD00BFA7
:108D70005CEF002078EF00202DE9F0470546182031
:108D8000894690469A46089F00F0F0FC80B10A4E52
:108D900004464560514633682846C4F80890C4F834
:108DA0000C80676123603460BDE8F047FCF794BE37
:108DB0004FF0FF30BDE8F0875CEF00200C4B70B542
:108DC0001C68064618200D46621C1A6000F0CEFC96
:108DD00050B1084B002244601968C66045610160CB
:108DE00018608260204670BD0446204670BD00BFFA
:108DF000DC6700205CEF002010B4154C216851B1F5
:108E00004B68984220D00B4602E05A68824205D057
:108E10001B68002BF9D15DF8044B7047994204D1CF
:108E200012E05468A04208D011460A68002AF8D11E
:108E300018465DF8044B00F089BC126818465DF8CE
:108E4000044B0A6000F082BC0A680B462260EFE720
:108E50005CEF0020024A136801331360704700BFC3
:108E600078EF00202DE9F041114E3368012B04D03A
:108E70003368013B3360BDE8F081DFF838800027BC
:108E8000D8F80040002CF3D0002201E0246864B13F
:108E9000257C012DFAD1E3682774002BF6D0606998
:108EA000984724682A46002CF2D1002AE8D1DFE74F
:108EB00078EF00205CEF002038B5124D124A2B6885
:108EC000146801332B6014B90DE024685CB1636849
:108ED0009842FAD1A3680BB1606998472B68012BBF
:108EE00005D001232374BDE83840FFF7BBBF002243
:108EF000E3682274002BF6D060699847BDE83840DB
:108F0000FFF7B0BF78EF00205CEF0020002302499C
:108F1000024A0B601360704778EF00205CEF00207E
:108F2000072A98BF0822A8B102F10B038B4212D284
:108F3000014430B4C51C544225F00305EB1D6A60A2
:108F4000284613442340C91A5B60B1FBF2F21A6051
:108F50002B6030BC70470020704700BF00230360C7
:108F6000704700BF39B370B505460C46FFF772FF76
:108F700068682B68211A5A688B4207D2914209D33C
:108F8000934207D213468B425A68F7D39342F9D3E0
:108F90009142F7D20C6804FB0016964216D04A6044
:108FA0001C6804FB0030814206D059602B60BDE88C
:108FB0007040FFF757BF70470A6814441C604A6846
:108FC0005A602B60BDE87040FFF74CBF1668344410
:108FD0000C6052684A605A689342E1D10B46E0E760
:108FE0002DE9F04180460D46FFF734FF0024D8F804
:108FF0000400D8F80060411E7368B646294435461F
:10900000B1FBF0F1013100E05B681A68914205D8CC
:1090100014B12768BA4201D2AE461C46B3421D467F
:10902000F2D17CB1DEF8043062689A42236811D034
:1090300099420CD05B1A236003FB00442160044476
:10904000C8F800E0FFF70EFF2046BDE8F081CEF83B
:109050000420F4E79942EDD10024F3E738B5054642
:10906000FFF7F8FE2968F9B10C680B46013C06E0F1
:10907000994207D01A68944238BF02F1FF345B6806
:10908000002BF5D14B68994205D0FFF7EBFE6868DD
:1090900000FB04F038BD002CF7D0013CFFF7E2FEE6
:1090A000686800FB04F038BD0C46FFF7DBFE68681B
:1090B00000FB04F038BD00BF2DE9F0470E46DFF895
:1090C0008C8007461C210036D8F8000018BF012606
:1090D000FFF786FF044600B9DEB964B307F104095F
:1090E000D8F80000DFF864A04946FFF779FF05468D
:1090F00000B9BEB915B3002301212A1D2046236003
:1091000063602960A361A560E26027616761BDE8D3
:10911000F08700F075FE1C21D8F80000FFF760FF13
:109120000446DAE700F06CFE4946DAF80000FFF783
:1091300057FF0546DEE72046BDE8F087D8F8000077
:109140002146FFF70FFF2846BDE8F0877CEF00209F
:1091500070B50D46064611462846FFF7ADFF04469A
:1091600020B12A463146C06801F0BAFF204670BDE2
:1091700082B3F8B5054616461F460246002013691D
:1091800012681844002AFAD1731C24D0731898422C
:1091900017D3884215D32B69994213D21C4601E09C
:1091A00000212C69641AEB683846B442194428BF80
:1091B0003446361B224601F093FF27442D68002ECB
:1091C000EED1F8BD2D682C6923449942FAD221448E
:1091D000C91AE7E77047461ADDE700BFA0B181680A
:1091E0000B68012B70B5044609D0013B074E0B609C
:1091F000256821463068FFF7B5FE284670BD034E4E
:109200003068FFF7AFFEF3E7704700BF7CEF002048
:109210002DE9F04704687CB381EAE17AD4F8149030
:10922000AAEBE17AD14527D300290E46804625696D
:1092300024DDA769204674B1B5420CD82368C8F86C
:109240000030FFF7CBFF04460028F3D00369204627
:109250001D44002CF0D1E4B12369AA1BA7611E4470
:10926000E3682261751B1D44E560CAEB0903636175
:10927000C8F80040BDE8F087BDE8F08709EB0102BF
:10928000274601E03B691D44954204DA3F68002F00
:10929000F8D10024ECE73B6938684B441E44751B49
:1092A0003D6128B1FFF79AFF38600028FAD13D6987
:1092B000002DDAD13846FFF791FF04460028D4D1BB
:1092C000E7E700BF2DE9F84F04460D4691460146F9
:1092D00000200A69096810440029FAD1B9F1FF3F5A
:1092E00000F08D8009EB050282427DD885427BD853
:1092F000484E13F100084FF01C01306818BF4FF0C2
:109300000108FFF76DFE074610B9B8F1000F6ED1E6
:10931000002F69D022690021A3699542C7F81490F3
:109320007960BB6138D2A368E1681A682944BB60E0
:109330000132F9601A602369C3EB090BAB44BBF13E
:10934000000F5FDD5B1BDFF8CCA03D464FF000094E
:109350003B611C213068FFF743FE0246286010B9CC
:10936000B8F1000F26D1002A2FD024681546C2F884
:109370000490A368A1691868936001309161E16865
:1093800018602369D160C3EB0B0100290BDB8B460E
:109390001361DED109E01A462468236913449D4213
:1093A000F9D2AD1ABFE7C2F810B0002338461360F7
:1093B000BDE8F88F00F024FD1C21DAF80000FFF76B
:1093C0000FFE02462860002ACFD13846FFF706FF7D
:1093D0002B680146984207D030680C68FFF7C2FD41
:1093E0002B682146A342F7D10020BDE8F88F00F09A
:1093F00007FD1C213068FFF7F3FD074688E7C5EB42
:10940000000975E73A460023C7F810903846136004
:10941000BDE8F88F7CEF0020E0B170B504460E4E39
:1094200006E00B60214630682C46FFF79BFD85B1B6
:10943000A16825680B68012B03F1FF33F1D1306877
:10944000FFF790FD214630682C46FFF78BFD002D7D
:10945000EED170BD704700BF7CEF00202DE9F047D2
:10946000076882B0002F58D0B1FA81F35B09002B56
:1094700053D13A69914250D97C69A1424DD83E46B8
:1094800001E026B13269134436689942F9D82B4C71
:109490008846814604312068FFF7A2FD82460028F5
:1094A00049D003460122F96843F8042B18463A696B
:1094B000019301F015FEB9683D690A68019B012A14
:1094C00034D0013A0A603C68C7F808A0FB600AE0A3
:1094D0002269E16801F004FE236920461D44FFF77C
:1094E0007DFEFB680446A64203EB0500F0D1C5EB08
:1094F0000806E168324601F0F3FD23699B1B2361F6
:109500007BB1E3681E44E66000203C60C7F8108031
:10951000C9F8007002B0BDE8F087002002B0BDE8D5
:10952000F0872046FFF75AFE0446EDE72068FFF774
:1095300019FD019BC7E74FF0FF30EFE77CEF0020FC
:1095400009B1FFF765BE7047002A00F086802DE95B
:10955000F043D0F8009083B0CDF80490B9F1000F3B
:109560001AD0D9F814E053189E4515D317460D4666
:109570008046A9B1D9F810404E464846002204E082
:1095800019690C44A54228BF1846A54212D3336876
:1095900001221E46002BF3D1002003B0BDE8F0836A
:1095A00001A81146FFF734FE0198C8F8000003B087
:1095B000BDE8F083002A74D13369E21A95423DD0A8
:1095C000621B974228D2B168C7EB0E00C9F814009D
:1095D0000968012943D0C7EB020900214846FFF77B
:1095E0006BFD0646002856D001994A46C0680B69B3
:1095F000C9682B441F443F1B394401F071FD019A97
:10960000136911681D4431602C1B16601461D8F871
:10961000000003B0BDE8F08335D02C1B3268234432
:1096200039193361C2F814E027D14846D9F814300B
:10963000DF1BC9F8147003B0BDE8F0833946C6F8E3
:1096400014E0FFF7E5FDD9F81430D8F80000DF1B6F
:10965000C9F8147003B0BDE8F083002070472B44B4
:10966000F168D21B181B3B180844194401F038FD5F
:10967000019A1369DB1B1361C9E73046FFF7C8FD88
:10968000D8F80000D2E7DB1BC7EB0E074846336172
:10969000C9F8147081E7D8F8002053693B4453613E
:1096A0007BE7019688E700BFF0B498B1B1B10246FC
:1096B00000E01A461368002BFBD18C6905464B6904
:1096C000876946693C43116033448461436128469D
:1096D000F0BC70470D462846F0BC70470546F6E7DB
:1096E00002680AB905E01A465368002BFBD15160A5
:1096F00070470160704700BF90B170B504684CB10D
:109700008C42054608460CD06368984203D01C463C
:10971000002BF9D170BD4568FFF77EFE656070BD16
:10972000704766682046FFF777FE2E6070BD00BF69
:1097300008B50822FFF7F4FBB0FA80F3024A5B0990
:109740001060584208BD00BF7CEF0020024B01466C
:109750001868FFF707BC00BF7CEF0020024B0146F2
:109760001868FFF73DBC00BF7CEF002038B5064B02
:10977000014604461868FFF733FC054610B1214640
:1097800001F038FD284638BD7CEF0020014B1868F9
:10979000FFF764BC7CEF0020FFF7F8BF014B1868AF
:1097A000FFF7DCBB7CEF002010B5FFF753FB074B46
:1097B0001C683CB1236920469B6903B198476469E2
:1097C000002CF7D1BDE81040FFF74CBB98F6002005
:1097D00038B5054601F068FC054B1C6824B11DB185
:1097E0006469013D002CFAD101F06CFC204638BDC3
:1097F00098F6002090B10388012B0ED1084B8268A7
:10980000186858B1C36A9A4203D108E0C36A9A4201
:1098100004D040690028F9D1704700207047704794
:1098200098F60020F0B138B5104D2B6813B914E04C
:109830005B699BB19842FBD103690446DB680BB1BD
:1098400020469847A36962696BB15A61626902B1A7
:109850009361074B1A68944201D038BD38BD2A681D
:109860001A6038BD70472A60F1E700BF98F6002003
:109870009CF6002010B5044601F016FC084B1B684E
:1098800013B908E05B6933B19C42FBD1012401F0BC
:1098900019FC204610BD1C4601F014FC204610BDEA
:1098A00098F60020002837D070B504460D461646BD
:1098B000FFF7D0FA0023E56284F8503084F8543082
:1098C000BDB1B6B92B0628D505F0C003802B32D028
:1098D00005F0E003C02B3CD0636BE26BD943D0436F
:1098E0002B402A40294328432363A26321646064F8
:1098F00006E005EA060265EA0603E663A26363641E
:10990000284601F00DFD23695B690BB1204698479D
:10991000BDE87040FFF7A6BA7047E26B2AB1D043AA
:10992000FF236FF0FF016363DAE7FF236FF0FF00AF
:109930001A46E363F4E7E26B2AB1D0434FF6FF73B4
:109940000C496363CCE74FF6FF730A481A46E3639A
:10995000F4E7E26B3AB1D0436FF07F464FF07F41BE
:1099600033466663BCE76FF07F434FF07F401A4693
:10997000E363F1E70000FFFF70B504460D461646AD
:1099800001F092FB294620463246FFF78BFFBDE8E7
:10999000704001F097BB00BF48B138B504460D4692
:1099A00001F082FBA564BDE8384001F08BBB704735
:1099B00048B138B504460D4601F076FBE564BDE8D4
:1099C000384001F07FBB704710B501F06DFB034BD1
:1099D0001C6801F077FB204610BD00BF9CF60020FC
:1099E000014B1868704700BF9CF6002010B5044674
:1099F00020B101F059FBE46A01F064FB204610BD80
:109A000010B5044620B101F04FFBE46B01F05AFBA6
:109A1000204610BD10B5044620B101F045FBE46CB2
:109A200001F050FB204610BD10B5044628B101F0EE
:109A30003BFB94F8504001F045FB204610BD00BFB1
:109A400050B138B504460D4601F02EFB84F8505055
:109A5000BDE8384001F036BB704700BF002918BF91
:109A6000002A10D078B103696BB110B45C68A242CF
:109A700004D3DB6913B15DF8044B18474FF0FF3096
:109A80005DF8044B70474FF0FF30704770B50446E7
:109A90000D46164601F008FB294620463246FFF7E0
:109AA000DDFF044601F00EFB204670BD032A70B5B1
:109AB000154682B004460DD8DCB1D1B12369C3B1DB
:109AC0005A68954215D11B6A9BB1204602B0BDE889
:109AD000704018474A780B781204CE78887842EAAA
:109AE00003630191334343EA002001F019FC01991B
:109AF000E2E74FF0FF3002B070BD00BF2DE9F0414A
:109B000058B103694BB1DFF8AC80D8F8003013B915
:109B100008E05B6933B19842FBD14FF0FF34204637
:109B2000BDE8F081054617460E46FFF793F9D8F8D1
:109B300000306B6103B19D6100230124C8F800501F
:109B4000AB612B46D869A04217D05B69002BF9D1D5
:109B50002869EC6184682B628CB12846A0470446D2
:109B600078B906B1AFB92B691B78013B012B19D924
:109B70000F4B1A6842B91D6006E00134E1E74FF06F
:109B8000FF342846FFF74EFEFFF76CF92046BDE88C
:109B9000F0813A4631462846FFF788FF0028E2D098
:109BA0000446EEE72846FDF701FF0028E0D0F7E77E
:109BB0009CF6002098F6002070B504460D46164627
:109BC00001F072FA294620463246FFF797FF044615
:109BD00001F078FA204670BD18B10369DB6A03B161
:109BE0001847704718B103691B6B03B118477047DA
:109BF000F8B518B303695B6A03B3044603F084FC49
:109C00000646A36AC31AC82B03D894F824502846E2
:109C1000F8BD2369204694F824705B6A9847874210
:109C20000546A66284F82400F1D0002FEFD1236905
:109C30005B69002BEBD020469847E8E701252846D2
:109C4000F8BD00BF10B5044601F02EFA2046FFF71C
:109C5000CFFF044601F036FA204610BD10B5044689
:109C600001F022FAFFF7F6F8034B1C60FFF7FAF851
:109C7000BDE8104001F026BA80EF002038B5084D4D
:109C80000020FFF7EBFF2C682CB12046FFF7CAFD40
:109C90006469002CF9D10023024A2B60136038BD9F
:109CA00098F600209CF60020024B1B6803B1184771
:109CB000704700BF80EF002010B5044620B101F0CE
:109CC000F3F9E46901F0FEF9204610BD38B5054608
:109CD00001F0EAF965B1094B1C6814B904E0646944
:109CE00014B1E3699D42FAD101F0ECF9204638BD88
:109CF0002C4601F0E7F9204638BD00BF98F6002059
:109D000050B1074B1B6813B904E05B6913B1DA6902
:109D10009042FAD11846704703461846704700BF74
:109D200098F6002070B5FFF795F8134B134C0025FB
:109D3000DA6804F10C061D6012B19047431C0AD08A
:109D4000B4420DD054F8043FDA681D60002AF7D001
:109D50009047431CF4D10446FFF784F8204670BDB9
:109D6000FEF75CFA01304FF0FF3418BF0024FFF714
:109D700079F8204670BD00BF14680020700F0020E5
:109D800038B5FFF767F80B4B0B4C1B6904F10C055A
:109D900003B19847AC4206D054F8043F1B69002B2E
:109DA000F7D1AC42F8D1FEF7E9FABDE83840FFF749
:109DB00059B800BF14680020700F002070B40E4C1A
:109DC0000E4B04F10C069D88284206D09D798D42E9
:109DD00008D011B99D68954209D0B44209D054F811
:109DE000043FF0E71AB19D680DB1AA42F1D11846BF
:109DF00000E0002070BC7047700F00201468002045
:109E000038B50B4B0B4CDB6904F10C0503B19847DB
:109E1000AC4206D054F8043FDB69002BF7D1AC42CA
:109E2000F8D1FEF789FABDE83840FFF7BDBC00BFA6
:109E300014680020700F002003464FF40062402198
:109E400000209A6483F86C1083F86D009A63704761
:109E500038B50C460546FEF7FDFFE20708D4A30718
:109E600002D5012385F85030FEF7FCFF002038BDF5
:109E7000012305F1340085F8403000F063FEEEE781
:109E80002DE9F047044686B015461E4688460E9FCB
:109E9000FEF7E0FFA36CAB4267D3002F60D04046D3
:109EA00000222946FFF754F98046002860D016F0BA
:109EB000040611D17868D4F81090FFF721FF3B8891
:109EC000012B49D094F98530002B4CD1FEF7CAFF05
:109ED000284606B0BDE8F087012394F88C90786896
:109EE00084F88C30D4F810A0FFF70AFF3B88012BD0
:109EF0000FD0002084F88C900028E3D00146204643
:109F000000F0AAF9FEF7AEFF4FF0FF3006B0BDE853
:109F1000F0875FFA8AF3BA68A16E02F0F00794F84E
:109F20006DC0E02F4FF000070CBF94F86EA094F8BE
:109F30006CA0CDF8088094F88CE0CDF804A0CDF8A2
:109F400000C005970397CDF810E0FEF70BFD002E3B
:109F5000D0D10028B6D0D1E75FFA89F3B146DAE76D
:109F600004F154079BE70020C8E76FF00700C5E73E
:109F70006FF00200C2E700BF2DE9F0411C4686B039
:109F800005460F4684F00204904603A80C21C4F352
:109F900040040C9E01F02EF903AB4246394605F110
:109FA0003400009400F05AFF431C13D095F985301B
:109FB0004BB9044626B103A8314600F0B7FF20464E
:109FC00006B0BDE8F0810021284600F045F94FF0C9
:109FD000FF30F5E76FF00701F6E700BF38B504463C
:109FE0000D46FEF737FF0C22294604F1540001F01C
:109FF00077F80025032304F13400A4F8625023739A
:10A00000A4F8565000F09EFDFEF72CFF284638BD00
:10A0100010B50446FEF71EFF0348214600F0A6FDDA
:10A02000FEF720FF002010BD5469002010B5054C3C
:10A03000216829B1034800F099FD21680029F9D170
:10A0400010BD00BF546900202DE9F84F0A9C002B79
:10A0500018BF002C43D0002841D05D69002D3ED0B0
:10A060000D88012D00F0AD8000278A46814601460B
:10A0700010469846164600F03DFF002878D0534B16
:10A080001C68002C00F0A0804FF0000B01E0246859
:10A09000FCB12569BD42FAD1304600F01BFF002813
:10A0A0004CD03388012BF2D1D4F890100029EED097
:10A0B0004A68B3689A42EAD10B689945E7D1BBF187
:10A0C000000F02D09BF8403013B3A3462468002C45
:10A0D000DFD1BBF1000F02D09BF840300BB1BDE8DF
:10A0E000F88F2346214640464FF0FF32FFF7EAF84B
:10A0F00004460028F3D052460BF13400214600F00C
:10A1000059FE0130EBD12046BDE8F84FFFF784B986
:10A1100019464FF0FF324046FFF7D4F805460028B5
:10A12000D3D00BF134005246294600F043FE0130F3
:10A13000CBD12846A346FFF76FF9A8E704F16005E5
:10A14000284600F0E1FE28B92846314600F0E8FE36
:10A1500000289CD004F15405284600F0D5FE0028C4
:10A16000ADD12846514600F0DBFE00288FD0A6E78F
:10A17000304600F0AFFE002881D114483B463146FE
:10A180005246006800F0DAF804460028A7D090F89C
:10A190004030002BA3D1404619464FF0FF32FFF765
:10A1A00091F8054600289AD0524604F13400294619
:10A1B00000F000FE013092D12846BDE8F84FFFF7CD
:10A1C0002BB9E468677A50E7BDE8F88F546900203E
:10A1D00038B50D4CFEF73EFE0023224652F8041B14
:10A1E00039B101330C2BF9D10025FEF73BFE28468F
:10A1F00038BD4FF0FF3204EB830544F82320FEF70F
:10A2000031FE284638BD00BF1CF0002002880B88B4
:10A21000934201D00020704713F0010306D08368F9
:10A220008868181AB0FA80F04009704718467047DD
:10A2300003880A46DB0700D47047014610460C220B
:10A2400000F04EBF08B53021024800F0D3FF0020D7
:10A2500008BD00BF1CF0002090F985301BB11946E5
:10A26000002380F8853080F884100846FDF716BB7F
:10A2700038B505460C46FEF7EDFD2B68236003B1AB
:10A280005C60002363602C60BDE83840FEF7EABDE7
:10A2900038B50C460546FEF7DDFD63684BB1226814
:10A2A0001A6023680BB162685A60BDE83840FEF757
:10A2B000D9BD23682B60F4E72DE9F041044600285E
:10A2C00039D00E46174698464D8802E02468002C87
:10A2D00031D0B4F86230AB42F8D13388DB070FD508
:10A2E000B3686BB1314604F16000FFF78FFF0028BF
:10A2F000ECD07FB9B8F1000F0CD00120BDE8F0819F
:10A30000B8F1000FF5D1314604F16000FFF77EFF90
:10A310000028DBD004F15400002FD7D03946FFF7D6
:10A3200075FF0028D2D0B4F856207B889A42E4D03A
:10A330002468002CCDD12046BDE8F0812DE9F047FE
:10A340000446002874D00E4690461D464FF0030A7E
:10A350004FF0000902E02468002C47D02169A9428F
:10A36000F9D1B4F8621073889942F4D1636E13B1D5
:10A3700072689342EFD1B4F86030DF074AD5A36E1C
:10A38000002B47D03388D8074ED5B368002B47D071
:10A39000314604F16000FFF739FF0028DBD004F1FB
:10A3A00054000027B4F85430D90722D5E36D03B325
:10A3B000B8F1000F28D0B8F80030DA0724D5D8F863
:10A3C00008300BB34146FFF721FF0028C3D0B4F893
:10A3D0005620B8F802309A42BDD1BA4501D9A146FB
:10A3E00027B124684FF0010A002CB7D14846BDE8D8
:10A3F000F087B8F1000FF0D0B8F80030DB07ECD5EB
:10A40000D8F80830002BE8D00137BA45A3D9BA46AE
:10A41000A146A0E7378817F0010706D0B76827B133
:10A4200004F154000127BDE7012704F15400B9E706
:10A430008146DBE7F0B585B0144F05460C2201A834
:10A4400043F6FE763C8800F04BFEFEF703FD44F237
:10A450000103621C234494B29BB2B34288BF4FF401
:10A4600040442046FBF76AFA0123ADF806000022BB
:10A4700001A92846FFF720FF0028E8D13C80FEF71D
:10A48000F1FCBDF8060005B0F0BD00BF786A002001
:10A4900038B505469420FFF761F90446A0B1294676
:10A4A000942200F01DFE002323606360A3602373E9
:10A4B000A3612363E36163626363E3636364E364EF
:10A4C00084F8843084F88530204638BDF0B587B0F4
:10A4D00004460E46154600F0E7FD5B4B1B78002B4B
:10A4E00000F09880002C00F095802468002C00F08B
:10A4F0009180237B042B00F0998067693A6A127877
:10A500002AB1032B00F09D80022B00F08C802DB12E
:10A5100026B13388D90778D50B2D14D86FF00505EF
:10A5200094F98500F0B1002384F8853084F8840024
:10A53000FDF7B4F92846FDF7B1F900F0C3FD4FF07F
:10A54000FF3007B0F0BD96E807008DE80700BDF8C2
:10A5500000306D46DB0707D494F985006FF00605DF
:10A560000028E0D12846E1E7029B002BF4D0BDF89B
:10A57000023013B9BB79032B52D10C2204F16006CF
:10A580000DEB0200314600F0ABFDBDF80C20BDF82C
:10A5900000301340DA07ADF80C3027D40198FFF7EC
:10A5A000AFFBBDF80C30012B2FD1002841D0C36A7E
:10A5B0000593BDF80E3003B3606901232A4603A951
:10A5C0000068FFF779FE40BB03A930460C2200F07B
:10A5D00087FD63691B6ADB68D3B12046294698472B
:10A5E000044600F06FFD204607B0F0BD059B002B30
:10A5F000D4D0BDF80E30002BDED1636903A91868F2
:10A60000FFF718FFADF80E00D6E76FF00B0587E7F0
:10A610001C46E6E76FF01B058CE76FF00D057FE742
:10A620006FF00E057CE76FF0150579E76FF00A050E
:10A6300076E70298FDF71EFE0028B8D16FF00F05EF
:10A640006EE76FF012056BE79DF5002038B5054603
:10A6500000F02AFD134B1B78D3B1CDB12C68BCB1EF
:10A66000D4F8900008B1FDF7C3FE63691B6A9B68CC
:10A670003BB120469847044618B100F023FD204620
:10A6800038BD00200446286000F01CFD204638BD7F
:10A690006FF01B00FDF702F900F014FD4FF0FF30E2
:10A6A00038BD00BF9DF500202DE9F04182B00D4678
:10A6B000064617469846089C00F0F6FC2D49097896
:10A6C000002951D0002E4FD0306800284CD054B112
:10A6D000099B43B12388DB0727D5099B0B2B1ED889
:10A6E0006FF0050323E0B0F85430DA072ED5C36DC0
:10A6F00063B30024002DF3D090F8503073BB43694E
:10A700001B6A9E696EB3009443463A462946B04799
:10A71000044600F0D7FC204602B0BDE8F081A368F3
:10A72000002BE7D16FF0060301E06FF00B0390F907
:10A73000852072B980F884301846FDF7AFF800F034
:10A74000C1FC4FF0FF3002B0BDE8F0816FF01303A1
:10A75000EDE71346002280F88520EBE76FF0140345
:10A76000E5E76FF00A03E2E76FF01B00FDF796F8EC
:10A77000E5E700BF9DF5002010B5002482B00194EC
:10A780000094FFF791FF02B010BD00BF2DE9F04328
:10A7900083B00E469946074690460A9C0B9D00F0F2
:10A7A00083FC2F4B1978002954D0002F52D03868E1
:10A7B00000284FD066B3B0F862301BB943699B796B
:10A7C000032B3ED1002C18BF002D14BF0122002204
:10A7D00016D190F84030002B36D143691B6A5D6971
:10A7E000ADB3002A4B464246314608BF00240094D0
:10A7F000A847044600F066FC204603B0BDE8F0839D
:10A800002B682BB1B0F86010C90712D50B2BE0D81C
:10A810006FF0050390F9852072B980F884301846EE
:10A82000FDF73CF800F04EFC4FF0FF3003B0BDE800
:10A83000F0836FF00B03EDE71346002280F88520CC
:10A84000EBE76FF00403E5E76FF01403E2E76FF066
:10A850000A03DFE76FF01B00FDF720F8E2E700BF17
:10A860009DF5002010B5002482B001940094FFF7FC
:10A870008DFF02B010BD00BF2DE9F04182B01C4633
:10A8800007460E469046089D00F00EFC3C4B1B7898
:10A89000002B6FD0002F6DD0386800286AD0002CB4
:10A8A00050D0002D4ED0374B9E4212D04369002B22
:10A8B00048D01B6A1F6A002F44D0234600954246A9
:10A8C0003146B847044600F0FDFB204602B0BDE823
:10A8D000F08108F1FF33052B49D8DFE803F0291F89
:10A8E0000E480303032D2DD92368B8F1050F4FF04F
:10A8F00000040CBF83648363E5E7032D22D96188DC
:10A900004FF47A722378002402FB01F21B1BC0F87B
:10A91000882018BF012380F88E30D4E7032D11D989
:10A92000236800241B1B18BF012380F88C30CAE762
:10A93000032D07D9236800241B1B18BF012380F8AF
:10A940008D30C0E76FF0050390F985201AB11346EA
:10A95000002280F8852080F884301846FCF79EFF9E
:10A9600000F0B0FB4FF0FF3002B0BDE8F0816FF0B7
:10A970000803E9E76FF01B00FCF790FFF0E700BF6A
:10A980009DF5002017E503002DE9F04182B01E4639
:10A9900007460C469046089D00F086FB664B1B78E8
:10A9A000002B00F0C480002F00F0C1803868002820
:10A9B00000F0BD800EB305B3604B9C4210D04369DC
:10A9C000DBB11B6A5F6AC7B1214600953346424638
:10A9D000B847044600F076FB204602B0BDE8F0819F
:10A9E000B8F10D0F00F2A080DFE808F01B28323C20
:10A9F0009E4D4D5B64717C7C8A946FF0050390F9E9
:10AA000085204AB980F884301846FCF747FF00F0EB
:10AA100059FB4FF0FF30E0E71346002280F8852015
:10AA2000F0E72B68032BE8D9037B042200249B1A50
:10AA30002A60B3FA83F35B093360CBE72B68032BFF
:10AA4000DBD990F88D30042200242A603360C1E7FE
:10AA50002B68032BD1D990F88C30042200242A6073
:10AA60003360B7E72B68032BC7D9042390F88E1007
:10AA7000334A00242B60D0F888303170A2FB0323C6
:10AA80009B097380A6E72B68032BB6D90423B8F182
:10AA9000050F4FF000042B600CBF836C836B336099
:10AAA00098E72B68002BA8D0037B012200242A60A2
:10AAB00033708FE72B68002B9FD090F98420002300
:10AAC00001211C462960327080F8843082E72B68AF
:10AAD000002B92D0436901222A6003B19B79337025
:10AAE000002477E72B68032B87D90423B8F10A0FDA
:10AAF0004FF000042B600CBF436B436C336069E77D
:10AB00002B68032B7FF679AF042300242B60C36AE4
:10AB100033605FE72B68032B7FF66FAF04230024BD
:10AB20002B60836A336055E76FF0080367E76FF0C7
:10AB30001B00FCF7B3FE6AE79DF5002017E5030054
:10AB4000D34D621038B50546FEF784F94DB1A868BB
:10AB500038B14468FEF760FC2046002CF9D1AC60A7
:10AB60002C60BDE83840FEF77DB900BF38B50C4613
:10AB70000546FEF76FF921462846FFF789FB04F1E9
:10AB80003400FFF7DFFF04F14400FFF7DBFF20464E
:10AB9000FEF7DCFDBDE83840FEF764B92DE9F04171
:10ABA00007460C46904600F07FFA2D4B1B78002B91
:10ABB0003AD0FFF70DFB054600283ED0214642461D
:10ABC0003846FFF7FBF80646002839D09420FEF7F8
:10ABD000CDFD0446002838D00023286085604661FA
:10ABE000A0F86070C0F810800373B8F1000F18D09F
:10ABF000A4F85470FEF72EF93368236003B15C604B
:10AC0000002363603460FEF72DF9336A5B681BB183
:10AC10002046984701301BD000F054FA2846BDE882
:10AC2000F081B3680361E3E76FF01800FCF736FECC
:10AC300000F048FA0020BDE8F0816FF00100F5E770
:10AC40006FF0090000232B60F0E76FF00200F9E7D6
:10AC500021466069FFF78AFFFCF71AFEF2E700BFA2
:10AC60009DF5002070B504460D46164600F01CFA0E
:10AC7000404B1B78002B77D0002C75D02468002C1B
:10AC800072D046B33DB32A88D1074AD50B2E22D9BC
:10AC9000B4F86230FBB9B4F8603013F0010001D0B1
:10ACA000A16EC1B9A96801F0F006E02E2DD16E8821
:10ACB000934239D06B686366DEB1A4F8626004F138
:10ACC0003400FFF73FFF04F14400FFF73BFF00F0C3
:10ACD000F9F9002070BD6FF0050094F9853043BB91
:10ACE00084F88400FCF7DAFD00F0ECF94FF0FF3057
:10ACF00070BD63699A79032ADFD0186804F1600196
:10AD0000FFF798FBA4F86200D9E721B1B0B9284653
:10AD1000FEF770FD28B36E88BEB9B4F860302A889B
:10AD2000C6E76FF00B00D8E7DB07C3D5AB68A366B7
:10AD3000C0E71846002384F88530D1E70021A06ED3
:10AD4000FDF760FB0028E6D1E1E7626900232946B0
:10AD500010681A46FFF7B0FA0028DED06FF00D0039
:10AD6000BBE76FF00E00B8E76FF01B00FCF796FD35
:10AD7000BAE700BF9DF5002038B504460D46FEF742
:10AD800069F86969236862680B4493420CD82946C4
:10AD9000A068FEF789FC6B692268A06013442360F9
:10ADA000FEF760F8002038BDFEF75CF84FF0FF308A
:10ADB00038BD00BFF8B504460D461746FEF74AF801
:10ADC0006969236862680B4493421CD800210C20F7
:10ADD000FEF772F90646B0B139460C22C068274624
:10ADE00000F07EF922686B6929463046134447F823
:10ADF000083BFEF759FC01463846FEF771FCFEF7AA
:10AE000031F80020F8BDFEF72DF84FF0FF30F8BD07
:10AE1000F8B58568F5B16C691E4607460B46944245
:10AE200028464FF0000128BF14462246FEF7A0F93D
:10AE3000012E01D02046F8BDFEF70CF807F10800FE
:10AE40002146FEF77DFB3B681B1B3B60FEF70AF8C3
:10AE50002046F8BD2C462046F8BD00BF2DE9F8433A
:10AE600085689DF820908DB32F68984606460B465E
:10AE700057B37C6900213846944228BF14462246C5
:10AE8000FEF776F940460C22E96800F029F96B6973
:10AE90000C3B9C4238BF4FF0FF34B9F1000F02D198
:10AEA0002046BDE8F883FDF7D5FF1FB17A69336806
:10AEB0009B1A336006F108002946FEF71DFCFDF7DA
:10AEC000D1FF2046BDE8F8833C46DBE72C46204610
:10AED000BDE8F88368B1038813F0010308D08068E7
:10AEE00000F0F000A0F1E000B0FA80F040097047F7
:10AEF0001846704710B10388DB0701D40020704763
:10AF00008068FDF77FBA00BF38B10388DB0704D53E
:10AF10008068B0FA80F0400970470120704700BF98
:10AF200010B109B1FFF772B90020704710B109B133
:10AF3000FFF77EB9704700BF48B10388012B07D1E6
:10AF400010B504464068FEF7DBFE18B110BD70472F
:10AF500000207047A068BDE81040FDF78BB900BF26
:10AF6000F8B5002830D0416800292DD08368044608
:10AF7000304D314AC0682B601060002B4AD01B68EE
:10AF800013B32E4E30469847F0B92B68CBB19A6870
:10AF90002B4F8AB1316879B1304690473B78BBB1CD
:10AFA0004FF0FF342B682BB1DB681BB123480268DC
:10AFB00002B198472046F8BD3A784AB14FF0FF34C5
:10AFC000F2E71F4F3B781BB14FF0FF342046F8BD2E
:10AFD00061682068FEF7ACFB04460028E2D1FCF76C
:10AFE0009FF804460028DDD1FDF790FF154A164B67
:10AFF0000A2014601C6002F06BFA01300FD0FEF7DB
:10B0000091FE01300BD0FFF71DF9013007D001236D
:10B010003B70C7E70A4F3B78002BD5D1D9E7FEF745
:10B020002DFE4FF0FF34FEF7ABFE02F05FFAFEF7A5
:10B03000B5FBB7E790E9002098E900204CF000202C
:10B040009DF5002098F600209CF6002008B502F03F
:10B0500089FABDE80840FCF713B800BF054B1B6830
:10B060001BB11B681BB110B11847184670474FF051
:10B07000FF30704790E90020044B1B682BB19B68A0
:10B080001BB110B1026802B11847704790E9002067
:10B09000044B1B682BB1DB681BB110B1026802B115
:10B0A0001847704790E90020044B1B682BB19B6840
:10B0B0001BB10348026802B11847704790E90020AD
:10B0C0004CF00020044B1B682BB1DB681BB103481C
:10B0D000026802B11847704790E900204CF0002048
:10B0E000032AF0B470D9CE070B4606D50B78013190
:10B0F000013A013000F8013C0B469D0705D50B884D
:10B10000023A0231023020F8023C97094DD000F19A
:10B11000400401F140033D4653F8406C013D03F10A
:10B12000400304F1400444F8806C53F87C6C44F80C
:10B130007C6C53F8786C44F8786C53F8746C44F871
:10B14000746C53F8706C44F8706C53F86C6C44F881
:10B150006C6C53F8686C44F8686C53F8646C44F891
:10B16000646C53F8606C44F8606C53F85C6C44F8A1
:10B170005C6C53F8586C44F8586C53F8546C44F8B1
:10B18000546C53F8506C44F8506C53F84C6C44F8C1
:10B190004C6C53F8486C44F8486C53F8446C44F8D1
:10B1A000446CB9D1BF0138443944C2F383075FB15D
:10B1B000051F3B460C4654F8046B013B45F8046FF1
:10B1C000F9D1BF0038443944940704D50B880230C4
:10B1D000023120F8023CD30701D50B780370F0BC94
:10B1E000704700BF22B1024400F8011B8242FBD12C
:10B1F000704700BF29B10144002300F8013B8142A0
:10B20000FBD17047AAB130B4044603780878181A05
:10B210000AD12244013405E014F8013B11F8015F22
:10B220005B1B03D19442F7D130BC7047184630BC49
:10B2300070471046704700BF014640B100784B1C74
:10B2400028B1581A13F8012B002AFAD17047704719
:10B2500070B10278431C6AB1B1FA81F0400910B1B3
:10B2600008E0814205D013F8012B0130002AF8D103
:10B27000704770470020FBE750B149B10B782BB104
:10B2800000F8013B11F8013F002BF9D100230370B6
:10B29000704700BFA0F14103192B01D82030C0B284
:10B2A000704700BFF0B408B307460C4617F8015BBF
:10B2B00001E09D4214D014F8013B002BF9D1CDB12F
:10B2C0003D460C4615F8016B00E05BB114F8013BFC
:10B2D0009E42FAD146B100233B701560F0BC704726
:10B2E0003846E1E72F46EBE73546F6E710680028D9
:10B2F000DAD1F3E728461560F0BC704710B5074C6B
:10B3000044F2A7116FF0004200232068A0FB010166
:10B3100007F0C2FD2260104610BD00BF14F00020EF
:10B32000024A136818441060704700BF14F00020F0
:10B33000F8B51546876900220E462A70BB8BA3B16B
:10B34000144643F00170FAF7FDFA30512C780D489D
:10B350000434E4B22C70BB7F1B021843FAF7F2FAF4
:10B3600030512B7803332B70F8BDC06DFCF782FF92
:10B3700028B18368283B9BB2BB832C78E1E72C780B
:10B38000BB8BDEE70000030338B5846905468821DE
:10B390002046FFF72FFFA96B1A4A4FF406702B6F58
:10B3A0009142A087A38323D89BB2A160994200D287
:10B3B000A183A37F4FF4405000FA03F28A4206D2E1
:10B3C0000133DBB200FA03F28A42F9D3A377696B47
:10B3D0004FF0FF330C220B482367E3666366E36795
:10B3E0006367A366A367A264E264A06319B938BD6A
:10B3F000A2601146DDE705F13400BDE83840FFF7F3
:10B40000A1BB00BF0000FF0F88B138B5054600683A
:10B4100028B14468FEF700F82046002CF9D100233B
:10B4200028466B602B60BDE83840FEF78FB9704747
:10B4300006292DE9F041069D04D00695BDE8F041AE
:10B44000FCF782BEA2F10E041F46072C28D8DFE8C5
:10B4500004F020271C13270F0B04C36F3B60042349
:10B4600000202B60BDE8F081836F5B083B60F6E74E
:10B47000436F5B083B60F2E78369D3F8843013F0D5
:10B48000080307D001233B60E9E790F880303B6078
:10B49000E5E7036F3B60042300202B60BDE8F081EB
:10B4A0006FF00801FEF7D8FE4FF0FF30BDE8F081E5
:10B4B00038B5456AA5B10446FDF7CCFC656A00E0E5
:10B4C00025462C68002CFBD12B6B29469A6A03F188
:10B4D0002400013A9A62FEF7DBFE2C63FDF7C2FC02
:10B4E000284638BDF8B504468820FEF73FF9F8B184
:10B4F0000246002301214FF4615E96270826A261CF
:10B5000040254FF400421846236784F88C3084F8B5
:10B510008E3084F86D3084F8801084F88D10C4F873
:10B5200074E0A767E66784F86C50A264A263F8BD74
:10B5300020466FF00201FEF78FFE4FF0FF30F8BD9E
:10B54000F8B506460D46FDF785FC344B1C68002C0B
:10B5500056D0002701E02468A4B1B4F862206B88BB
:10B560009A42F8D1237B042B33D1002FF3D104F17D
:10B5700060073846FFF7C8FC002846D027462468F5
:10B58000002CEAD1002F3BD0FC696CB1314604F1AC
:10B590005400FFF7C5FC20B1B4F8562073889A42D6
:10B5A00013D02468002CF1D17C6A6CB1314604F1CF
:10B5B0005400FFF7B5FC20B1B4F8562073889A42C6
:10B5C00003D02468002CF1D13C46FDF74BFC20460B
:10B5D000F8BD294604F16000FFF7A2FC0028BAD0AC
:10B5E000237B002BB7D0314604F15400FFF798FCC1
:10B5F0000028B0D0B4F8562073889A42ABD1E4E763
:10B600000024FDF72FFC2046F8BD38462946FFF7F9
:10B6100087FC00280CBF002727469CE7786900209C
:10B6200091F88030042B17D015D3062B1AD8052B90
:10B630001CD0CB6E0A22013B81F88020033312D844
:10B640004FF0FF3201238A660370D1F8843043F053
:10B650000803C1F8843070470722012381F8802055
:10B660000370F2E770473023CB66E9E70B6A934239
:10B67000DFD0082381F88030E7E700BF002944D0FD
:10B68000CA682DE9F84F177B8B46824614244FF089
:10B690000C083F09BD00AC4229D2A35CA11833B30A
:10B6A000012B26D004F10109A94520D24878661E55
:10B6B0000644B5421BD9022B1DD0032B11D18B7828
:10B6C0000C2B98BF8AF83E30DAF8843088BF8AF8AD
:10B6D0003E8043F02003DBF80C20CAF88430177B4F
:10B6E0003F0912F80930BD001C44AC42D5D3BDE877
:10B6F000F88F0134CEE74888FAF720F9DBF80C2000
:10B70000AAF83C00177B3F09EBE7704770B5056B63
:10B710000446E5B1037B022B0CD0AB6A8069013B88
:10B72000AB62FFF771FE214605F12400BDE87040D1
:10B73000FFF71CBA2B6A8069013B2B62FFF764FE9E
:10B74000214605F11C00BDE87040FFF70FBA86697D
:10B75000D6F88430DB0716D4306828B14568FDF789
:10B760005BFE2846002DF9D1002504F144007560E8
:10B770003560FFF7E7F9257304F154000C21BDE8AB
:10B780007040FFF737BD3046FFF73EFE21460248C6
:10B79000BDE87040FFF7EAB97869002006292DE975
:10B7A000F041069E14D1152A054614461F4606D8B8
:10B7B0000123934013F4651F01D0042E3CD10E3CAD
:10B7C000072C2CD8DFE804F0092B0F2B2B171E2594
:10B7D0000696BDE8F041FCF797BC3B6863B32B6766
:10B7E0000020BDE8F081386810B30123002085F8FF
:10B7F0008030BDE8F0813B68F3B15B0000206B67EF
:10B80000BDE8F0813B68BBB15B000020AB67BDE8E1
:10B81000F0813B6883B1EB670020BDE8F0816FF0F9
:10B8200008012846FEF718FD4FF0FF30BDE8F08113
:10B8300085F88000BDE8F0816FF00501F1E700BFF9
:10B84000002A18BF002B2FD0F8B5E1B1DB68054600
:10B8500010469F7893F803E01E785B7847EA0E273E
:10B8600046EA032357804B80FFF76AFE58B1092D43
:10B8700009D8DFE805F015110D05050D0D080809BB
:10B88000027B042A11D1F8BDF72280F88520F8BD8B
:10B89000E82280F88520F8BDF82280F88520F8BDE0
:10B8A00083699A8F1A63F8BD7047EE22BDE8F840AD
:10B8B00080F88520FFF72ABF38B5144D00221449BF
:10B8C000C82001F059FE2860A8B1002211494FF4A8
:10B8D000FA7001F051FE104B0446186070B1FFF78A
:10B8E0000DFD0E4A0021136803F57A4353FA80F0E8
:10B8F0001060084638BD4FF0FF31FAE7286801F0C4
:10B900005BFE2C604FF0FF31F3E700BF50F00020EA
:10B9100069C6000021DC000054F0002094E90020FA
:10B920002DE9F047044688B04069FEF7E9F90021A7
:10B9300007461420FDF7C0FB00286ED005461421F1
:10B94000C068FFF757FCE66A26B194F83080B8F17A
:10B95000000F6BD1EB6850221A73EE68E388E06940
:10B960003380638A7380F9F7EDFFD5F80C8070603F
:10B97000206AF9F7E7FFEB68C8F8080094F824207C
:10B980005A73EE68E08CF9F7D9FF616BF0812846B5
:10B99000FDF78AFE0546208DEE68F9F7CFFFEB68CC
:10B9A000002270821A8203F11006238A012B0FD025
:10B9B000AA8A4FF4C0612846FBF73AFFEB68308053
:10B9C0001033228A012A0CD0002008B0BDE8F0878D
:10B9D000002F6CD03B6A9B0759D4EB6803F110062B
:10B9E000E6E72068E168A26900285CD0447890F816
:10B9F00000E090F8200000260593062304900295AD
:10BA00003846CDF804E000940396FCF7ABFF08B08D
:10BA1000BDE8F0872846FDF7FFFC606B08B1FDF735
:10BA2000FBFC6FF0020008B0BDE8F0870021282081
:10BA30000795C146FDF740FB82460028EAD0282141
:10BA4000C068FFF7D7FB51460798FDF72DFE00238E
:10BA5000721E0668079012F8010FF168C85401338E
:10BA60009845F8D118F0030F05D028F0030808F125
:10BA700004085FFA88F9A9F1280107A8FDF760FD1D
:10BA80003369079A1433D2689B00137365E76969B9
:10BA90003846FCF711FC00289FD1AA69034642F002
:10BAA0002002AA618DE704464FF0400EA3E7A0698B
:10BAB000FCF7E0FB074600288CD18EE72DE9F04724
:10BAC00084698EB0426C0546266AE368C06DF31A3D
:10BAD000C3EB02088845474628BF0F46FDF782F8AA
:10BAE00007F11403984238BFA0F11407C7EB08030D
:10BAF000B3FA83F35B09002F61D0002B5FD04FF0C6
:10BB0000180995F850200AB1002B69D1A9696B6B0F
:10BB10008A68D31A62D48869984204D2B1F81CE0CA
:10BB2000191A714553D3A361002F46D0696C0023C5
:10BB30003A46E86CC8EB0101FDF7C4FB80460028DB
:10BB40005ED005F16C030DF1380A05F160010C229D
:10BB500001A84AF8383DFFF7C3FA05F154010C2259
:10BB600004A8FFF7BDFA226A636A4FF0FF318DF82F
:10BB70002490002508935046A3690792A27FA167ED
:10BB8000D340CDF83480ADF82850ADF826300B9571
:10BB90008DF83050FFF7C4FE2369B91925645A1C8B
:10BBA00003F1005321629A420CD9914201D2994289
:10BBB00000D821610EB0BDE8F087B846C1E74FF06C
:10BBC00010099EE79142F2D20EB0BDE8F087B1EBCA
:10BBD000520FA8D2002818BF0346A4E70023A2E70B
:10BBE00094F8803049F001090136042B0DD0072B61
:10BBF0000FD0D4F8843043F00403C4F8843085E7D0
:10BC0000B9196FF002002162D4E7052384F880306F
:10BC1000EFE7092384F88030EBE700BF2DE9F0411E
:10BC20000C6805468EB01E46607B00F010000028B0
:10BC300037D100F0FF030F46904607936068F9F78D
:10BC400081FE3B68D8F800104FF0140E5A7B1B7B26
:10BC500002F00107C2F340041B098DF824E07A18B2
:10BC60002244A2EB8302104408900EAC314601A896
:10BC70000C2244F8385DFFF733FA0C22149904A81B
:10BC8000FFF72EFA00232046ADF82630ADF8283015
:10BC90000B938DF830300D93FFF742FE0EB0BDE8E8
:10BCA000F081A068F9F74EFE002204230790089265
:10BCB0008DF82430D9E700BF2DE9F04F846991B0A9
:10BCC0009946064601920F46426BA368256A9A1A66
:10BCD00074D4A169914204D2501AB4F81CE07045A2
:10BCE00062D3B907A26157D4A37FDA401FFA82F862
:10BCF000FB070CD594F880200135042A69D0072A67
:10BD00006BD0D4F8842042F00402C4F8842007F0F9
:10BD1000100202F0FF0B0AB1D4F824B00C2206F195
:10BD20006C030DF1400A06F160010DEB02004AF8C8
:10BD3000383DFFF7D5F906F154010C2206A800267C
:10BD4000FFF7CEF94FF0FF31226A5046019BA16701
:10BD500009920D93CDF828B08DF82C70ADF82E8097
:10BD60008DF83890ADF830600F96FFF7D9FD236954
:10BD700026645A1C03F1005325629A4206D8954264
:10BD800001D39D4204D911B0BDE8F08F9542F8D39C
:10BD9000256111B0BDE8F08FB2F5405F05F10105F6
:10BDA000A4D94FF44058A3E7B0EB530F99D2002920
:10BDB00018BF0A46B907A26196D5EDE7002301F046
:10BDC0000201A36101F0FF0200298DD001359846E0
:10BDD0008EE7052284F8802093E7092284F88020EA
:10BDE0008FE700BF30B5846985B0054694F8803090
:10BDF000052B21D0092B1FD0022B09D000231021A5
:10BE00001A46FFF759FF4FF0FF33A36705B030BD67
:10BE1000236A0DF1070202A9013B2362FFF788FAAA
:10BE20009DF8073002AA28461221FFF745FF4FF080
:10BE3000FF33A36705B030BD226A002328461121D5
:10BE4000551E1A462562FFF737FF4FF0FF33A367F1
:10BE500005B030BD027B32B18269936F591C02D0AC
:10BE6000013B936703B17047FFF7BCBF38B5FCF7E0
:10BE7000F1FF0A4B1D686DB12846FFF7EBFF6C6AB6
:10BE80002CB12046FFF7E6FF2468002CF9D12D687D
:10BE9000002DF1D1BDE83840FCF7E4BF78690020FF
:10BEA0002DE9F84305461446894603F002078669E2
:10BEB000DDF82080FCF7CEFF2846B7FA87F3494625
:10BEC00050F8342F5B09A24228BF2246FEF7A0FF9C
:10BED000044607BB336CB28B0344B3EB420F3364AD
:10BEE00022D32B7B032B13D054B3B8F1000F0AD00D
:10BEF00040460C2205F15401FFF7F2F81CB9D6F8C0
:10BF000084301B0728D4FCF7ADFF2046BDE8F8833A
:10BF10002846FFF767FF002CE7D12B7B032B0FD1BF
:10BF2000B8F1000FEBD0E3E7B268B3EB520FD8D211
:10BF3000B269002AEFD1002BD3D1002CEDD0D4E789
:10BF40006FF01304FCF78EFF28462146FEF784F9B4
:10BF50004FF0FF30BDE8F8836FF01904F2E700BF3F
:10BF60002DE9F843856907468946EC682A6AD5F8C1
:10BF70008400AB6AC4EB020820F04001B3EB080474
:10BF8000C5F8841068D42B6BA98FC8EB03037A6CB7
:10BF9000B3FBF1F3C8EB020803FB01F34445A8BF70
:10BFA00044469C42A8BF1C46002C49DD0026A14205
:10BFB0003ADDEB6AB4EB530F2EDCD5F88430DA06A9
:10BFC0002AD4E9682A6A914202D097F8802072B197
:10BFD000A219904563D0696FAA6C481C01D09142A8
:10BFE00001D92A656A6743F04003C5F8843086B3F7
:10BFF00095F86030002B37D12B6A002101226B614C
:10C00000E96785F860204FF0FF322B6F93426A6733
:10C0100040D00120BDE8F883264438462146FFF78A
:10C020004DFD002EE4D114E03846FFF747FDA98FFF
:10C03000641A0E44002CDADDB9F1000FB7D0D6E750
:10C0400097F850302BB1B8F1000F02D110F0040373
:10C0500018D00020BDE8F88322449846022300242B
:10C060002A6285F860308EE7022BCCD16A692B6A90
:10C07000511C02F10052914217D99942BDD99A42FE
:10C08000C1D3BAE71A4638461121FFF715FE2B6FC8
:10C090000133BED1AB6C01202B67BDE8F88321468C
:10C0A0003846FFF70BFD4646A1E79942E7D9AAE7D4
:10C0B00038B5037B032B25D10D460446FCF7CAFE99
:10C0C000AA0702D594F8503043B1EB0702D594F893
:10C0D000403063B1FCF7C6FE002038BD0121204688
:10C0E00084F85010FFF73CFFEB07F3D5EFE704F1BE
:10C0F0003400FEF727FD012384F84030FCF7B2FE40
:10C10000002038BD6FF01301FEF7A6F84FF0FF30A6
:10C1100038BD00BFCB682DE9F04F0546846985B076
:10C12000986817468846F9F70DFC95F88D20D8F8E1
:10C130000C308146012A93F80DA00CBF6A6F4FF0B6
:10C14000FF32A2663A68500701D50122A267E16872
:10C150004FF0FF328945626600F0DE800023C1EBBC
:10C1600009016E6C63648E42236BA84A28BF0E4699
:10C17000934215D8A26B934200F2EB8099198A4240
:10C1800080F0E181616B2263194413468A1A3244BC
:10C1900062639A4204D3A18FD21A0B446263236371
:10C1A000314605F14C00FDF7CBF9236A696C5A1C46
:10C1B00003F10053891B9A426964C4F80C9045D975
:10C1C000914501D2994501D8C4F82090636913F1D3
:10C1D000005259D2994506D3914504D894F860305D
:10C1E000012B00F09981D8F80C30D8F8142003F115
:10C1F0000C00D4F88410090749D503784FF00109E1
:10C200001B09B2EB830F3B6802D943F002033B608A
:10C210001B0702D41AF0080F02D02846FFF7E2FDF0
:10C22000D4F884102846C1F3C011FFF799FE3B688B
:10C2300010B143F001033B60A26A52B96A6C42B18B
:10C24000626F013200F09580226D08E09145B9D20D
:10C25000BCE7D4F88420560602D44FF0FF32626760
:10C26000226AE16891420CBF4FF0FF32A26C13F0DA
:10C27000090F226704D1980702D52846FFF7B2FDBF
:10C28000484605B0BDE8F08F9945A5D3A6E7CDF89F
:10C290000880017893F80D8009094FEA81099145DA
:10C2A0005BD0AE695868F9F74DFB736A98427068C5
:10C2B00062D0029BB1685A6902448A427FD83A68C8
:10C2C000316842F002023A60002900F06A814FF0C2
:10C2D00000090391DB685868F9F734FB029B00F111
:10C2E0000108DB685868F9F72DFB039B00F1005B40
:10C2F000DB685868F9F726FBD8456CD8804501D82B
:10C3000083456AD2DDF80C90D9F80430002B00F098
:10C31000FF800393029BDDE7266AB14524D06A6C57
:10C3200012B3197B03F10C00D8F814200909B2EB01
:10C33000810F7FF45EAF1AF0030F7FF45AAF616C88
:10C3400001F1010EBEF1030F00F04381C4F844E097
:10C350004FE7626B324462631BE718F0210FA0D1F4
:10C360003B684FF0010953E703F10C00D8F81420A3
:10C370003FE7A26C226572E700289AD118F0010FFE
:10C3800040F01481494602A8FDF7DAF8029B002B21
:10C3900000F00981726A19465B694FF00009E86B89
:10C3A00013447362FDF780F9029B6A6B59693B681D
:10C3B0000A44E86343F004036A633B6028E7DB68F0
:10C3C0005868F9F7BFFA736A9842029B3FF477AF57
:10C3D0004FF0010910E0804592D8B9F1000F00F04C
:10C3E0009480029BC9F80430039A5A6071684FF038
:10C3F00000095A690A447260DB685868F9F7A2FAC2
:10C40000D6F824B058453ED03B6801E7FFFFFE0F49
:10C41000834565D84868F9F795FA32680190D26883
:10C420005068F9F78FFA32687168D2F814E0D3686F
:10C43000CEEB010C516893F80C8003924FEA181868
:10C4400086E802100021AEEB880851608044597BD9
:10C45000C9077CD4D268042303A8117B090913FB04
:10C4600001B1019BC91AFDF76BF8039A42B16B6BDE
:10C4700011465269E86B13446B63FDF715F9E863E5
:10C48000C346C6F824803268002ABDD0D2685068FE
:10C49000F9F758FA32688046D2685068F9F752FACC
:10C4A00000F1005080452DD8D845ADD85845ABD3C4
:10C4B00032680BF10058D2685068F9F743FAD6F8A1
:10C4C00000E0C345DEF80C10DEF8142091F80CC033
:10C4D0004FEA1C1CA2EB8C02104499D8834501D86A
:10C4E000804597D2DEF80430704672685969CDF8FD
:10C4F0000CE0521A33607260FCF78EFF3268002A3B
:10C50000C4D181E7D845D1D8D2E7029B33606BE72D
:10C51000029BC9F8043069E7A26D4AB3E06FA0EB53
:10C52000D2000244002A39DDD108A26580EAE07217
:10C53000E36DA2EBE072A2EB93021A44002A1DDC29
:10C540000122E2651BE00B46626B216321E69868DD
:10C5500008F10108F9F7F6F9A969024605F10C009E
:10C56000FFF75EF83968039A41F00801396071E716
:10C57000E26F0132D3005200D908A365E265D8F812
:10C580000C300A4400264FF0FF31A26403F10C0086
:10C59000D8F8142084F86060E1672AE60021A365DA
:10C5A000C4E7336022E799463B6831E6029BDB68CB
:10C5B0009868F9F7C7F9A969024605F10C00FFF779
:10C5C0002FF8726A3B68013243F0080372623B60E5
:10C5D000D8E6236B0231A26A61649342A18F8CBFBB
:10C5E00053085B084A00A3639A4201D91346A26329
:10C5F00023632846C4F82090FFF760FA3B684FF0A9
:10C60000FF3E022143F00102D8F80C30266203F10C
:10C610000C003A60C4F87CE084F86010D8F814206C
:10C62000E7E500BF2DE9F0471446564A0646944216
:10C6300000F29980027B032A62D114B92046BDE83A
:10C64000F087994688468769FCF704FCB56CD6F8F4
:10C6500044A0FDF7A1F840F6C90398425FD9CAEBA0
:10C660000502824256D8944233D819F0040F35D0CF
:10C6700096F88C3093BB012386F88C30D7F8843041
:10C680009442404628BF144643F0800301222146CD
:10C69000C7F88430FCF75CFD0546002866D04FF0F3
:10C6A000010806F1440929464846FEF765FB0028C3
:10C6B00052D1BB6AE3BB7B6F013349D0B8F1000FA5
:10C6C00002D0002386F88C30FCF7CCFB2046BDE876
:10C6D000F08722B319F0040F4AD11446D7F88430FA
:10C6E0009442404628BF144643F08003012221466D
:10C6F000C7F88430FCF72CFD054630BB0446E3E761
:10C700006FF013014FF0FF343046FDF7A5FD2046D2
:10C71000BDE8F0878442024628BF0446A5E7FCF73F
:10C72000A1FB00248AE701213046FFF719FC28B15C
:10C73000337B032BF7D04846FEF704FAD7F8843052
:10C7400023F08003C7F88430B8E74FF00008A8E76B
:10C75000BB6C3B657B67B1E728460024FCF73EFDD8
:10C76000FCF780FB6AE76FF00501CBE70446A8E71A
:10C7700096F88C30002BB0D10123144686F88C300B
:10C780007CE700BF0000FF0FF0B5054685B0084606
:10C790000C46FEF7D1FB00284DD001462046FEF79F
:10C7A000A9FB00283AD12046FEF794FB002835D19A
:10C7B0002846224FAE69FEF7E7FD02A90DF10702F8
:10C7C0002846FEF7B5FD3A6805F15403511C326264
:10C7D000316194E8070083E80700FCF73BFB02AAFD
:10C7E0009DF8073002212846FFF766FA0446F8B99B
:10C7F0000122022386F880202B73FEF77FFD3B6821
:10C80000B16C1E2203F57A43316753FA80F0F26669
:10C810003860FCF727FB204605B0F0BD6FF00E0432
:10C8200028462146FDF718FD4FF0FF3005B0F0BD5A
:10C83000FCF718FBF4E76FF00F04F1E794E9002030
:10C840002DE9F04F8BB0DC6807460E460AAD149810
:10C85000904645F81C3D247BFCF7DEFD2846240964
:10C86000A4002146FCF7FAFD013008D00398836943
:10C870009B060BD539463046FEF73CFBD0B10399F9
:10C880000846FCF7C9FD0BB0BDE8F08F828A4FF473
:10C89000C061FAF7CDFFB8F8003008F1080206F1E0
:10C8A0000801012B14BF10230423FAF7D9FF002835
:10C8B000E5D1DFE73046FEF70DFB03990028DFD115
:10C8C0004B699C42DCD8CB68404639461A88728056
:10C8D0005B88A8F80230FEF70DFB18B94046FEF75A
:10C8E000F9FA50B1039943460096002001F1140271
:10C8F0000C31FFF793F90399C2E741463046FEF742
:10C900001FFE0546002800F00181037B042B00F088
:10C91000F380039B0022AC69D9685A60486807928B
:10C920000693F9F70FF8069B0746DB68986893F8BB
:10C930000CB0F9F707F88146069894F88020C36890
:10C94000012A5B7B03F03F0A62D0032A60D0022AEF
:10C9500072D0616A07F1010E07F100524FEA1B1B0A
:10C9600096454FEA8B0B00F2B9808E4528D88A4253
:10C9700026D3426901F1005E481CCBEB02027045F0
:10C980003A4400F2BF80904227D8964525D3CF1B6A
:10C9900006A8594602933A46FCF7D6FD029B9A0632
:10C9A00000F1C280069B676ADA6838460292F8F79F
:10C9B000C9FF079B029A43F002035060616A079324
:10C9C000A3691944481C01F10052904209D8B842A9
:10C9D00000F28880BA42C0F085802846FFF702FA4C
:10C9E0004DE7B842F9D9BA42F7D2069B5B69CBEB67
:10C9F00003033B44984201D99A427AD3C91A06A844
:10CA0000FCF79EFD079B94F8802043F002030793F8
:10CA10000AF01403142B36D01AF0040F1AD0012A8E
:10CA20003FF42DAF032A3FF42AAFEE23284685F8C2
:10CA30008530FEF76BFE22E794F88110012988D13A
:10CA400013F0020F616A85D001F1FF3E774581D175
:10CA50005B07EAD40AF0020303F0FF0BABB3022A30
:10CA600072D0032A16D0012A14D0069905F16C0061
:10CA70004346009601F114020C31FFF7CFF8284627
:10CA8000FEF744FEFBE6012AC6D1236A99457FF4EE
:10CA9000F6AECAE70AF0100303F0FF0A002B00F01D
:10CAA0008280002A00F0A580022A40F29180032AA9
:10CAB00040F09F8006994346009605F16C0001F115
:10CAC00014020C31FFF7AAF8D9E6012A01D0032A93
:10CAD000E0D11AF0100F3FF4D2AEEBE78E453FF6EF
:10CAE00046AF46E7069B5B69CBEB03033B449842AA
:10CAF00082D994F880208BE70C2231465430FEF71F
:10CB0000EFFA06E790423FF640AF40E70399CB6863
:10CB10005B7B5C073FF5B4AE01F11402009643461F
:10CB20000C31FFF77BF8AAE6069A0293D268508A86
:10CB3000F8F704FF8742029B4ED9069A03F01F0ABA
:10CB4000D36883F80DA02DE794F88130012B8CD1A8
:10CB5000636A013B9F4288D10AF0100303F0FF0A89
:10CB6000002B3FF43AAF236A9945A3D1069BDB68BB
:10CB7000D889F8F7E3FEA062A36AE26A9A4238BF56
:10CB8000E36294F88030013B092B00F2C181DFE8B9
:10CB900013F06A01BC00AD009E007B009E009E0069
:10CBA0006E0066004700022A3FF417AF032A02D046
:10CBB000012A7FF464AEBBF1000FD7D1069BDB687E
:10CBC000D889F8F7BBFE94F83E309840A062D3E7CE
:10CBD000236A9945EFD06DE7069BDB68588A02937C
:10CBE000F8F7ACFEC01B80B2F8F7A8FE029B588293
:10CBF000D8E6E26823699A420FD8914501D3994556
:10CC0000D9D95A1C03F100539A4225D89145FFF413
:10CC100036AE99453FF633AEDFE69145EFD3CAE72E
:10CC200006994346009605F16C0001F114020C319F
:10CC3000FEF7F4FF95F84030002B3FF420AE6B6B0D
:10CC4000002B3FF41CAE012605F13400FDF77AFFFE
:10CC5000012E7FF418AE12E69145DAD3BDE6236AC1
:10CC600099457FF40CAE2846FEF750FD07E6236A8F
:10CC70009945DFD14FF0FF330A21302284F880102C
:10CC8000E2662367A366D5E707AA06992846FFF759
:10CC900041FA226AE36806469A421FD095F840306E
:10CCA000002BD5D06B6B002BD2D0CDE72C6B294657
:10CCB000226A04F11C00A36A013A01332262A362D2
:10CCC000FDF7E6FA294604F12400FDF7D1FA07AA98
:10CCD00006992846FFF71EFA0646DFE794F88030EB
:10CCE000052BDBD1062384F88030D7E7296AAB6AAD
:10CCF000EA6A0B44934222D30C2105F15400FEF75B
:10CD000079FA0023A362E36294E7032194F8812077
:10CD10004FF0FF3304208A4284F880002973C4F85E
:10CD20000C90E3662367C1D0BBF1000FCFD095F81C
:10CD30008D30012B7FF47EAF6B6FA3667AE72846B8
:10CD4000FDF7A6FB82460C2105F15400FEF752FACE
:10CD5000BAF1000F00F082800C2241460AF1600017
:10CD6000FEF7BEF98820FCF701FD8146002850D06F
:10CD7000CAF818005046FEF707FB2B6AA26A00208B
:10CD8000E16A0133C9F828200137C9F82C1051464F
:10CD9000A062E06205F11C00614C2B62CAF83050C1
:10CDA000FDF766FA22680223C9F82470511CC9F8FD
:10CDB00020200322DAF81800C9F810108AF80C3085
:10CDC000069989F8803089F88120FEF757FCDAF857
:10CDD0001830D3F8842012F0200207D199689A778E
:10CDE000B1F5405F02D94FF440529A60998FB9F87B
:10CDF0003C201963AAB9069905F16C0043460096D8
:10CE000001F114020C31FEF709FF5046FEF77EFCDB
:10CE100010E75046FCF79AFCC4F82890C4F82C9010
:10CE200008E70DF11702504608A9FEF781FA08AA93
:10CE30009DF8173012215046FEF73EFFFEF75EFACE
:10CE400023681E21D9F8482003F57A43C9F86C10ED
:10CE500053FA80F0C9F870202060EBE6C4F828A0EF
:10CE6000C4F82CA0E6E601376762BAF1000F2BD0B8
:10CE7000C4F80C900699A869FEF700FCAB69D3F8DA
:10CE8000842012F0200207D199689A77B1F5405FAB
:10CE900002D94FF440529A60998FA28F1963002AE9
:10CEA0003FF4E3AD4FF0FF3328462367E366FEF718
:10CEB00099FF95F88D3004210322012B84F880100E
:10CEC0002A737FF4B7AE37E7A36C06992367A86986
:10CED000FEF7D4FBAB69D3F88420970608D49A6890
:10CEE00083F81EA0B2F5405F02D94FF440529A6019
:10CEF000998FA28F1963002A3FF4B7AD0222012354
:10CF0000284684F8802084F88130FEF76BFF91E694
:10CF100095F840300126002B7FF4C4AEAFE400BF8B
:10CF200094E90020037B8BB3826992F880300A2B4E
:10CF30002CD0012B2AD0022B30B58FB027D0D1684E
:10CF400004230022079108928DF8243000F16C032D
:10CF500004460EAD00F160010C2201A845F8383DF1
:10CF6000FEF7BEF804F154010C2204A8FEF7B8F84D
:10CF700000232846ADF82630ADF828300B938DF805
:10CF800030300D93FEF7CCFC0FB030BD7047516AC6
:10CF900014230022089107928DF82430D6E700BFB1
:10CFA000037B042B10B504460BD0FFF7BBFF2046D4
:10CFB000BDE81040FEF7AABBFFF7B4FFE069FEF73B
:10CFC000A5FBE0690028F7D1606A0028EFD0FFF7E1
:10CFD000A9FF606AFEF79AFB606A0028F7D1204635
:10CFE000BDE81040FEF792BB037B042B70B50446EE
:10CFF0000D460ED08669FEF7C7F9002303210422EF
:10D00000E562E3650020A4F8563086F880102273AC
:10D0100070BDFBF71FFF03E03BB1E069FFF7C0FF06
:10D02000236AA26A99188D42F6D3954205D2606AA6
:10D03000FFF7B6FFA36A9D42F9D3E562FBF712FF43
:10D04000002070BDF8B5FBF705FF154B1C68B4B1A7
:10D050000027A5692668D5F88430DB0713D4237B25
:10D06000042B14D0286828B14468FCF7D5F9204671
:10D07000002CF9D16F602F603446002EE9D1BDE855
:10D08000F840FBF7EFBE2046FEF740FBF4E7E0690F
:10D090000028F1D0FFF784FFE0690028FAD1EBE720
:10D0A0007869002038B5037B8569002B40D090F863
:10D0B0008E300446012B28D0FBF7CCFE237B032BBC
:10D0C00029D194F85030002B4AD0FBF7CBFEFBF768
:10D0D000C1FED5F88430227B43F00103C5F88430CB
:10D0E000002A39D095F880300A2B08D094F88E3079
:10D0F000012B27D03023EB66012384F84030636B8B
:10D10000ABBBFBF7AFFE002038BDD0F88830002B5A
:10D11000D2D1FBF79FFED5F88430204643F00103BF
:10D12000C5F88430FFF73CFFFBF79CFE002038BDBC
:10D13000D5F8843043F00103C5F88430FEF7E6FAF1
:10D14000002038BDD4F88830002BD3D00A4AA2FB87
:10D1500003235B09EB66CFE72046FEF7D7FAD0E75B
:10D160000121204684F85010FEF7FAFEADE704F1E5
:10D170003400FDF7E7FCC4E7D34D6210037BF3B145
:10D180002DE9F043856991B004466B6E5E1C02D0B8
:10D19000013B30D06B66EB6E581C12D0013B0FD1B7
:10D1A000D5F884304FF0FF32D907EA6633D595F8C9
:10D1B00080300A2B29D02046FFF7F2FE18E0704796
:10D1C000EB662B6F5A1C02D0013B2FD02B67A96E48
:10D1D0004F1C02D04E1E72D0AE66696F481C02D042
:10D1E00001394FD06967EB6F5A1C01D00133EB67EF
:10D1F00011B0BDE8F08390F985304FF0FF3218335D
:10D200006A6602D0EF2380F885302046FEF77EFA6A
:10D2100011B0BDE8F08394F9853013F1180FF4D004
:10D220000933F2D0E92384F88530EEE795F88030B1
:10D230004FF0FF32012B2A6700F0A880022B40F04C
:10D24000B6802B6A0DF10702204602A9013B2B6232
:10D25000FEF76EF802AA9DF8073012212046FEF76D
:10D260002BFDEA68696DAB6C9142E86C00F0CE80F2
:10D27000EB646A65782BA9D05B00782B88BF782394
:10D28000EB64A3E7A6694FF0FF32B36A6A67002B2D
:10D290006CD120460121FEF711FC326A336D013A50
:10D2A000782B326204D05B00782B88BF78233365FB
:10D2B000726E7367013296D13023736693E74FF035
:10D2C000FF33A76931460120AB66FBF7F5FE8046C8
:10D2D000002882D0A169636B8A68D31A00F19C8010
:10D2E0008869984209D28E8B191AB14205D2B1EBE6
:10D2F000520F02D2002818BF0346B97F0C2204F156
:10D300006C060DF14009CB400DEB020004F1600109
:10D3100049F8386D9EB2FDF7E3FE0C2204F154018A
:10D3200006A8FDF7DDFEFB687A6A4FF0100E591E65
:10D3300000234846ADF82E600A92ADF830300D93C8
:10D340008DF838300991CDF83C808DF82CE0FEF74F
:10D35000E7FA7A6EA36F561CBB6659D0E16F01FBEA
:10D3600003F39A427FF639AF7B6636E7D6F884300E
:10D37000204643F01003C6F88430FEF7F1FDD6F8DE
:10D38000843023F01003C6F884302CE72B6A0DF1AB
:10D390000702204602A9013B2B62FDF7C9FF02AA42
:10D3A0009DF8073002212046FEF786FC59E7D5F8A4
:10D3B00084306A6E23F004030132C5F884302DD026
:10D3C0002A6B43F01003A96AE8688A42C5F88430E2
:10D3D000286288BF4A08A98F98BF5208480029636D
:10D3E000AA63002190424FF0020288BFA8634FF069
:10D3F000FF3085F86020E8672046FEF7B1FDD5F8DC
:10D40000843023F01003C5F884302AE7034631E75F
:10D41000E26F02FB03F3A7E733466EE730226A664A
:10D42000CEE700BF38B5FBF715FD134B1D68B5B14E
:10D43000E86928B10468FFF7A1FE2046002CF9D165
:10D44000686A28B10468FFF799FE2046002CF9D1DC
:10D450002C682846FFF792FE0CB12546E8E7FDF759
:10D460004DFF064A136803F57A4353FA80F0BDE88E
:10D4700038401060FBF7F6BC7869002094E9002082
:10D4800038B5104CFBF7E6FC206858B18269D2F839
:10D49000843043F00103C2F88430FFF781FD206837
:10D4A0000028F3D1084D094C286800F085F8206861
:10D4B00000F082F800232B602360BDE83840FBF7C2
:10D4C000D1BC00BF7869002050F0002054F000204B
:10D4D000054B1B682BB11868B0FA80F04009404238
:10D4E00070474FF0FF30704798E9002038B5054D80
:10D4F000286830B10468FCF729F92C602046002C1C
:10D50000F8D138BD9CE90020014B1B681B68184707
:10D5100098E9002070B5FBF79DFC104B1C68C4B166
:10D520000F4D2E4601E024689CB12B681B6898477C
:10D530006368A268C01A9042F5D333681B689847A5
:10D54000E3686060002BEED0206998472468002CC7
:10D55000EBD1BDE87040FBF785BC00BF9CE9002023
:10D5600098E9002008B5FDF79FFDFFF7D3FFBDE860
:10D570000840FDF7A7BD00BFF8B5B0B1A9B1054699
:10D58000142017460E46FCF7F1F8044658B1084B34
:10D59000084A196812680160126818609047A5600F
:10D5A0006060E66027612046F8BD00242046F8BD93
:10D5B0009CE9002098E9002080B1094B1A6890424C
:10D5C00001D107E01A4613689842FBD10368136043
:10D5D000FCF7BCB802681A60FCF7B8B8704700BF27
:10D5E0009CE9002010B403464024012000214FF4A0
:10D5F000006283F86C4083F86E00084683F86D1073
:10D600009A649A635DF8044B704700BF38B50C46C6
:10D610000546FBF71FFCE20708D4A30702D5012348
:10D6200085F85030FBF71EFC002038BD012305F1C2
:10D63000340085F84030FDF785FAEEE72DE9F04F2C
:10D64000044687B0174698460D46109EFBF702FC2D
:10D65000A36CBB42C0F0AE80002E00F08E80284646
:10D6600000223946FBF774FD8146002800F0A580B2
:10D67000B4F86230002B77D018F0040841D1C346CB
:10D68000706800B9606EFCF73BFB01218246082000
:10D69000FBF712FD002800F09380C5684946B4F8F6
:10D6A000622073882A806B80FBF7FEFF8146808AA8
:10D6B000F8F744F932880023A880012AAB71EB7196
:10D6C00006D1BAF1000F6ED0DAF820309B0757D49C
:10D6D000B9F814204FF488514846FAF7A9F825F80C
:10D6E000060F3388012B12D0B8F1000F57D194F9EF
:10D6F0008530002B55D1FBF7B5FB384607B0BDE8A8
:10D70000F08F012394F88CB084F88C30B8E7B268BD
:10D71000002694F86D3002F0F00094F88CE0A16ED1
:10D72000E0280CBF94F86E0094F86C00009311236D
:10D73000019050460595CDF80890CDF810E003967D
:10D74000FBF710F9B8F1000F01D084F88CB0002875
:10D75000CDD001462046FCF77FFDFBF783FB4FF061
:10D76000FF3007B0BDE8F08F636904F1600118680D
:10D77000FCF760FEA4F862007EE704F154066EE751
:10D78000D9F814105046FAF797FD0028A0D1D9F81F
:10D790001830054643F02003C9F81830A1E70020EF
:10D7A000D3E70020D5E7B068FAF764FD8246002889
:10D7B0008AD18DE76FF00700CBE76FF00200C8E772
:10D7C0004846FBF729FEB8F1000FF6D06FF00200D3
:10D7D000BBE700BF2DE9F0410F4686B00C2105469E
:10D7E00090461C460DEB01000C9EFDF703FD95F9DC
:10D7F0008510C9B984F002044246394603ABC4F32C
:10D80000400405F134000094FDF728FB04461EB1E6
:10D81000314603A8FDF78AFB631C03D0204606B0FF
:10D82000BDE8F0816FF007012846FCF715FD4FF0C9
:10D83000FF30F4E738B504460D46FBF70BFB0C222E
:10D84000294604F15400FDF74BFC032304F1340096
:10D850002373FDF777F9FBF705FB002038BD00BF08
:10D8600010B50446FBF7F6FA03482146FDF77EF9AA
:10D87000FBF7F8FA002010BD9C69002010B5054C9C
:10D88000216829B10348FDF771F921680029F9D110
:10D8900010BD00BF9C6900202DE9F04383B00193C7
:10D8A000002B60D0064600285DD00F4601A8082155
:10D8B0001546FBF7D3FD013055D0019BDC68A088ED
:10D8C000F8F73CF8019B8046596988424BD8C0F074
:10D8D0009480E38823B1019883699B0640F1AC8072
:10D8E000A27801A894F803E008212378647842EA3A
:10D8F0000E2243EA04236A807B80FBF721FE314637
:10D900002846FDF7F7FA00287CD05B4B1C6854B31F
:10D910004FF0000801E02468FCB1B4F862206B8885
:10D920009A42F8D12846FDF7D5FA002846D02B8830
:10D93000012BF0D1D4F890100029ECD04A68AB68E4
:10D940009A42E8D10B689E42E5D1B8F1000F02D0AF
:10D9500098F84030E3B1A046DDE7B8F1000F02D0FF
:10D9600098F8403043B10A98FBF756FD0198FBF751
:10D9700053FD03B0BDE8F0833A4608F13400019945
:10D98000FDF718FA0130EED00A98FBF745FDF0E7F5
:10D9900019464FF0FF320198FBF794FC81460028AE
:10D9A000D9D008F134003A464946FDF703FA013070
:10D9B000D1D14846A046FBF72FFDACE704F1600942
:10D9C0004846FDF7A1FA28B948462946FDF7A8FAC6
:10D9D0000028A0D004F154094846FDF795FA002824
:10D9E000B3D148463946FDF79BFA002893D0B4F8E6
:10D9F00056207B889A428ED1A7E7411A01A8FBF7EF
:10DA00009FFD66E72846FDF765FA00287FF47DAFA5
:10DA1000194811233A4629460068FCF78FFCF0B1FB
:10DA200090F84030002B9ED13A4634300199FDF7F2
:10DA3000C1F9013097D0A7E742464FF48851F9F772
:10DA4000F7FE2B8805F1080207F10801012B0CBF36
:10DA500004231023F9F704FF002884D140E701983C
:10DA6000FBF7DAFC2B88012B83D1032230460A9B7B
:10DA70001146FAF731FA7CE79C690020002A18BFAA
:10DA8000002B41D000293FD001382DE9F041082872
:10DA900006D8DFE800F007303333303005053600B4
:10DAA000BDE8F0816FF0070718480468002CF7D034
:10DAB00015468846DE6802E02468002CF0D029462E
:10DAC00004F15400FDF72CFA0028F5D0B4F85620E4
:10DAD00073889A42F0D1B4F8622033889A42EBD12D
:10DAE000414604F16000FDF71BFA0028E4D084F8F9
:10DAF0008570BDE8F0816FF01707D5E76FF011076B
:10DB0000D2E76FF00807CFE7704700BF9C6900209D
:10DB100090F8A32090F8A200101A704790F8A23055
:10DB200090F8A3209A4205D95A1C034480F8A220F9
:10DB3000987E70474FF0FF30704700BF90F8A230DA
:10DB400090F8A3209A4202D90344987E70474FF080
:10DB5000FF307047704700BFB0F8303193B190F894
:10DB60002F31882B0BD8C21810B45C1C012380F80D
:10DB70002F41184682F8A5105DF8044B704701222A
:10DB8000002302711846704738B50546B0F83001D9
:10DB900090B195F82F311446C3F1890294420CD804
:10DBA00005F1A5002246184401F0C6FE95F82F3174
:10DBB00020461C4485F82F4138BD144601222A71A5
:10DBC000EEE700BF704700BF2DE9F04F83464048A5
:10DBD00083B01525DBF814A09BF818609BF819306A
:10DBE0000AEB06163B490AEB0313DFF8ECE0367A42
:10DBF0000C4693F828303601DFF8E0901B018719B6
:10DC000050F8068000EB030CC658F8687B68DCF817
:10DC10000C7000931D60C8F88400D8F80430DCF85C
:10DC2000042003430192C8F804301560C6F88470DC
:10DC300073683B4373600968DEF80030A9FB033268
:10DC4000920C02EB8202520023685B1A9A42FBD8C4
:10DC5000204A0925DFF884C09146D8F808301842D8
:10DC600002D0B3681F4231D1C6F888701468DEF85C
:10DC70000010ACFB0131890C01EB810113681B1B07
:10DC80009942FBD8C6F88470D9F80040DEF800103D
:10DC9000ACFB0131890C01EB810113681B1B99421C
:10DCA000FBD8013DD9D128469BF81830009A0AEBE1
:10DCB0000313DB6813609BF81930019A0AEB031A0F
:10DCC000DAF82C30136003B0BDE8F08F0120EBE7E9
:10DCD000AC0B0020041000E0105B002083DE1B432F
:10DCE0000D49026910B50C6805E0DB0107D40B682B
:10DCF0001B1B102B08D8536913F0007FF5D14FF48C
:10DD0000FE430120536110BD0446FFF75DFF00286C
:10DD1000F9D02269F3E700BF4CF500202DE9F04768
:10DD200090F82FA1BAF1000F02D10420BDE8F087CE
:10DD300005460E46FFF7D4FF0028F6D02E4F0024EC
:10DD40004FF40079D7F80080544529691AD8CB6D73
:10DD500003F00703032B09D914E095F8A52001333C
:10DD6000012442F48062042B0A660BD02A19002C8D
:10DD7000F3D0A24527D9013392F8A5200134042B12
:10DD80000A66F3D14B69180522D45A0527D49804A2
:10DD900004D43A68C8EB0202322A09D90B694FF45D
:10DDA0000072042043F440730B610A66BDE8F087FB
:10DDB000544505D9CA6D520702D19B0519D4C6B185
:10DDC00003F0D4FCC0E70EB1C1F860900134D9E78C
:10DDD0000B69042043F440730B61BDE8F0870B69C5
:10DDE0004FF40072022043F440730B610A66BDE8F1
:10DDF000F0870020BDE8F0874CF500202DE9F84FB2
:10DE00000C46154698468146FFF76AFF10B9042074
:10DE1000BDE8F88F00226300002D40F2014A14464D
:10DE2000DBB23D4E08BF0125022C43EA0A0AD6F8B0
:10DE300000B089F8A22089F8A32048D9D9F8103079
:10DE400099F8A320872A12D8D96DC1F3024111B9DC
:10DE50000DE0882A0BD002F1010E09EB0200013916
:10DE60005FFA8EF289F8A3201F6F8776F1D15A6985
:10DE700010054CD412F4105F04D13168CBEB0101D2
:10DE8000322912D91A694FF4007142F440721A61B2
:10DE90001966DA6D12F4E02F03D01A6942F40072A9
:10DEA0001A6199F8A300BDE8F88F99F8A310A94268
:10DEB00009D3022C07D9D96D490704D19205E8D4BA
:10DEC000B8F1000FE5D003F051FC022CB6D8D9F818
:10DED0001020D36D03F00703032B0DD8691E4FF4F8
:10DEE000007041F480714CB9C2F860A0013B01346C
:10DEF000032B01D8022CF6D91346A1E7012C04D03C
:10DF0000B8F1000FF2D01066F0E71166EEE71A697B
:10DF100042F440721A61BCE74CF50020036970B509
:10DF2000D3F81451044615F4706201D0C3F81421DB
:10DF3000AE070BD5D3F87011080442D5002201209A
:10DF400084F8A220224484F8A3009176EA0710D531
:10DF500094F8306116B394F82E6194F82F21B242F0
:10DF60002BD9721C264484F82E2196F8A520C3F8DC
:10DF70006021AB0511D594F8A30018B1D4F83C3159
:10DF800003B19847002384F8A23084F8A33084F8C2
:10DF90002E3184F82F3184F8303170BDD4F8382117
:10DFA0000AB1904723690122002184F8302194F8B6
:10DFB0002F2184F82E11B242D3D80022C3F8602159
:10DFC000D7E794F8A320872AC0D8501CC0B2B9E77D
:10DFD0000148FFF7A3BF00BF6C5C00200148FFF7BA
:10DFE0009DBF00BFAC5D00200148FFF797BF00BF99
:10DFF000EC5E0020B0F84630B0F848209BB292B2F8
:10E00000934202D2501EC01A7047406B0138104430
:10E01000C01A704772B6B0F84A30B0F84C2099B2C6
:10E0200093B2994201D2826B11440269CB1AD06A31
:10E03000C0F30260184462B6704700BFB0F84A20CF
:10E04000B0F84C3092B29BB29A4270B428D00133EF
:10E05000846BA34217D2016B9EB28B4218D2016A25
:10E06000C95CC9B2856DA0F84C60B5B19A4238BFA1
:10E070001219D31AC26B93420FD8C36D0846C5F864
:10E08000883070BC70470026016B33468B42E6D364
:10E09000591A456A695CC9B2E4E7084670BC704722
:10E0A00072B6B0F84A1089B28A4202D062B60A4605
:10E0B000CDE70369DA6A12F0E06F04D0D869C0F3E3
:10E0C000090062B6DDE74FF0FF30FAE790F8443020
:10E0D00043B110B5044603F049FB94F84430002BDB
:10E0E000F9D110BD704700BFB0F84A20B0F84C30ED
:10E0F00092B29BB29A4210D00133816B026B8B4279
:10E1000028BF0023934204D39B1A426AD05CC0B25A
:10E110007047026AD05CC0B2704772B6B0F84A105D
:10E1200089B28A4201D062B6E6E70369DA6A12F080
:10E13000E06F11D0DB690021026AC3F3090310B458
:10E140000124A0F84A40A0F84C10D9B2517062B630
:10E1500018465DF8044B70474FF0FF3362B618461F
:10E16000704700BFEFF31380B8B9EFF310834BB9DA
:10E17000EFF305823AB94FF48073EFF3118050B199
:10E18000984208D270470F2AF7D9054BD35CEFF3BA
:10E1900011800028F4D1184670474FF0FF30F1E7A6
:10E1A000F0E300E007EE901A9FEDA47A0421B6EEAA
:10E1B000005AF8EE677A9FEDA26A2DE9F043C7EEA8
:10E1C000275A0E46012541F6FF741DE0A342A8BF61
:10E1D000234607EE903AF8EEE76A76EEC76AC6EE97
:10E1E000877AF5EEC07AF1EE10FA48BFF1EE677A61
:10E1F000F4EEC67AF1EE10FA03D8B0EE676A0E4676
:10E200001D460131212911D007EE901AF8EEE77A68
:10E2100085EEA77A77EE057AFDEEE77A17EE903A6B
:10E22000002BD3DCF7EE006A0123D6E70021436917
:10E2300002F40074D0F83890B3F85C70B3F85E80E4
:10E240008C42A0F84A10C7EB0907A0F84C1008BF91
:10E250008C46A0F8461018BF4FF0010CA0F84810EB
:10E2600080F84410D3F810E05969DEF80040C76325
:10E2700044EA0104C8EB09010164CEF8004080F8CB
:10E280001AC040F0CE80047E6E4903EB04146E4F3A
:10E29000247E01EB0414A4682760047E03EB0414BD
:10E2A000277ED4F81CE001EB07146468C4F800E092
:10E2B000047E03EB0414276A0FB1646A3C60447E59
:10E2C000D92703EB041494F8384001EB0414A46834
:10E2D0002760447E03EB041494F83870E46B01EB80
:10E2E000071149680C60417E03EB01110C6C0CB105
:10E2F000496C2160711E5C785F68082E4FEA0161ED
:10E300004FF00006D8BF4FF4003E04F1100401F0B6
:10E31000F853C8BFB64601691D434C4B4EEA05058C
:10E320000D61CE6043F824704369012448495D784B
:10E3300093F85A30474E6B54456901696B7803F086
:10E340001F075B11BC4046F823408B6A9B0803F013
:10E350001C030F2B60D85B1003F00303DCB28B6A45
:10E360009B0003F01C030F2B53D8DB0303F4403353
:10E37000234302F00304CB628B6A43F088038B6271
:10E3800053074BD444F4701302F00F04042C847E22
:10E3900008BF43F08043970648BF43F080530CB159
:10E3A00043F0A00316078B6103D50B6943F00053BC
:10E3B0000B614B69D40623F0805348BF43F0805370
:10E3C0004B61D30503D50B6943F400530B61EB6834
:10E3D0001B78E3B9204E357865B3204C236883421F
:10E3E00026D0691E2346C9B204EB810103E053F82D
:10E3F000042F90421AD08B42F9D16B1CDBB2184A21
:10E400003370137844F8250043F002031370BDE81D
:10E41000F0834FF44033ABE70324A0E7114B2343D1
:10E42000B2E7447E4FF2D90706494AE7BDE8F083D8
:10E43000BDE8F0830123094CE1E700BF001BB74BA7
:10E44000EC78AD60AC0B002038F00100006C0020CF
:10E4500000E400E000E100E099F500205CE8002025
:10E46000876A002010003C0010B4416299B1036B30
:10E470001A44826344690021B4F85C30B4F85E4009
:10E48000D31AA0F84A10121BA0F84C10C363026400
:10E490005DF8044B7047026B8263EBE78162C36AED
:10E4A00039B11A4400234263A0F84630A0F848303E
:10E4B000704743630023A0F84630A0F84830704707
:10E4C000F8B5036D04460E4613B1426DC3F88420BF
:10E4D000A37E33B172B62269936943F0005393610E
:10E4E00062B6B4F84650636BADB201359D4249D275
:10E4F000AFB2B4F848309BB2AB4220D1FFF732FE46
:10E500006369B3F85A3098422DDC21694B691B02CC
:10E51000EFD5B4F84830626B9BB20133934227D2F7
:10E52000E26A98B2934228D2E269D35CDBB2CB6153
:10E53000A4F84800B4F848309BB2AB42DED0E36A9E
:10E540009D4222D3ED1AF6B2A36A5E5572B601203F
:10E55000226984F84400A4F84670936943F40003E8
:10E56000936162B6F8BDFF28C3DD03F0FFF8C0E792
:10E570000020E26A03469342D6D39B1AA26AD35C78
:10E58000DBB2D4E700273D46B3E7F6B2E3695E5558
:10E59000DCE700BFFFF794BF0269536913F4401F23
:10E5A000F0B542D0D36AC3F30265002D3AD0B0F87B
:10E5B0004A70B0F84CE0BFB21FFA8EFE06E0026A65
:10E5C000D65402696B1E13F0FF051AD0D1697B1C6B
:10E5D000866BB0F84C40C1F30901B34228BF002359
:10E5E000A4B2A342EED0026BCEB21F469342A3EB7D
:10E5F0000204E4D3436A1E556B1E026913F0FF0543
:10E60000E4D1BBB2816DA0F84A3059B1774573D2DD
:10E61000836BCEEB03031F44036C9F4202D3C36D95
:10E62000C1F884305369DC0255D4D2F818E01EF4E6
:10E63000000F02D0536919021CD41EF4800F48D079
:10E6400053695B0246D50021036D80F8441013B175
:10E65000416DC3F88810837E3BB172B6026993693D
:10E6600023F00053936162B60269936923F4800337
:10E670009361F0BDB0F84650B0F84830ADB29BB2EF
:10E680009D422DD0466BC46A0AE0C169C95CC9B21B
:10E69000D161D16AC1F30221032912D8AB421FD044
:10E6A00001339E4298BF0023A342A3EB0401ECD3A5
:10E6B000876A795CC9B2D161D16AC1F302210329A9
:10E6C000ECD999B2AB42A0F848100CD01EF4800FE0
:10E6D000B6D1F0BDF0BD536943F480135361A4E794
:10E6E000ADB2A0F84850936923F400039361936995
:10E6F00043F480039361A0E7CEEB07078CE700BFEC
:10E700000148FFF749BF00BF445B00200148FFF705
:10E7100043BF00BFA45B00200148FFF73DBF00BF1F
:10E72000045C002070B504460D46C61D0023084653
:10E730000A2214F8041F00F027F92B682E2128461E
:10E740001B68984714F8011F00230A22284600F08E
:10E750001BF9B442F1D1042070BD00BF10B5144CB8
:10E76000236813B1134AD168E9B9636813B1124A37
:10E77000D168A1B9A36813B1104AD16859B9E36847
:10E780003BB10F4AD16829B10121BDE81040D160E9
:10E79000184710BD10BD0121D1609847EFE7012156
:10E7A000D1609847E6E70121D1609847DDE700BFD7
:10E7B000E0940020004108401041084020410840FA
:10E7C000304108400368F0B55BB3002501249D602B
:10E7D000DC60214D03241A601D449C601F4C0379AA
:10E7E0002D111F4F635523786078FF2BA278E478B2
:10E7F00028BFFF231B4E47F82510834228BF03463E
:10E8000019489342C0F8286228BF1346A34228BF84
:10E810002346164C4FF08061154A01202370116089
:10E82000F0BD144F4FF0010C134EFC6EDFF850E0BA
:10E83000334644F44054114DFC66CEF800C00660E7
:10E840009C68002CC5D01033AB420360F8D1002384
:10E8500003601846F0BD00BF00BFF7BF686100202D
:10E86000E094002059EF0000006C00207AE400E002
:10E870000CE100E000C00F4000410840404108406A
:10E880000040084002680AB3114B12491344F0B526
:10E890001B11FF250024DFF844E0CD540E784D789D
:10E8A000FF2E94604EF8234028BFFF268A78C9784F
:10E8B000AE423346084F28BF2B46934228BF13462B
:10E8C0008B4228BF0B463B700460F0BD704700BF11
:10E8D00000BFF7BF686100207AE400E0E094002008
:10E8E000F8B50E4671B17AB10746144600253B686B
:10E8F000384616F8011B1B689847013C0544F6D1C1
:10E900002846F8BD0846F8BD1046F8BD2DE9F0438D
:10E910008C688BB0ECB10025064689462F462B4605
:10E92000212201A9484600F061FB202C23463068D3
:10E9300028BF202301A9D0F804803046E41A1A46E3
:10E940001D44C0470744002CE9D138460BB0BDE850
:10E95000F0832746F9E700BF10B5064C82B0036884
:10E960000222248801A95B68ADF80440984702B0F0
:10E9700010BD00BFE8050020036810B514465B68B1
:10E980009847204610BD00BFF0B506468BB0002A60
:10E9900033D0012A08BF0A2251B3212500E0FDB27D
:10E9A0006F1EB1FBF2F402FB1411C8B2092900F189
:10E9B000370100F1300088BFC8B221460AAC98BFC9
:10E9C000C0B22C4404F8240C0029E8D133B1013D35
:10E9D0000AAB2D22EDB22B4403F8242C336801A995
:10E9E000C5F12202304629445B6898470BB0F0BD60
:10E9F000302221258DF82520E8E70368C9B21B687D
:10EA000098470BB0F0BD00BF002903DB00230A22AA
:10EA1000FFF7BABF49422D230A22FFF7B5BF00BF57
:10EA200000000000B4EE400B70B5F1EE10FA0546A0
:10EA30002DED028B86B080F19180B0EEC07B9FED12
:10EA40004B6BB4EE467BF1EE10FA0ADD036803224D
:10EA50004E495B6898470646304606B0BDEC028BCF
:10EA600070BD9FED447BB4EEC70BF1EE10FA58DC9D
:10EA70009FED427BB4EEC70BF1EE10FA51D4B5EE28
:10EA8000C00B0C46F1EE10FA56D40023002C57D0E0
:10EA9000B6EE008B00229FED3B7B013228EE078B08
:10EAA000D1B28C42F9D830EE080B0A222846FCEE8F
:10EAB000C07BB8EE678B17EE901A30EE488BFFF7ED
:10EAC00063FF0F2C4FF00102B2EE047B4FF02E03D8
:10EAD00028BF0F2406468DF808301444E4B228EE0F
:10EAE000070B531C06A91144DAB2A242FCEEC06B1C
:10EAF000CDED016A9DF8043006EE903A03F1300343
:10EB0000B8EEE68B01F8103C30EE488BE7D12B686D
:10EB1000284602A95B689847304606B0BDEC028BD8
:10EB200070BD2B6803221A495B6898470646304639
:10EB300006B0BDEC028B70BDB1EE400B0123A5E722
:10EB4000B6EE007B28460A2230EE070BFCEEC07BB7
:10EB500017EE901AFFF718FF06467DE703680322B9
:10EB60000C495B689847064676E700BFFFFFFFFF4A
:10EB7000FFFFEF7F000000E0FFFFEF41000000E03B
:10EB8000FFFFEFC19A9999999999B93FB85400201C
:10EB9000B4540020B054002038B5224C224A2368D7
:10EBA0005BB12249013B12680968C2F88C105A1DFA
:10EBB00008BF6FF00203236038BD1C4B1C4D196861
:10EBC00012682B68C2F8881093B11A4AD2ED007A05
:10EBD000F5EEC07AF1EE10FA06D99FED177AF4EE51
:10EBE000C77AF1EE10FA0ADD002223602A6038BDF0
:10EBF0001248FFF747FE124BFF221A7038BDF3EEA2
:10EC0000086ABEEE007AA7EEA67AFCEEC77A17EE87
:10EC1000902A102AE8D90B490848FFF7D3FD2B6842
:10EC2000E2E700BF04E8002014E8002020E800200C
:10EC300000E8002024E80020ABAA2A4D2C60002028
:10EC40007D6A002095F30000362853D8F8B5002AD5
:10EC500049D002FB01F23D4BA3FB02239B095B0061
:10EC60000133002943D007EE901ADFED396AF8EE40
:10EC7000677A86EEA77A374902018C18676872B600
:10EC8000DFF8F0E09EF80050854234D0362DDFF8F2
:10EC9000E8C0314D04D82E68DCF80040C6F8884042
:10ECA0008E18B5EEC07A8A5805248EF80000F068F8
:10ECB000F1EE10FA294EC2F888005168CCF8000035
:10ECC00041EA000126482A60516033603C6080EDD3
:10ECD000007A06D9DFED237AB4EEE77AF1EE10FA86
:10ECE00019DD62B6F8BD6FF002030029BBD19FEDBC
:10ECF000187AC0E770471A4AD2ED007AF4EE477AE4
:10ED0000F1EE10FA18D115490A6802F00102013A31
:10ED100013440B60E5E7F3EE086AFEEE007AE7EED7
:10ED2000267AFCEEE77A17EE902A102AD9D90E49F6
:10ED30000E48FFF747FDD4E708480D4C016882ED07
:10ED4000007A01F0010123600160CAE7D34D62102F
:10ED50000024F448AC0B002014E8002004E8002054
:10ED600024E80020ABAA2A4D95F300002C60002077
:10ED700000E800207D6A002020E80020362807D81F
:10ED800010B572B6094C2378834202D062B610BD2A
:10ED900070470748FFF776FD064B074AFF211B68BF
:10EDA00012682170C3F88820F0E700BF7D6A002058
:10EDB0002C60002014E8002020E80020024A0349CB
:10EDC000034804F063B800BF005B0020AD550000AD
:10EDD0002C600020F0B5194C23680BB31849DD17DF
:10EDE000DFF868E083FB0167164E81FB0321DA1927
:10EDF0001944C5EB2242C5EB214144F2A7150EFB95
:10EE0000123206FB01F105FB0213002B0FDA6FF043
:10EE100000421A44B2FBF0F3226000FB1320F0BD65
:10EE2000094AB2FBF0F3226000FB1320F0BD1A4642
:10EE3000B2FBF0F3226000FB1320F0BD08E80020D5
:10EE40005F0B4E83ECF4FFFF42CE0C1F1DF301005D
:10EE5000884206DA10B50446081AFFF7BBFF2044C3
:10EE600010BD704710B50446006804F08BFA2046C8
:10EE700010BD00BF38B543688B4201D3012038BDB7
:10EE80000D4604460131006804F0B4FE0028F6D0B7
:10EE9000A36884E82100002BF0D10370EEE700BFE7
:10EEA000F8B50446154632B9036803B11A70002359
:10EEB000A3602046F8BD0E461146FFF7DBFF07466C
:10EEC00048B9206810B104F05DFA2760002320469D
:10EED0006360A360F8BDA5603146206805F0C0FA04
:10EEE000E7E700BF38B50023044603604360836052
:10EEF000037341B10D46084605F024FB024629463E
:10EF00002046FFF7CDFF204638BD00BF38B50C4680
:10EF10000546084605F016FB214602462846BDE890
:10EF20003840FFF7BDBF00BF10B50023044686B0D0
:10EF30000846236001A96360A360237304F0F0F91D
:10EF400001A92046FFF7E2FF204606B010BD00BF32
:10EF50002DE9F8430F46036804461546BB42816815
:10EF60000AD85A18974207D2C3EB07094FF0010895
:10EF700035B92046BDE8F8834FF00008002DF8D0E1
:10EF80004E1920463146FFF775FF0028F1D0B8F141
:10EF9000000F0ED023682A46A06803EB090118442D
:10EFA00000F0CAFC236800229A55A6602046BDE8FE
:10EFB000F88320683946A368184405F051FAF4E74D
:10EFC00010B504468A680968FFF7C2FF204610BDE5
:10EFD00038B5054641B10C46084605F0B3FA02467D
:10EFE00021462846FFF7B4FF284638BDBAB170B5B0
:10EFF000B1FA81F464097CB986689E420DD9F61A8B
:10F00000013A0D46016896422846194428BF164623
:10F01000324605F055FBAC5570BD0C7070BD7047A5
:10F020002A2817D8F8B51D4F05463B78A3B91C4BC5
:10F030005B5DFF2B21D01C0621D41A4C2360236A70
:10F04000D80704D402F092FB236AD907FAD5154BEE
:10F05000586AF8BD00207047124C134E01E002F0D0
:10F0600085FBA36C1B06FAD4B36C13F08003F6D1B6
:10F070003B700B4B5B5DFF2BDDD10020F8BD03F037
:10F080007F03094C2360236ADA0704D402F06EFB85
:10F09000236ADB07FAD5044B586AF8BDA1F50020B6
:10F0A000D010002000400C4000800C40964A974B46
:10F0B00090422DE9F043964CD3F814E09969E66844
:10F0C0001CD9944B984240F21581934B40F227652E
:10F0D000924F0344924C1A0AA7FB0232D30903EB66
:10F0E000830303EB830202F2E243AB4228BF2B46C9
:10F0F000A3F54873A4FB0335ED0804E0894DA8424D
:10F1000094BF06250E25814A06F01F07D2F88030ED
:10F11000AF4243F0C003C2F880300AD27C4B26F0E5
:10F120001F061A462E43DE601368002BFCDA06F039
:10F130001F071EF0007331D17B4C7C4AD4F810C0FD
:10F1400014460CEA0202A2420ABF4FF0C0534FF429
:10F15000805200228EEA030414F0605F08D02EF083
:10F16000605E03F06053694C43EA0E0EC4F814E08D
:10F1700081EA020313F4405F08D0644B21F440514C
:10F1800011431A469961936C1C07FCD44EF0007E23
:10F190005E4AC2F814E0936C9906FCD40121644CD9
:10F1A0000A4601FB02F300FB03F3A34209D8072A36
:10F1B00000F29580013201FB02F300FB03F3A3424E
:10F1C000F5D95C485C4C1844A4FB00031B0D6C2B68
:10F1D00000F28B80352B00F28F80DFF88881362398
:10F1E0005648DFF844C1564CDCF80090B0FBF2F012
:10F1F00009EA04044445B0FBF1F00BD043F400539A
:10F200004FF480586446CCF80080CCF80030236876
:10F21000002BFCDADFF8F4C0013ADCF8103003F020
:10F220000703934207D002F007026446CCF810208F
:10F23000A36CDB03FCD4013989028EEA010313F4C9
:10F24000E05F0CD0314B2EF4E05E01F4E0511A4641
:10F2500041EA0E0EC3F814E0936C9907FCD4394BC5
:10F2600039490344DB09A1FB0331090B042928BFF9
:10F2700004214B1E1B028EEA030212F4407F07D0CA
:10F280002EF4407E03F44073204A43EA0E03536198
:10F290001E4B5C691A4624F000745C61936C9B06FB
:10F2A000FCD42A4B4FF0FF32294CBD42A3FB00E3B4
:10F2B00020604FEA9343274CB2FBF3F3B0FBF1F12C
:10F2C000254A2160136008D2114B26F01F061A460A
:10F2D0002E43DE601368002BFCDABDE8F0830429BE
:10F2E0003FF66FAF013101225BE7DFF87C806C23D2
:10F2F0001A4876E7122506E71948DFF8708000FB08
:10F3000003F043EA08086CE700A4781F00C00F4030
:10F31000000008400046C32300BA3CDC23B24C0086
:10F320001F85EB5100366E0100800D40403000809B
:10F33000FFB19F26808D5B00819F5E1600B29F26E5
:10F340007F3001807FD1F0089F10E50083DE1B43F2
:10F35000105B00200C5B002080F2002000643F4D19
:10F36000001BB700362000806C2000800020008049
:10F37000002857D001222DE9F04F85B083462A4C52
:10F380002A4D2B4EDDE9028954E8003F2868336896
:10F3900044E800210029F7D1264FCDE902893A68D7
:10F3A000D31A254A4FF47A7E019712680127A3FBEE
:10F3B00002234FF47A72984600238B4208BF4245DD
:10F3C0002CBFC246F2460EFB00AA54E8003F2A6852
:10F3D000316844E80073002BF7D101980068411AA6
:10F3E00015484FF47A7E00680EFB02F2A1FB000183
:10F3F0004FF47A70CAEB020288460021994208BF96
:10F4000040452CBF434673461A44724507D3BBF1AF
:10F41000010B0AF57A7AD8D105B0BDE8F08F02F079
:10F42000A5F9D2E7704700BF4CF700204CF500204B
:10F4300048F50020041000E080F2002000010F4B8E
:10F440001A181B5810B4D0685C68044205D059B132
:10F45000C3F884005DF8044B7047936849B9084AC3
:10F460005DF8044B1A607047C3F888005DF8044BE0
:10F470007047044A5DF8044B1A607047AC0B0020DB
:10F480003830010038F001000001054B1A581918F6
:10F490009268CB681A4214BF01200020704700BF59
:10F4A000AC0B0020362801D8FFF7C8BF704700BF5B
:10F4B000362801D8FFF7E8BF0020704736281CD84F
:10F4C00000011A4A012902EB0003105810B415D0AC
:10F4D000042913D0DC68426822EA040242609A6878
:10F4E000E9B102291ED003295B685DF8044B0CBF0B
:10F4F0000F491049116015221A607047DA68012916
:10F50000446842EA040242609A6808D040F6380132
:10F5100011605B6815225DF8044B1A607047382152
:10F520001160F6E704491160F3E700BFAC0B00205F
:10F53000383001003800010038F00100F0B4144BFD
:10F540000021144C01201A460F46C3F8F0421D4614
:10F55000114E124CC3F8F412C2F8B800C2F8A070F1
:10F56000C2F8A460C2F8B00053690949DB07FBD5B3
:10F5700068612378DB07EFD40B680A4643F0010388
:10F580000B601368DB07FCD462B6F0BC704700BFA9
:10F5900000802A400504012401000F0000812A4058
:10F5A00070B40E4E4FF6FF750D4CA4F5805300223B
:10F5B00002E09C4282B204D933F8021B501CA942DB
:10F5C000F7D104F5805426F8022FB4F1C14FECD1E5
:10F5D000044B01221A7070BC704700BF82F20020F9
:10F5E00000107C60ABF50020F8B541F2BB039842F7
:10F5F00001D9FF20F8BD184B05461B7843B3AC0872
:10F600001649174B05F00300A4FB0167154EA1FB3B
:10F610000421E21B651A07EB520201EB5505520962
:10F620006D09C2EB821240EA8505A21A134436F82E
:10F6300012401B0303EB4404A342DAD2FF2033F849
:10F64000022BD1B28D4208BF100A9C42F7D8F8BDF8
:10F65000FFF7A6FFD3E700BFABF50020054110047C
:10F66000C007060084F20020F8B50E46154672B6B3
:10F67000314A0024314F022340F206414FF4702EEC
:10F6800097610127D36120F01F03C2F8A040C2F8A0
:10F69000F0124119C2F8F442C2F8F842C2F8FC4232
:10F6A000C2F8A4E0C2F8B070BFF34F8F244A1360D1
:10F6B00020339942FBD8BFF34F8FBFF36F8F1E49A2
:10F6C0004B691D4ADC07FBD5ABB201211D4C20F074
:10F6D0007F4043F4702342F201275161C2F8F042A7
:10F6E0001446C2F8F472C2F8BC10C2F8A000C2F806
:10F6F000A430C2F8B01001E05B060AD463690E4A78
:10F7000013F00101F8D041235361BDE8F840FFF741
:10F7100015BF082D4FF0080206D9083D31460A48AA
:10F72000164400F009F900E015B940236361E5E7EC
:10F730002A460D46F2E700BF00802A40F05AF05AF0
:10F740005CEF00E03204180880812A40F0B472B601
:10F75000224A0024224D0221224B40F206479561A5
:10F760004FF4702603400125D161C2F8F07203F511
:10F770008051C2F8F442C2F8F842C2F8FC42C2F822
:10F78000A040C2F8A460C2F8B050BFF34F8F164A31
:10F79000136020339942FBD8BFF34F8FBFF36F8FB5
:10F7A0000E494B690D4ADC07FBD5104B0124104E66
:10F7B0004FF47025034011465461C2F8F062C2F85C
:10F7C000A030C2F8A450C2F8B0404B69034ADB072E
:10F7D000FBD50123F0BC5361FFF7B0BE00802A4087
:10F7E000F05AF05A00F0FFFF5CEF00E000F0FF007D
:10F7F0002004180841F2BB03984268D83E4B2DE91B
:10F80000F04F1B78C3B08A468146002B6ED04FEA7A
:10F8100099023A4B09F00300394DA3FB0213DFF8BC
:10F82000E480D71A03EB57077F09C7EB8713B94664
:10F83000D71A40EA89093D4438F817402D0305EBF3
:10F840004400854255D22B46FF2633F8022BD1B215
:10F85000894508BF160A9842F7D8B24534D0B4F5A6
:10F86000006F35D302AE4FF48072FF21304604F0B2
:10F87000F5F805F580502A4632F8023BD9B290429D
:10F880004FEA13237354F7D80024284606F809A03A
:10F890000DF1070B2646FFF759FF1BF8013F05EB5B
:10F8A000460002220DF10601FF2B44EA032304F176
:10F8B000010404D00136ADF80630FFF7D5FEB4F5EB
:10F8C000807FEAD128F8176043B0BDE8F08F704719
:10F8D00049EA0A29022202A90134ADF80890FFF78B
:10F8E000C3FE28F8174043B0BDE8F08FFFF758FE7D
:10F8F0008DE7FF26B1E700BFABF5002005411004FE
:10F90000C007060084F2002062B170B505461446B7
:10F91000084615F8011B461CFFF76CFF013C3046FA
:10F92000F7D170BD704700BF08B5F3F7CDFEF4F70F
:10F930003DFE01F01BFFFAE7844641EA000313F0A5
:10F9400003036DD1403A41D351F8043B40F8043BE6
:10F9500051F8043B40F8043B51F8043B40F8043BA9
:10F9600051F8043B40F8043B51F8043B40F8043B99
:10F9700051F8043B40F8043B51F8043B40F8043B89
:10F9800051F8043B40F8043B51F8043B40F8043B79
:10F9900051F8043B40F8043B51F8043B40F8043B69
:10F9A00051F8043B40F8043B51F8043B40F8043B59
:10F9B00051F8043B40F8043B51F8043B40F8043B49
:10F9C00051F8043B40F8043B403ABDD2303211D3E9
:10F9D00051F8043B40F8043B51F8043B40F8043B29
:10F9E00051F8043B40F8043B51F8043B40F8043B19
:10F9F000103AEDD20C3205D351F8043B40F8043BE9
:10FA0000043AF9D2043208D0D2071CBF11F8013BE6
:10FA100000F8013B01D30B8803806046704700BFAC
:10FA2000082A13D38B078DD010F003038AD0C3F1BB
:10FA30000403D21ADB071CBF11F8013B00F8013B9D
:10FA400080D331F8023B20F8023B7BE7043AD9D35C
:10FA5000013A11F8013B00F8013BF9D20B78037031
:10FA60004B7843708B7883706046704703F082BC9C
:10FA7000F0B44E1E0025374600E00135B0FBF2F32E
:10FA800002FB130000F13704092800F13000E4B252
:10FA900098BFC4B2184607F8014F002BEDD14A19A0
:10FAA00053704DB1013316F8014F1778E81A3770CB
:10FAB000834202F80149F5DB0846F0BC704700BFFD
:10FAC000B4EE400A80EAE0732DE9F047F1EE10FA57
:10FAD00005461446A3EBE0732DED028BB0EE408A91
:10FAE00084B080F12381F0EEC07A9FEDC67AF4EE07
:10FAF000477AF1EE10FA42DDB5EEC00AF1EE10FAE7
:10FB00004CBF042203229A4221DB0028C0F27081FC
:10FB10000022B5EEC08AF1EE10FA00F14A814925C3
:10FB20004E204621E31C25706070A170002A00F071
:10FB300067811A44202103F8011B9A42FBD100235C
:10FB40001046137004B0BDEC028BBDE8F0870028AE
:10FB5000A3EB0202DDDA002A00F04A81A31820227A
:10FB600004F8012B9C42FBD1B5EEC08AF1EE10FAED
:10FB700040F1178100222D215C1C1970CFE70F4640
:10FB800002AA01A93846BA4603F058FBDDF80490F2
:10FB90008046002F00F08780C9F10003BB4200F3CC
:10FBA000BC80404604F0CEFC0646B145B8BF0136E5
:10FBB000B9F1000F00F0AF80B9F1000F22DA0FB3F6
:10FBC00009EB0703BE1C83421CD2002F06DDF2EEB8
:10FBD000047ABAF1010A28EE278AFAD102AA50461D
:10FBE000B0EE480A03A903F029FBDDF80490039A5C
:10FBF0007B1C8046C9EB02029A4203D109F101093C
:10FC0000CDF80490DDF808E0BEF1000F5ED00136BB
:10FC1000A81BA11900285EDC22462D20531C107061
:10FC2000B9F1000F6DD087B1B9F1000F0DDA1A46A6
:10FC300030202E2702F8020B5F70C9EB020302F896
:10FC4000010B9A42FBD1002201928B4220D25F1C11
:10FC500098F8002008F101088F421A7019D0019A13
:10FC60004FF02E0E0BE083F801E002338B4203F1DC
:10FC700001070DD218F8010B8F42187009D0013A14
:10FC80000192002AEFD03B468B4203F10107F1D3EA
:10FC90001946002D71DB002320460B7004B0BDEC2B
:10FCA000028BBDE8F087B9F1000F7FF475AF012337
:10FCB00090F800805449554A994601934FF0FF331C
:10FCC000B8F1340F8CBF8846904667E7A81BA1198E
:10FCD000002840F393800144224601384FF0200C65
:10FCE00002F801CBC2F1010303442344002BF7DCEB
:10FCF00020EAE07301332344BEF1000F90D01A468E
:10FD00008BE7002FA1D01A4630272E2002F8027B65
:10FD10005870134699E7013674E70126C7F10009C8
:10FD2000DFF8E8803046CDF804903EE7B5EEC00A33
:10FD3000F1EE10FA4CBF042203229A423BDA00286B
:10FD4000A3EB020340DB18EE102A002A37DB4E211A
:10FD50004120E21C2170A1706070002B4CD0134434
:10FD6000202102F8011B9A42FBD1002218461A708A
:10FD700004B0BDEC028BBDE8F087A8194342C04334
:10FD8000002B88DD0A46202502F8015BC2F1010341
:10FD900003440B44002BF7DC20EAE07301331944E1
:10FDA00079E749244E204621DA1C1C70587099705E
:10FDB000C5E62346DFE6002818DB0023C3E722461A
:10FDC0002D21541C1170C2E783B1E218202304F8DE
:10FDD000013B9442FBD118EE103A002B0ADB4E2176
:10FDE0004120D31C117091705070BEE72246F2E79B
:10FDF0002346B9E60023E3E71346B6E723460FE7B9
:10FE00001A469CE6FFFF7F7F70290020BC5400202B
:10FE1000F0B501EB4106294C012500EB461694F89C
:10FE200000C005FA01F1F4891FFA81FEB0F888518B
:10FE3000A4B24FEA0E1704FB0333ADB207F0F0078C
:10FE400023FA0CF33D43A342A0F8885128BF234670
:10FE5000012A22D015D3022A08D001F00F01B0F8F0
:10FE600088319BB21943A0F88811F0BD9BB201F014
:10FE70000F01F383B0F880319BB21F43A0F880716B
:10FE8000EDE7E31A01F00F019BB27381B0F8803106
:10FE90009BB20B43A0F88031E1E79BB201F00F0168
:10FEA0004FEA0E2EF382B0F880310EF4706E9BB2E2
:10FEB0004EEA030EA0F880E1D1E700BF816A00207E
:10FEC0002DE9F0414FEA410E384AB6EE007A4FF084
:10FED000010C0EEB01030CFA01F700EB4313BEB269
:10FEE000DB89D2ED007A9DB2F8EE677A87EE800A60
:10FEF00030EE070AFCEEC07A17EE903AB3F5803F79
:10FF00004ED300224FF6FF7401E0062A03D85B08A7
:10FF10000132A342F9D8B3F5803F4FEA021237D23B
:10FF200042F4806292B203F1FF3C1FFA8CFCB0F8FD
:10FF30008881360107F00F047144F6B21FFA88F782
:10FF400000EB41113E43A0F88861CA80A1F80EC0C1
:10FF50004A8992B203FB02F2B2FBF5F292B24A81F5
:10FF6000CA8A92B203FB02F2B2FBF5F292B2CA82E3
:10FF7000CA8B92B203FB02F3B3FBF5F39BB2CB83C4
:10FF8000B0F888319BB21C43A0F88841BDE8F081ED
:10FF900042F480624FF6FE7C4FF6FF7392B2C6E7E2
:10FFA000012B4FF48062BED80223C0E70C5B002017
:10FFB000224BB6EE007AD3ED007AF8EE677A30B4D1
:10FFC00087EE800A4FF6FE7430EE070AFCEEC07A28
:10FFD00017EE903AA3422AD9002201E0062A03D85C
:10FFE0005B080132A342F9D808324FF6FE7542F29F
:10FFF00026045202AB4202F4F05288BF2B4614434F
:02000004600496
:1000000000EB41110D8ACA88ADB292B205FB03F034
:10001000C2F101122A44B0FBF2F29B1A92B2C3F170
:1000200001039BB2CB800A828C8130BC7047012BCC
:1000300043F2260498BF0223E2E700BF0C5B0020D6
:1000400036280CD8294AF8B5044600B212F82060C8
:1000500002EB8005012E03D0022E16D0F8BD7047AA
:100060006A78C2F30113032B3AD0214850F82300D9
:100070008BB202F00301AA78FFF7CAFE1D48EA78A6
:1000800000EB041043681A60F8BD6E78C6F30113E4
:10009000032B27D0184A52F823E006F00306174B2B
:1000A00089B20EEB461793F800C07601FA880EEB82
:1000B0000603764492B2188AC2F1011212FA80F253
:1000C000501E00FB01F323FA0CF3984298BF931ED5
:1000D000D21A9BB2C2F1010292B2FA803382CDE70A
:1000E0000748C5E7DFF81CE0D7E700BFFC10002099
:1000F000EC050020AC0B0020F8050020816A0020F0
:1001000000803E4000801E40362809D800B2134BC4
:1001100013F8202003EB8003012A02D0022A0DD01D
:1001200070475978C1F30112032A13D00C4850F8D4
:1001300022009A7801F00301FFF7C2BE5978C1F39B
:100140000113032B08D0074A52F8230001F00301E2
:10015000FFF72EBF0448ECE70448F7E7FC10002047
:10016000EC050020F805002000803E4000801E4085
:10017000A4484FF00F0CA44B826F42F47F02F0B5FD
:1001800082670025D0F880204FF470469F4C4FF4D2
:10019000604E29464FF4806714432A46C0F88040D9
:1001A000A3F88C6148F2B826A3F88EC1A3F8905149
:1001B000B3F8880180B240F0F000A3F8880101EBA9
:1001C0004100914B0131002540011C4604290344A4
:1001D000A3F804E0DF805A841A865A805A81DE81AF
:1001E0005A82DA825A83DA83E9D1B4F888014FF06F
:1001F0000F0C874B4FF4704680B229464FF460478E
:100200002A4640EA0C004FF4806EA4F88801B4F846
:10021000880180B240F47060A4F88801A3F88C6172
:1002200048F2B826A3F88EC1A3F89051B3F888011C
:1002300080B240F0F000A3F8880101EB4100744B5C
:100240000131002540011C46042903449F80A3F886
:1002500006E05A841A865A805A81DE815A82DA82EE
:100260005A83DA83E9D1B4F888014FF00F0C694B57
:100270004FF4704680B229464FF460472A4640EA60
:100280000C004FF4806EA4F88801B4F8880180B2A5
:1002900040F47060A4F88801A3F88C6148F2B82695
:1002A000A3F88EC1A3F89051B3F8880180B240F052
:1002B000F000A3F8880101EB4100564B0131002505
:1002C00040011C46042903449F80A3F806E05A8499
:1002D0001A865A805A81DE815A82DA825A83DA83F8
:1002E000E9D1B4F888014FF00F0C4B4B4FF4704735
:1002F00080B229464FF460462A4640EA0C004FF48B
:10030000806EA4F88801B4F8880180B240F470606F
:10031000A4F88801A3F88C7148F2B827A3F88EC11D
:10032000A3F89051B3F8880180B240F0F000A3F830
:10033000880101EB4100384B013140011C46042982
:1003400003449E80A3F806E05A841A865A805A8194
:10035000DF815A82DA825A83DA83EAD1B4F88831AB
:100360000F27002241F201069BB245F6C05E1146FE
:1003700043F226053B43A4F88831B4F888319BB298
:1003800043F47063A4F888315001244B01320344D4
:10039000042A99815981DF819E82A3F806E01980A1
:1003A00019829D81F0D100220F2741F2010645F606
:1003B000C055114643F226045001194B0132034443
:1003C000042A99815981DF819E82DD8019801982FA
:1003D0009C81F1D100220F2741F2010645F6C0555C
:1003E000114643F2260450010E4B01320344042A05
:1003F00099815981DF819E82DD80198019829C81DB
:10040000F1D1F0BD00C00F4000C03D40000003FC32
:1004100000003E4000403E4000803E4000C01D4085
:1004200000001E4000401E40704700BF704700BFE4
:10043000704700BF72B6EFF30583494D6B60EFF371
:100440000883484C2E4648484849494A2468006871
:10045000096812682961AC60E8606A619A69454C74
:10046000AA61DB69444FEB6100F0D8F885ED080A1A
:1004700001F028FA0B234FF0FF32686219462B6017
:100480004A40202102F00103013904FB03F383EA0F
:100490005202F7D1BE4202D056F8041FF0E73049AD
:1004A0008A62BFF34F8F354B354A19601A60BFF32C
:1004B0004F8FBFF36F8F334A0225334CD36E3349CE
:1004C00043F440533248D3662560D36923F07F0359
:1004D00043F04003D3610B6883423ED82A4A00218F
:1004E00001202C4E11604FF0FF33C2F808110C466A
:1004F000C2F800611546C2F808010746DFF8C0E0FF
:10050000254E26482649274ACEF80030336003603E
:100510000B60136001E000F065F9D5F80C211A4B6F
:10052000002AF8D00134C5F80C714F2CF3D91E4ABB
:1005300002241E484FF00041C0F840415163D3F8F7
:100540000C2132B91A491B4A0A63D3F80C0100285E
:10055000FAD0194B194A1A60FEE7FEF7A7FDBDE76E
:1005600080FF272028ED00E02CED00E034ED00E0D6
:1005700038ED00E02083B8EDA4FF272070EF00E005
:10058000A0FF272000C00F4000400840105B002063
:10059000803DCD0B009F240084E100E088E100E075
:1005A0008CE100E090E100E000900D4000002E4062
:1005B00000800F40F100AD0B0CED00E00400FA05E7
:1005C00080E100E0094A08B5136820B118440849E1
:1005D000884202D81060184608BD02F035FE0C2291
:1005E0004FF0FF330260184608BD00BFCC61002009
:1005F00000002820002070474FF0FF30704700BFF8
:100600004FF4005300204B60704700BF012070473B
:100610004FF0FF30704700BFFFF70CBF12490B6867
:10062000114A5B07FBD513681049C3F30B23104A2B
:1006300007EE903A0B6892ED006AB8EEE77A07EEA3
:10064000903A0C4AF8EE677A0B4BD2ED006A77EEDF
:10065000677A93ED007AB8EE477A67EE867A87EE8E
:10066000A60A37EE400A704780810D4070F20020E4
:1006700078F200207CF2002074F20020836BF0B44A
:100680001BB1536843F40043536072B6446B5CB3D0
:100690001C4B2260D3F8B0410C4215D11A4E37687A
:1006A00004E03468E41BB4F5166F0BD2D3F8404174
:1006B00044F48044C3F84041D3F8B851D3F84041E2
:1006C0006404EED50D4003D0426362B6F0BC7047BF
:1006D0000C4C8260C560D4F8B0311943C4F8B01135
:1006E000426362B6F0BC7047064D8260C460D5F8C4
:1006F000B0311943C5F8B0110263426362B6F0BC71
:10070000704700BF00002E40041000E070B50646A0
:10071000006B90B10246002403E012680134012A04
:100720000CD0536813F08003F7D032632CB1B36B55
:1007300005689847013C2846F9D170BD336373635F
:10074000F4E700BFF0B5E1B9214C22490020224B6B
:1007500001224FF0011580260A601A46A1604E6002
:10076000E060C3F8BC51D3F8B0411C4D44F0010423
:100770008860C3F8B0412860D2F8B031002BFBD1BB
:10078000F0BD0904164B144D0126114C41F08001B7
:1007900000221E60596000F5805CE26400F5005E96
:1007A000A36400F54057D5F8B01100F580462A46FD
:1007B000986041F48031C3F80CC0C3F810E05F6169
:1007C0009E61C5F8B011D2F8B031002BFBD1BCE767
:1007D0000000002000F6002000002E4070EC0020F9
:1007E000E0F500202DE9F04FB94C83B0D4F84481F6
:1007F00018F0010FC4F844815ED0D4F8AC31002B5E
:1008000055D04FF0011BDFF8EC92B24E2546DA4688
:10081000C4F8AC31B06AF26AD4F8403143F4005302
:10082000C4F84031D4F840319F04F5D5D5F84031B3
:1008300023F40053C5F84031C5F8B4A1D4F8B4315D
:1008400013F00113FAD181B240F28167C9F8003088
:10085000B94200F2AD80B1F5D06F80F0DE81B1F524
:10086000817F00F0608100F2E880802900F04E81F5
:10087000822940F0DA8092B202F07F01072900F26B
:10088000D48089009448954F0844016810063B7055
:100890007B7040F10182CA0301D501233B70022124
:1008A0008E48FFF74FFFD4F8AC31002BB0D1884A07
:1008B000D2F8BC31002B49D118F0400F18D0844B2E
:1008C000D3F8AC111A46C3F8AC11D3F8BC11C3F875
:1008D000BC11D2F8B0417E4B002CFAD14FF0FF3260
:1008E000C3F8B421D3F8843100F032FD7C4B1C6096
:1008F00018F0807F03D07B4B1B6803B1984718F03A
:10090000007F03D0784B1B6803B1984718F0040FA1
:1009100008D06F4BD3F8843113F4007345D0734B78
:1009200001221A706A4BD3F8482112060BD518F031
:10093000800F08D06E490A782AB1013AD2B20A7003
:10094000002A00F0428203B0BDE8F08F6949C2F886
:10095000BC310868034240F0E281614A15681D40DD
:10096000AAD02F0C0FD05B4E4FF0010997FAA7F4D5
:10097000B4FA84F406EBC41009FA04F44030FFF72B
:10098000C5FEA743F2D1ADB2002D95D0514E01273F
:1009900095FAA5F4B4FA84F406EBC41007FA04F44B
:1009A000FFF7B4FEA543F3D186E7504A1370B9E7C9
:1009B00042F22107B94234D067D8B1F5086F00F090
:1009C0001E81B1F5106F30D1C0F307404A4A4B4940
:1009D00010704B4F4B4A0193C5F8C871C5F8CC1144
:1009E000C5F8D02100F0B6FC474A019B80210120C8
:1009F000B26451601060F364C5F8BCB1D5F8B011B1
:100A0000936041F48032C5F8B0213A4A1360D4F8BB
:100A1000B031002BFBD1D4F8AC31002B7FF4F8AE11
:100A200045E7110C072900F03B81C4F8C0B1D4F8A8
:100A3000AC31002B7FF4ECAE39E740F20237B9421B
:100A400000F0AD80B1F5A06FEFD12F4A80210127D2
:100A5000F364B26417605160C5F8BCB1D5F8B01149
:100A6000936041F48033C5F8B031D4F8B031002B35
:100A7000FBD1030C5B0643F08073C5F85431D4F806
:100A8000AC31002B7FF4C4AE11E742F2212399422E
:100A900079D042F221339942C7D11B4B80220021E9
:100AA0000120B36418605A60F164C4F8BCB1D4F892
:100AB000B021996042F48033C4F8B031D4F8B03139
:100AC000002BFBD1D4F8AC31002B7FF4A1AEEEE6C5
:100AD00000002E4000000020C0012E4038F200200F
:100AE00074EC002054F5002058F50020C8F50020D3
:100AF000C9F5002070EC0020C7F50020C8000200F6
:100B00000200CC000200C80000F60020B64A022114
:100B1000104613705370FFF715FED4F8AC31002B5C
:100B20007FF476AEC3E692B202F07F03072B3FF666
:100B30007CAF12F0800F4FEA8303AC4A4FF0000104
:100B40004FF001001A44136814BF23F4803323F0DC
:100B5000010313608022A64BF164B36418605A60ED
:100B6000C4F8BCB1D4F8B021996042F48033C4F821
:100B7000B031D4F8B031002BFBD1D4F8AC31002B1C
:100B80007FF446AE93E692B2002A86D1994BC0F329
:100B90000740994A1968994B116018707DE792B225
:100BA00002F07F03072B3FF640AF12F0800F4FEAB1
:100BB00083038E4A4FF000014FF001001A4413687E
:100BC00014BF43F4803343F0010313608022884B49
:100BD000F164B36418605A60C4F8BCB1D4F8B021B1
:100BE000996042F48033C4F8B031D4F8B031002BAE
:100BF000FBD1D4F8AC31002B7FF40AAE57E6804A23
:100C00000121794B127818461A70FFF79BFDD4F832
:100C1000AC31002B7FF4FCAD49E67A4B59680029D2
:100C20003FF403AF000C1FFA82FE04E00C33596856
:100C300000293FF4FAAE1F888742F7D15F887745D5
:100C4000F4D1070A032F00F0BA801B89120C9342DB
:100C500028BF1346B0F5007F00F0A280B0F5E06F2A
:100C600000F08B80684F1A4601933846FEF764FE09
:100C7000019B27F01F021F44BFF34F8F63490A6097
:100C800020329742FAD8BFF34F8FBFF36F8F5E4881
:100C90001946FFF757FD06E6CB077FF500AEFCE5EA
:100CA0005B4F4FF0010EF3605A495B4B3860C3F85D
:100CB00000E05960B3605949D5F8B0017A6001F598
:100CC000805740EA0E02996001F5005E01F5405040
:100CD00001F58041C5F8B021DF60C3F810E058612C
:100CE0009961D4F8B031002BFBD1414A012048F280
:100CF0008001F36410604FF48030B2645160C5F835
:100D0000BCB1D5F8B011936041EA0003C5F8B03129
:100D1000C9F80000D4F8B031002BFBD1C3E53C4842
:100D200042F22104002605880E60A54240687FF447
:100D300014AE81B200297FF410AE3849384C03C993
:100D40000D0C86282060A180A5717FF406AE72B6D6
:100D50003448017841F004010170D2F848110806C6
:100D600006D441F080018020C2F84401C2F8481145
:100D700062B62D4A50211170EFE52C481A46224FD9
:100D800090F800E02A492B480193BEF1000F08BFFC
:100D900001463846FEF7D0FD0722019B7A7068E7CE
:100DA00022481A462349077821480193002F08BF9B
:100DB00001461548FEF7C0FD134F019B59E7120C81
:100DC0000B78934228BF134648E716490A7802F089
:100DD000FB020A702AB9D3F8482122F08002C3F836
:100DE00048210AF07FFD00BF38F20020C0012E40EC
:100DF00000F600204CF5002068F70020C6F5002022
:100E0000C7F50020445600202000202070EF00E0AD
:100E10008096002080000700E0F5002068EC0020AC
:100E200060F70020BFF50020C9F50020C8F50020BC
:100E300060F70260ACF70260002AA0F102022DE91F
:100E4000F04714BF00274FF00057022A01D9BDE830
:100E5000F0874FEAC019DFF840A00D4604460AEBC0
:100E60000906002140229846304602F0F7FD012095
:100E700047EA05414AF80910C6F83880B060B8F171
:100E8000000FE4D0034BA0401C6820431860BDE86D
:100E9000F08700BF74EC002000000020002AA0F1C1
:100EA00002022DE9F04714BF00274FF00057022A35
:100EB00001D9BDE8F0874022C501DFF8449088469B
:100EC0001544002104461E4609EB050A504602F06F
:100ED000C5FD012247EA084149F80510CAF8386003
:100EE000CAF80820002EE4D004F11000034B824021
:100EF000186802431A60BDE8F08700BF74EC002058
:100F00000000002012048160C36142F08002F0B44E
:100F10004260012701F5805601F5005501F5405466
:100F200001F580420760C660056144618261F0BCE2
:100F3000704700BF831E022B00D97047064B0A463C
:100F400030B400F11004012503EBC01005FA04F1E0
:100F5000403030BCFFF792BB00000020831E022B04
:100F600000D9704710B4054B01240A4604FA00F179
:100F700003EBC0105DF8044BFFF780BB00000020BE
:100F800040687047124A134BD2F8200220F07F408D
:100F9000984210B584B002D800EB800040000E4C9F
:100FA00001A90A22FEF764FD01A90023204611F8D9
:100FB000012B01333AB10A2B20F8022FF7D1162367
:100FC000237004B010BD5B00DBB2237004B010BD11
:100FD00000441F407F9698005C6A002000F0E0BA51
:100FE00000F0B2BA00F016BB00F0D0BA00F06CBB53
:100FF00000F042BB0846114600F032BB084600F044
:1010000019BB00BFF8B514494FF40037134D034620
:1010100001EB4024124E134A05EB401521461760A0
:1010200028463288FFF76EFF318824F01F032144E1
:10103000BFF34F8F0C4A136020339942FBD8BFF3A4
:101040004F8FBFF36F8F03202946FFF787FF074BB2
:101050004FF400321A60F8BD800020200095002077
:101060008AF500208CE100E05CEF00E00CE100E09C
:10107000244A43682DE9F041C3F30E431488C5693F
:10108000E41A002C38DD2049204A0B781278DBB2B4
:101090001F48204E934207D010F8038036F818708E
:1010A000C7F50072944212D9013300221A4F082B5F
:1010B00026F8154027F81520184E94BFDAB21346CB
:1010C0000A703268C55414443460BDE8F081144B92
:1010D00007EB48202246274403EB45211844FEF73E
:1010E0002BFC0E4A284626F8187013681C4414601E
:1010F000BDE8F041FFF786BF2846BDE8F041FFF7A5
:1011000081BF00BF8AF50020BCF50020BDF500209E
:1011100064F2002044F2002054F2002040F200204B
:10112000800020201E4B1A785AB902F0FF031D4A96
:10113000127832B12DE9F0411B4D2A8812B9BDE871
:10114000F0817047194EC2F50068194F3178424658
:10115000184C07EB411704EBC12438462146FFF732
:10116000D1FE08EB040224F01F01BFF34F8F124B96
:10117000196020318A42FBD8BFF34F8FBFF36F8FC6
:1011800004203946FFF7D6FE3378084A0133DBB234
:10119000032B88BF0023137000232B80BDE8F08150
:1011A000C5F50020C7F500208EF50020C4F500200D
:1011B000009600208010202070EF00E02DE9F04F15
:1011C00085B002900091002900F0AB800023564DBD
:1011D000DFF87481DFF860A1544FDFF870B101933C
:1011E0000122534B2A701C78524AB8F8003002EBA7
:1011F000441923BB1E461C464846FFF7C1FE10F0AB
:1012000080007ED0BFF34F8F00229AF800304A4909
:101210002A7004B93E68002B5AD13B689B1B782B7F
:1012200079D89BF80030002B52D000F09FFA0124AF
:10123000B8F800302C70002BDED03D4A14781A46E6
:10124000C3F50060E402009E3C49204496420844F5
:1012500042D30C440299FEF76FFB002321464FF462
:1012600000624846FFF74EFE24F01F0304F50064B9
:10127000BFF34F8F324A136020339C42FAD8BFF33A
:101280004F8FBFF36F8F04204946FFF753FE284B63
:10129000274A1B78009801332A49DBB2032B88BF09
:1012A000002313700022B8F80030A8F80020C01AFC
:1012B0000090019818440190029818440290C1F8D7
:1012C0008420BFF34F8F00232B70009B002B87D10E
:1012D000019805B0BDE8F08F009C0393019B224666
:1012E000029923440193FEF727FB039B4FF04041F3
:1012F000144A00201B1B0090A8F80030C2F884108C
:10130000DFE74FF400630A4A8AF8000014781A46AF
:10131000A8F8003096E7012301980B7005B0BDE8EE
:10132000F08F0098D5E700BFC5F500204CF50020F0
:10133000C4F5002000960020C3F500208010202076
:1013400070EF00E000002E408EF50020C7F5002071
:10135000704700BF314B2DE9F0411B78304F002B17
:1013600054D04FF40073DFF8EC803B80A8F80030D5
:10137000002180222B480D462B4E02F06FFB2B4C98
:101380002B4B29464FF480722A4825702C461D802D
:1013900002F064FB35602B4675602A46B560F56047
:1013A0002549264E2648DFF8B0E00D701021057063
:1013B000022035607560B560F560CEF80050FFF72B
:1013C0006DFDB8F800102A461E4B0320FFF734FDD0
:1013D0002B46398801220420FFF760FD20460134A6
:1013E000FFF710FE082CF9D1174B4A2217480021AD
:1013F000174C0460C3F88410C3F88020D3F8482148
:1014000042F08072C3F84821BDE8F0814023DFF844
:1014100044803B80A8F80030AAE700BFC8F5002050
:1014200090F500200096002044F20020C4F5002032
:101430008EF5002000950020BCF5002054F200201D
:10144000BDF500206D18010000002E4054F500206D
:10145000211901008AF5002040F20020314B4FF4A1
:1014600000322DE9F04F1A6083B02F4B89461C786B
:10147000002953D02D4BE4B21B789C4250D08246B9
:101480000027DFF8C0B00134294BC7EB09085046EC
:10149000092C0193274B28BF00241D5D244B33F8F2
:1014A00015E0254B0EEB452133F81560234BCEEBB1
:1014B00006061944B0453246374419D20EEB452191
:1014C00042461944FEF738FA019BDBF80010484603
:1014D00033F81520C8EB01019044CBF8001023F835
:1014E0001580174B4FF400321A6003B0BDE8F08F3F
:1014F000FEF722FADBF80020E3B22846921BB24442
:10150000CBF80020084A1370FFF77CFDB94503D9DA
:10151000064B1B789C42B6D13846E2E70846E0E726
:101520000020DEE78CE100E0BDF50020BCF50020E6
:1015300054F2002064F2002044F2002080002020B9
:101540000CE100E040F200200B4B0C4A1B781278B3
:10155000DBB293420DD0013309480A4A092B0A49EC
:1015600028BF0023C35C31F8131002EB4323585CFF
:1015700070474FF0FF307047BDF50020BCF50020EC
:1015800064F200208000202054F20020034B10B5AC
:101590001C680CB900F0EAF8204610BD40F20020AB
:1015A0002DE9F84F154E164D34782B78E4B29C4255
:1015B00021D0DFF85490DFF854B0DFF85480114F99
:1015C0000134082C5FFA84FA01D90024A24619F8E4
:1015D0000410DBF8002038F81130084637F81110F5
:1015E0005B1AD31ACBF80030FFF70CFD86F800A089
:1015F0002B789C42E4D1BDE8F88F00BFBDF50020F8
:10160000BCF5002054F2002064F2002040F20020DB
:1016100044F2002000B583B001210DF10700FFF76F
:101620001DFF20B19DF8070003B05DF804FB4FF0EB
:10163000FF30F9E7094B00B583B01B788DF8070040
:1016400023B903F0FF0003B05DF804FB01210DF1A5
:101650000700FFF7B3FD03B05DF804FBC7F50020FA
:10166000044B1B7803F0FF020BB1FFF7A7BD104638
:10167000704700BFC7F500202DE9F0410024DFF8D6
:10168000448001230D4D27460D4E88F800303378F5
:1016900028462035A34204F1010405D0FFF770FC71
:1016A000030658BF07F50067042CF0D1BFF34F8F36
:1016B0000023384688F80030BDE8F081009600200D
:1016C000C4F50020C5F500202DE9F843204B1B7818
:1016D00013B1204D2A880AB9BDE8F883DFF8888065
:1016E000C2F500691C4E4FF0010E98F800104A46F2
:1016F0001A4C002306EB4116194F04EBC124304667
:1017000087F800E02146FFF7FDFB09EB040224F017
:101710001F01BFF34F8F134B196020318A42FBD852
:10172000BFF34F8FBFF36F8F04203146FFF702FCEA
:1017300098F800300C4A0133DBB2032B88BF00233A
:10174000137000232B80BFF34F8F3B70BDE8F883ED
:10175000C7F500208EF50020009600208010202084
:10176000C5F5002070EF00E0C4F500202DE9F84336
:10177000324E337893B1324F3A787AB90122D90791
:101780003A7037D49A0719D400225B073A7005D50E
:101790002C4B1A6812B1EFF305820AB1BDE8F88349
:1017A000EFF3108072B61A681AB1274C217800291D
:1017B0002FD00028F2D162B6BDE8F883DFF894801C
:1017C00098F80020002ADFD00024DFF88C9005E094
:1017D000013498F80030E4B2A34213D959F82450E8
:1017E0002B6828461B6998470028F1D06B699B68D5
:1017F0009847EDE7FFF7CAFED0B9144B1B781BB929
:101800003378BFE73378BFE7337803F0FE033370F4
:10181000B8E70126556926701D6065B1A96100B958
:1018200062B6002593681046557798472570B5E74E
:1018300000F060F8E1E7064B1D60F0E7876A0020E2
:101840009CF500204CE8002098F5002002F802608A
:1018500058E8002099F500205CE8002070B5EFF30F
:10186000108172B60C4C23688BB10C4E00255A695E
:1018700022607AB1956101B962B65D7718469B68BE
:101880009847EFF3108172B62368002BEFD101B9AE
:1018900062B670BD3260EEE754E8002050E80020E8
:1018A000FFF7DCBF044A054B1168054A196013684D
:1018B00001331360704700BF041000E048F50020BA
:1018C0004CF500200A4B30B4586A1C46996A626A8B
:1018D000A36A994208BF9042104619460CBF0125E1
:1018E0000025002DF3D0D90B30BC41EA42407047AF
:1018F00000400D40704700BF08B503684268BBB1A7
:101900007AB1104BA3FB0213DB0803EB4303B2EBEA
:10191000830303D0D21A4260F02A02D90123184669
:1019200008BD01F091FC1C2200230260184608BD8E
:10193000044BA3FB0213DB0803EB4303B2EB83036B
:10194000E8D1E9E7ABAAAAAA70B5044600283AD0C4
:1019500019B1B2FA82F56D09FDB1206808B162686B
:1019600032B901F071FC162300220360104670BDED
:101970001849A1FB0231C90801EB4101B2EB810119
:10198000EFD1A3680BB102F069F8002301222360B4
:1019900010466360A360E36070BD1E46049B80E850
:1019A0000600C360FFF7A8FF02460028DED016B984
:1019B0000122104670BD94E80500A660294602F099
:1019C0004DF80122D2E701F03FFC162322460360C6
:1019D000CCE700BFABAAAAAA0000000000B5B0EE99
:1019E000407B17EE903A234A23F00043934285B0A0
:1019F00019DD214A934204DD30EE400B05B05DF85D
:101A000004FB684600F0D2F900F0030001281AD068
:101A100002280FD000B301209DED021B9DED000BAD
:101A200000F0A4FFEAE79FED111B00F0CFFB05B02B
:101A30005DF804FB9DED021B9DED000B00F0C6FB65
:101A4000B1EE400BDAE79DED021B9DED000B00F0BF
:101A50008DFFB1EE400BD1E79DED021B9DED000B1C
:101A600000F0B4FBCAE700BFAFF300800000000045
:101A700000000000FB21E93FFFFFEF7F2DE9F003AD
:101A800059EC108BB9F10001C1F30A53A3F2FF36F0
:101A9000C1F31301B4BF4FF0FF300120132E41F406
:101AA00080150EDC002E33DB4FF4002232412A4435
:101AB000C6F1140322FA03F300FB03F0BDE8F003C0
:101AC00070471E2E0CD8332EA3F213410FDDA3F264
:101AD000334405FA01F108FA04F441EA0403EBE7A0
:101AE000FDEEC07BBDE8F00317EE900A70474FF0A3
:101AF0000043CB4013EB0803C6F1340628BF013581
:101B0000202E05FA01F114BFF34000230B43D3E765
:101B1000013618BF0020BDE8F003704700F056B84A
:101B20000000000000B52DED028BB0EE408B8BB0B5
:101B300000F08AFA234B93F900305A1C0BD0B4EE14
:101B4000488BF1EE10FA06D69FED1C7BB4EEC78BE6
:101B5000F1EE10FA04D40BB0BDEC028B5DF804FB7F
:101B600001221949009200228DED048B8DED028B2C
:101B70000191089293B187EE076B022B8DED066BF6
:101B80000ED101F061FB21230360089B73B99DED29
:101B9000060B0BB0BDEC028B5DF804FB8DED067BF4
:101BA000684601F0D3F80028EFD1EAE701F04CFBDA
:101BB000089B0360EBE700BFAFF30080000000006C
:101BC00000000000806A0020C0540020F0B585B0FD
:101BD0008DED021B029A0398724953428DED000B62
:101BE000134320F0004545EAD3738B429DE89000F3
:101BF00042D86342234327F0004E4EEAD3738B4210
:101C00003AD800F1404303F58013134353D08617AD
:101C100006F0020654EA0E0346EAD77634D052EABA
:101C200005033ED08D4252D08E453AD0C5EB0E050D
:101C30002D153C2D44DC00286BDBDDE900239DEDF8
:101C4000020B43EC172B87EE000B00F0E9FF00F0CE
:101C5000E5FE53EC102B012E56D0022E49D0002E5B
:101C600044D09FED3A7B9FED3B6B43EC152B35EE5B
:101C7000477B37EE460B05E09DED027B9DED006B4B
:101C800037EE060B05B0F0BD022E1DD09FED330BD5
:101C90009DED007B032E08BFB0EE407BB0EE470BFE
:101CA000F0E79FED307B9FED310B002FA8BFB0EE2A
:101CB000470B05B0F0BD05B0BDE8F04000F0AEBE8A
:101CC00028A3D3E90023C6E79FED220BDAE7AE4550
:101CD00024D0022EF8D0032E2DD09FED267B9FED31
:101CE000270B012E08BFB0EE470BCBE743EC102BC0
:101CF000C8E79FED167B9FED176B43EC152B35EE78
:101D0000477B36EE470BBDE703F1004343EC102B56
:101D1000B8E73C3591DA002200239CE7022E10D070
:101D2000032E0BD09FED177B9FED180B012E08BFE4
:101D3000B0EE470BA6E79FED090BA3E79FED150B50
:101D4000A0E79FED160B9DE7AFF30080075C14330F
:101D500026A6A13C182D4454FB210940182D4454BB
:101D6000FB2109C0182D4454FB21F93F182D445480
:101D7000FB21F9BF0000000000000080000000000F
:101D800000000000182D4454FB21E9BF182D4454D5
:101D9000FB21E93FD221337F7CD902C0D221337F9E
:101DA0007CD902400000F07F0000000070B553ECC9
:101DB000102B9E4923F000468E4288B062DD9C497C
:101DC0008E421D461CDC002B9FED887B40F3DF809C
:101DD00030EE477BA1F51B21A1F5F0618E4263D067
:101DE0009FED846B37EE465B37EE457B012380ED3C
:101DF000005B37EE467B80ED027B184608B070BD75
:101E00008C498E42044656DD8B498E4244DC104696
:101E10003215A2F21642A6EB025141EC160B9FEDD1
:101E2000777BBDEEC64B0023B8EEC44B36EE446B59
:101E300026EE076BBDEEC65B8DED024BB8EEC55BC3
:101E400036EE456B26EE077BB5EE407BF1EE10FAE1
:101E50008DED045B8DED067B40F0BB80B5EE405B05
:101E6000F1EE10FA0CBF0123022374490191022103
:101E7000009102A8214600F039FA002DC0F29B80A3
:101E8000034606E00024002580ED000BC0E9024572
:101E90000023184608B070BD30EE407B002380ED73
:101EA000027B80ED007BF4E79FED565B9FED576B67
:101EB00037EE457B96E700F0B3FEB6EE007B9FED74
:101EC000556BA0EE067BFDEEC77B9FED483B17EE02
:101ED000903A9FED486B1F2BB8EEE75BB1EE454B98
:101EE00025EE067BA4EE030B1BDC554A591E52F867
:101EF0002120964215D030EE476B84ED006B30EE1A
:101F0000460B30EE470B002D84ED020BC1DAB1EE2B
:101F1000466BB1EE400B84ED006B84ED020B5B422F
:101F2000B7E730EE476B16EE902A3615C2F30A5229
:101F3000B21A102A84ED006BE1DDB0EE403B9FED5C
:101F4000317B9FED326BA4EE073B30EE430BA4EEEA
:101F5000070BB0EE407B95EE067B33EE476B16EE3B
:101F6000902AC2F30A52B61A312E84ED006B39DD85
:101F7000B0EE430B9FED296B9FED2A2BA4EE060BD1
:101F800033EE407BA4EE067B95EE027BB3E72D4952
:101F900030EE077B8E421ED09FED166B37EE065B50
:101FA00037EE457B4FF0FF3337EE067B80ED005B6D
:101FB00080ED027B6DE794ED006B94ED027BB1EE5A
:101FC000466BB1EE477B434284ED006B84ED027BB0
:101FD0005FE7032349E79FED0B5B9FED0C6B37EE4B
:101FE000057BDBE7B0EE430B89E700BF0000405400
:101FF000FB21F93F3163621A61B4D03D000000005B
:10200000000070410000601A61B4D03D7370032E6F
:102010008A19A33B83C8C96D305FE43F0000002EDE
:102020008A19A33BC14920259A837B39FB21E93FCB
:102030007BD90240FB213941FFFFEF7F3C55002057
:1020400044100020FB21F93F2DE9F04182B08DEDD5
:10205000000B5D49019B00980C461940A14200F01D
:102060009880002B024677DD1F1500F08280A7F2D2
:10207000FF37C3F31303F90743F4801367D403EB6B
:10208000D27100260B447F105200B64616204FF442
:1020900000110EEB01049C424FEAD2754FEA420256
:1020A00003DC1B1B04EB010E0E44013805EB43035C
:1020B0004FEA5101EDD1844620244FF0004109E060
:1020C00020D003EBD275013C4FEA51012B444FEA7B
:1020D000420220D09E4501EB0C05F1DA002D05EB04
:1020E000010C09DBF0469542CEEB030300D9013B1E
:1020F000521B0844C646E4E7BCF1000FF2DB0EF1C8
:102100000108F0E795421AD8002D05EB010C48DBD9
:1021100098460023ECE7134313D140087110F307EE
:1021200001F17F5101F5001148BF40F0004001EB83
:102130000753024643EC102B02B0BDE8F081734612
:10214000BFE7421C31D000F001031844E5E75B0013
:1021500003EBD273520092E723F0004101431DD0FC
:102160005BBB1F46D30A153F5205002BFAD0DD0298
:102170001ED4002100E001465B00DC0201F10100F9
:10218000F9D5C0F1200422FA04F423437F1A8240D7
:102190006DE7A0EE000B02B0BDE8F0819DED000BF5
:1021A000CAE7BCF1000FAADAB2E701362046B5E76C
:1021B00020244FF0FF310020E5E79DED007B37EE56
:1021C000477B87EE070BB7E70000F07F10EE903AF1
:1021D00023F00043B3F1795F2CDAFDEEC07B17EEFC
:1021E000903A002B61D020EE007B9FED324B9FEDAB
:1021F000335B9FED346BA7EE045B9FED344BA7EE92
:10220000056B9FED345BA7EE064B9FED346BA7EE9D
:10221000045BA7EE056B26EE076B21EE400BB6EED6
:10222000005BA7EE060BB7EE006B97EE050B36EEE4
:10223000400B70479FED1F4B20EE007B9FED1F5B17
:102240009FED206BA7EE045B9FED204BA7EE056B87
:10225000244AA7EE064B9FED1F5B9FED206BA7EE78
:10226000045B9342A7EE056B26EE076BD5DD1E4A95
:10227000934215DCB7EE004B0020A3F5001141ECB2
:10228000150B34EE454B21EE401BB6EE003BA7EE9E
:10229000061B97EE035B35EE415B34EE450B704752
:1022A000B6EE074BB5EE025BEDE7B7EE000B7047FD
:1022B000AFF30080D43888BEE9FAA8BDC4B1B4BD7C
:1022C0009EEE213EAD529C804F7E92BE9015CB1962
:1022D000A001FA3E7751C1166CC156BF4C555555F9
:1022E0005555A53F3233D33F0000E93F2DE9F04F6C
:1022F0002DED088BADF5137DB04CA49EB04D54F878
:1023000026600193D41E85FB0475E417C4EBA50475
:1023100024EAE4745F1E04F1010AAAEB8A0A8B46E0
:10232000F1190294814602EBCA0AA4EB070318D400
:10233000194401311AAAA5980AE050F8234007EE83
:10234000904A0133B8EEE77B8B42A2EC027B08D0C7
:10235000002BF2DA9FED937B01338B42A2EC027BE0
:10236000F6D1002EC0F2E282019B6AA806F1010EAE
:10237000DC0000EBCE0E09EB04013D46002FC0F25D
:10238000C8811AAB9FED877B03EBC50208324B4631
:10239000B3EC025B32ED026B8B42A5EE067BF7D10C
:1023A000A0EC027B704505F10105E7D106F1804301
:1023B000023B9B0006AA9FED7D9B9FED7E8B03F168
:1023C000040813444C44904403933546CDF810B0B0
:1023D00092AB03EBC503002D13ED280B17DD6AA9A3
:1023E00001EBC50305AA20EE097BBDEEC77B33EDEB
:1023F000026BB8EEC77BA7EE480BFDEEC05B8B42CD
:1024000015EE900A37EE060B42F8040FEBD150465A
:1024100000F0A0FCB0EE40ABB4EE000B2AEE000BD7
:1024200000F008FCB2EE007BA0EE47ABFDEECA7BED
:10243000BAF1000F17EE90BAB8EEE77B3AEE47AB71
:1024400040F34C8105F1FF3E06ABCAF1180253F888
:102450002E3043FA02F000FA02F206A99B1ACAF1E2
:10246000170241F82E30834443FA02F1002939DD86
:10247000002D0BF1010B40F32482002210460DF1D8
:10248000140E8C4608E0C3F1807113B1CEF8001031
:102490000120013295420EDD5EF8043F0028F2D0A3
:1024A000C3F1FF13013203F57F439542CEF80030AC
:1024B0004FF00100F0DC6146BAF1000F10DDBAF117
:1024C000010F00F01281BAF1020F09D16A1E06ABAA
:1024D0000DF1180E53F82230C3F315034EF82230D5
:1024E00002296FD0B5EE40ABF1EE10FA7CD105F1C8
:1024F000FF3E76450FDC05F18042013A06AB03EB67
:102500008202002052F80439424540EA0300F9D122
:10251000002840F01581731E06AA52F82330002BC4
:1025200040F0CC81039B4FF0010E53F804290EF1CB
:10253000010E002AF9D0AE446B1C73452DDC029AC3
:102540009818019A00F1804051190EEB020CA59ADF
:10255000013802EB80001AAA02EBC10102EBCC0C9D
:102560006AAA02EBC30550F8043F07EE103AB8EE32
:10257000C77B002FA1EC027B9FED0A7B09DB4B465A
:102580000A46B3EC025B32ED026BA342A5EE067B7A
:10259000F7D16145A5EC027BE5D1754618E700BF90
:1025A000AFF3008000000000000000000000000009
:1025B0000000703E00000000000070412C10002060
:1025C000ABAAAA2AB7EE000B30EE4AAB002889D09E
:1025D0005046059100F0BEFB3AEE40ABB5EE40AB85
:1025E000F1EE10FA059982D0B0EE4A0BCAF1000064
:1025F0000BEE10BA8946DDF810B000F0ABFB9FED92
:10260000D16BB4EEC60BF1EE10FAC0F272819FED01
:10261000CF7B20EE077BBDEEC77B06A9B8EEC75B7C
:10262000A5EE460BBDEEC00B6B1C10EE102A41F858
:10263000252017EE102A41F823200AF1180AB7EED8
:10264000000B5046019300F085FB019B002BC0F26C
:102650005E816AACDF0006AA9FEDBC6B02EB8302D1
:1026600004EB070C04320CF1080032ED017AB8EEED
:10267000C77B27EE007B20ED027B20EE060BA042FD
:10268000F3D10DF5D07800250DF5847E002EC0F233
:102690001281B44861469FEDAF6B9FEDB07B002285
:1026A00003E0954208DBB0EC026BB1EC025B013257
:1026B0009642A5EE067BF4DAACF1080C0EEBC502EF
:1026C000C44582ED007B05F10105DFD1A49A032A00
:1026D00000F2AD80DFE802F0DDB5B55010D16B1E21
:1026E00006AA52F82310C915C0E66A1E06AB0DF102
:1026F000180E53F82230C3F316034EF82230EFE6DB
:10270000B6EE007BB4EEC7ABF1EE10FA0BDA0021A7
:10271000E8E69FED927BA0EC027B704505F1010598
:102720007FF42CAE42E6002D0BF1010BC8BF022155
:102730003FF7A3AEB7EE007B022137EE4AABD1E6FE
:1027400006AA0BEE10BA52F82E20DDF810B0734630
:102750008946AAF1180A002A7FF471AF0EF180426F
:10276000013A06A901EB820252F80419013BAAF1D1
:10277000180A0029F8D062E7002B40F3C58003F166
:102780000052013A0EEB0704D00094ED007B00F1FB
:10279000080410307444704444AD34ED026B36EEDE
:1027A000075B36EE456B36EE077B20ED027BB0EE25
:1027B000457BA84284ED005BEFD1012B40F3A48060
:1027C000D200774402F1100097ED007B083270448C
:1027D0000EEB020346AC024633ED026B37EE065BAE
:1027E00036EE456B36EE077B22ED027BB0EE457B85
:1027F000944283ED005BEFD19FED587B30ED026B8F
:10280000844237EE067BF9D14B46002B66D0B1EE01
:10281000477B9EED005B9EED026BB1EE455B8BED61
:10282000005B8BED047BB1EE467B8BED027B1BEEF8
:10283000103A03F007000DF5137DBDEC088BBDE8E1
:10284000F08F9FED467B07F10802724432ED026B78
:10285000724537EE067BF9D14A46A2B3B1EE475B2B
:102860009EED006B002B8BED005B36EE477B0BDDA6
:1028700044A80122B0EC026B0132934237EE067B92
:10288000F8DA4B46002BD0D0B1EE477B8BED027BC4
:10289000CDE79FED327B0837BE443EED026B013B36
:1028A0005A1C37EE067BF8D14B460BB1B1EE477B95
:1028B0008BED007BBBE79FED297BFDE64FF0010E22
:1028C00039E60020F8E59EED006B002B8BED007BD8
:1028D00036EE477BCCDC8BED027BA8E7DEE900011E
:1028E000DEE902238BED047BCBE90001CBE9022377
:1028F0009DE7BDEEC00B06A910EE102A2B4641F84D
:1029000025209CE60DF5847E9FED147B7CE7A49A40
:10291000032A8CD801A151F822F000BF39310100FF
:102920002F3101002F31010001310100019BDC003A
:102930003CE59FED0A7B0DF5847E8DE79FED077BDF
:10294000B2E700BF0000000000007041000000007E
:102950000000703E00000040FB21F93F0000000035
:1029600000000000880200200000000010EE903AF5
:1029700023F00043B3F1795F04DAFDEEC07B17EE7C
:10298000903A23B320EE007B20EE074B9FED155BC2
:102990009FED166B9FED173BA7EE056B9FED175B49
:1029A000A7EE063B9FED176BA7EE035BA7EE056B4B
:1029B00070B126EE446BB6EE003B9FED145BA1EECA
:1029C000036B97EE061BA4EE051B30EE410B704720
:1029D0009FED105BA7EE065BA4EE050B704700BFF2
:1029E000AFF300807CD5CF5A3AD9E53DEB9C2B8ADA
:1029F000E6E55ABE7DFEB157E31DC73ED561C1195C
:102A0000A0012ABFA6F810111111813F4955555553
:102A10005555C53F495555555555C5BF38B5B0EE07
:102A2000407B17EE905A774B25F000449C420EDD18
:102A3000754B9C4210EE102A5CDC59D09FED557B03
:102A40009FED560B002DC8BFB0EE470B38BD6F4B46
:102A50009C4260DCA3F1DE739C424EDD4FF0FF33FD
:102A60009FED502B27EE074B24EE046B9FED4F3B61
:102A70009FED505BA6EE023B9FED502BA6EE035B55
:102A80009FED503BA6EE052B9FED505BA6EE023B63
:102A90009FED501BA6EE035B25EE045B9FED4F2BD5
:102AA0009FED504B9FED513BA6EE014BA6EE042B44
:102AB0009FED504BA6EE023B5A1CA6EE034B24EEB4
:102AC000066B40D035EE065B514A5249DB001A4492
:102AD0000B4492ED006B93ED000B97EE056B36EE19
:102AE000477B002D30EE477B2ADBB0EE470B38BD2D
:102AF000002AA3D037EE070B38BD9FED406BB7EE31
:102B0000005B30EE066BB4EEC56BF1EE10FAA5DD9E
:102B1000B0EE470B38BD00F083F83F4B9C4219DC08
:102B2000A3F550239C422ADCB0EE007BBFEE006B85
:102B300030EE075BA0EE076B002386EE057B8FE788
:102B4000B1EE470B38BD35EE066BA7EE467BB0EE17
:102B5000470B38BD314B9C420BDCB7EE087BB7EE20
:102B6000006B30EE475BA0EE076B022385EE067B21
:102B700076E7BFEE006B032386EE007B70E7B7EECF
:102B8000007B012330EE476B30EE070B86EE007BB7
:102B900066E700BF182D4454FB21F93F182D44541B
:102BA000FB21F9BF11DA22E33AAD903FEB0D762419
:102BB0004B7BA93F513DD0A0660DB13F6E204CC567
:102BC000CD45B73FFF8300922449C23F0D5555556F
:102BD0005555D53F2F6C6A2C44B4A2BF6D9A74AF83
:102BE000F2B0B3BF9AFDDE522DDEADBF711623FEEB
:102BF000C671BCBFC4EB98999999C9BF9C750088F0
:102C00003CE4377EFFFF0F440000F07FFFFFDB3F17
:102C1000D0030020B0030020FFFFF23FFF7F0340FE
:102C200053EC102B23F0004343EC102B704700BFF4
:102C30000000000070B483B08DED000B0199009C82
:102C4000C1F30A52A2F2FF33132B0D4620461EDCBD
:102C5000002B43DB3B4A1A4101EA020634431BD0F6
:102C60009FED367B9DED006B36EE077BB5EEC07BAE
:102C7000F1EE10FA04DD002943DB25EA0201002011
:102C80000B46024643EC102B03B070BC7047332B4D
:102C900007DDB3F5806F2FD09DED000B03B070BC46
:102CA0007047A2F213424FF0FF3424FA02F21042AE
:102CB000F2D09FED227B9DED006B36EE077BB5EEEB
:102CC000C07BF1EE10FADBDD002920DB294620EA8B
:102CD00002000B46024643EC102BD5E79FED177B15
:102CE00030EE077BB5EEC07BF1EE10FAC8DD0029AF
:102CF00018DB00200146C3E79DED007B37EE070B94
:102D0000CCE74FF4801141FA03F31D44B5E7142BCF
:102D100010D00121C3F1340301FA03F3181828BFBE
:102D20006D18D3E721F00042074B224318BF194624
:102D30000020A5E70135C9E7AFF300809C75008846
:102D40003CE4377EFFFF0F000000F0BF002070471B
:102D50000000000010B52DED028B82B08DED000B50
:102D6000019B0099C3F30A522ABB23F000430B4393
:102D70002DD09FED367B3D4A20EE077B90428DEDB6
:102D8000007B019B29DBC3F30A52363A841840F2D8
:102D9000FE72944230DC002C27DD23F0FF41DDE998
:102DA000002321F4E00141EA045343EC102B02B06C
:102DB000BDEC028B10BD40F2FF718A42E6D19DED61
:102DC000007B37EE070B02B0BDEC028B10BD9DED12
:102DD000000B02B0BDEC028B10BD9FED1E0B27EE69
:102DE000000B02B0BDEC028B10BD14F1350F11DAEF
:102DF0004CF2503398421DDD9FED188B9DED001B6A
:102E0000B0EE480B00F034F820EE080B02B0BDEC39
:102E1000028B10BD23F0FF41DDE9002321F4E00126
:102E2000363441EA04539FED0F0B43EC172B27EE8A
:102E3000000BBCE79FED078B9DED001BB0EE480B30
:102E400000F016F820EE080BB1E700BF000000000C
:102E50000000504359F3F8C21F6EA5019C7500880D
:102E60003CE4377E000000000000903CB03CFFFFD7
:102E700053EC102B11EE900A23F0004100F00040BB
:102E800041EA000343EC102B704700BF0B4601469C
:102E9000184600F0CDB900BF53B94AB9002908BFA0
:102EA00000281CBF4FF0FF314FF0FF3000F07EB91B
:102EB000ADF1080C6DE904CE00F006F8DDF804E091
:102EC000DDE9022304B070472DE9F0478C460E4639
:102ED0000446089D002B50D18A4217466CD9B2FA9D
:102EE00082FEBEF1000F0BD0CEF1200420FA04F4D4
:102EF00001FA0EF644EA060C02FA0EF700FA0EF496
:102F00004FEA1749220CBCFBF9F01FFA87F809FBBE
:102F100010C642EA064600FB08F3B34209D9F61987
:102F200000F1FF3280F02281B34240F21F8102386B
:102F30003E44F61AA2B2B6FBF9F309FB136642EA65
:102F4000064403FB08F8A04509D9E41903F1FF3250
:102F500080F00A81A04540F20781023B3C44C8EB67
:102F6000040443EA00400021002D62D024FA0EF44C
:102F700000232C606B60BDE8F0878B4207D9002DE1
:102F800055D0002185E841000846BDE8F087B3FA36
:102F900083F1002940F09080B34202D3824200F2D4
:102FA000F880841A66EB03060120B446002D40D059
:102FB00085E81010BDE8F08712B90127B7FBF2F7DA
:102FC000B7FA87FEBEF1000F35D1F31B4FEA174861
:102FD0001FFA87FC0121B3FBF8F0220C08FB103626
:102FE00042EA06460CFB00F3B34207D9F61900F19A
:102FF000FF3202D2B34200F2CE801046F61AA2B2DD
:10300000B6FBF8F308FB136642EA06440CFB03FC2C
:10301000A44507D9E41903F1FF3202D2A44500F216
:10302000B5801346CCEB040443EA00409CE72946F4
:103030002846BDE8F087CEF1200106FA0EF307FA24
:103040000EF720FA01F94FEA1748CE4049EA030982
:10305000B6FBF8FA4FEA194408FB1A661FFA87FC18
:1030600044EA06430AFB0CF29A4200FA0EF40AD92B
:10307000DB190AF1FF3180F087809A4240F28480A8
:10308000AAF1020A3B449B1A1FFA89F9B3FBF8F133
:1030900008FB113349EA034301FB0CF69E4207D9B2
:1030A000DB1901F1FF326BD29E4269D902393B44F0
:1030B0009B1B41EA0A418EE7C1F1200E22FA0EF471
:1030C0008B40234320FA0EF706FA01F44FEA134C23
:1030D00026FA0EF63C43B6FBFCF9270C0CFB1966EE
:1030E0001FFA83F847EA064609FB08F7B74202FAD7
:1030F00001F200FA01FA08D9F61809F1FF3041D2BD
:10310000B7423FD9A9F102091E44F61BA0B2B6FB93
:10311000FCF40CFB146640EA064704FB08F8B845CB
:1031200007D9FF1804F1FF3028D2B84526D9023C50
:103130001F4444EA0940C8EB0707A0FB02894F453A
:1031400044464E4614D329D065B3BAEB040367EB6B
:10315000060707FA0EFECB40CF404EEA030385E890
:1031600088000021BDE8F0871346F8E61046E0E647
:10317000B8EB020469EB03060138E5E70446D8E73B
:10318000114695E78146C0E78A467CE7023B3C440E
:1031900048E708460AE702383E442FE7C245E7D32E
:1031A0003E46D1E72946BDE8F08700BF704700BF23
:1031B000002102F077BC00BF0A22002102F020BDEE
:1031C000024B0A460146186800F002B84C6700201E
:1031D00010B502FB01F100F0DDF80446D8B150F85B
:1031E000042C22F00302043A242A18D8132A14D9F2
:1031F00000231B2A0360436016D9242A8360C3601E
:1032000011BF00F110020361436100F118020023B5
:10321000136053609360204610BD0246F7E700211B
:1032200000F01CFC204610BD00F10802EFE700BFD3
:1032300013460A460146022005F0EABB0023B7EE1A
:10324000C00A06F00DBB00BF014B1868704700BFF5
:103250004C67002070B50F4E0F4D761BB61018BF8F
:10326000002405D0013455F8043B9847A642F9D113
:103270000A4E0B4D761B08F041FBB61018BF002418
:1032800006D0013455F8043B9847A642F9D170BDE9
:1032900070BD00BFD82C0260D82C0260E82C026000
:1032A000D82C026010B5044600F05AF8204440784B
:1032B00000F0070010BD00BF10B5044600F050F844
:1032C0002044407800F00300A0F10200B0FA80F042
:1032D000400910BD10B5044600F042F82044407883
:1032E00000F00300A0F10100B0FA80F0400910BD29
:1032F000931E222B10D80A2A10B506D000230C46A4
:10330000194403F04BFF204610BD0028F6DA2D23A8
:103310000B7040420123F2E700200870704700BFA5
:10332000FFF7E6BF034A044B1268506B002808BF42
:10333000184670474C670020D0610020044B054AB6
:103340001B685B6B002B08BF134693F8280170477E
:103350004C670020D0610020D0F8EC00704700BF1F
:1033600008B5034B1868FFF7DDFFD0F8EC0008BD87
:103370004C670020024B0146186800F00BB800BFF4
:103380004C670020024B0146186806F061BC00BF84
:103390004C6700202DE9F04F01F10B05162D83B08D
:1033A000064640F29F8035F0070500F1BF80A94234
:1033B00000F2BC8000F0A0FBB5F5FC7FC0F09C8261
:1033C0006B0A00F0BA80042B00F28381A80900F197
:1033D000390E4FEA4E033830C44F07EB8303A3F195
:1033E00008015C68A14207D1ACE0002A80F2AC8001
:1033F000E468A14200F0A680636823F003035A1B2F
:103400000F2AF2DDB9493C6901F1080E744500F05C
:10341000B381636823F003035A1B0F2A00F39981D9
:10342000002AC1F814E0C1F810E080F29E80B3F5E4
:10343000007F80F06781DB0803F1010C01229B1003
:1034400002FA03F34A6851F83C80C4F8088001EBA3
:10345000CC091A43A9F10803E3604A6041F83C40F3
:10346000C8F80C40831001249C40944200F28A80EA
:10347000144206D120F003006400144200F104005D
:10348000FAD007EBC009CC468046DCF80C108C451E
:1034900007D173E1002A80F28181C9688C4500F070
:1034A0006D814B6823F003035A1B0F2AF2DD0C4693
:1034B000D1F80CC054F8088F4B1945F001054D6048
:1034C00042F00101C8F80CC03046CCF808807B619E
:1034D0003B61C3F80CE0C3F808E059609A5000F073
:1034E0000DFB1FE0102921D800F006FB1025062354
:1034F00002207E4F07EB8303A3F108025C6894422D
:1035000000F045816368E168A56823F00303234464
:1035100030465A68E96042F001028D605A6000F05E
:10352000EDFA0834204603B0BDE8F08F00240C23E8
:103530002046336003B0BDE8F08F80234FF0400E8B
:103540003F2049E770465DE72344E1685A68A56873
:1035500042F00102E96030468D605A6000F0CEFA18
:103560000834204603B0BDE8F08F234430465A6843
:1035700042F001025A6000F0C1FA0834204603B05C
:10358000BDE8F08FBC68636823F00308A84504D346
:10359000C5EB08030F2B00F38C80554BDFF86091CF
:1035A0001A68D9F8003001332A4404EB080A00F005
:1035B000608102F580520F3222F47F6222F00F0206
:1035C00011463046019200F00DFDB0F1FF3F8346F9
:1035D000019A00F05881824500F2FC80454B196841
:1035E000DA451144196000F05381D9F80000DFF882
:1035F00010E101301BBFCAEB0B0A5144CEF800B0FA
:1036000019601BF0070100F01781C1F10800C1F536
:103610008051834408315A44C2F30B02C2EB0109C2
:1036200049463046019300F0DDFC431C019B00F04D
:103630003F81CBEB00024A4442F001021968C7F80F
:1036400008B04944BC42CBF804201960DFF8A490CC
:1036500016D0B8F10F0F40F2FD806268A8F10C039C
:1036600023F00703E01802F001024FF0050E1A43A1
:103670000F2B6260C0F804E0C0F808E000F21C8183
:103680001D4BBC681A68914288BF19601B4B1A68B1
:103690009142626888BF196022F003029542A2EB52
:1036A000050301D80F2B04DC304600F027FA002474
:1036B00038E7621943F0010345F0010565603046C3
:1036C000BA60536000F01AFA0834204603B0BDE82F
:1036D000F08F142B71D9542B00F2A480280B00F129
:1036E0006F0E4FEA4E036E3076E600BF3C6300205B
:1036F0008CE900205CE9002084E9002088E90020B2
:10370000446700205A0A042A5ED9142A00F2B380C2
:1037100002F15C0149005B3207EB810C57F8211084
:10372000DFF8DC81ACF1080C8C4500F088804A6839
:1037300022F00302934202D289688C45F7D1D1F876
:103740000CC07A68C4F80CC0A160CCF80840CC600A
:1037500088E6631942F0010745F0010565603046CF
:103760004B610B61C3F80CE0C3F808E05F609A504E
:10377000083400F0C3F9D5E64A6873E608F1010899
:1037800018F0030F0CF1080C7FF47FAE30E0DC681A
:10379000A34208BF02303FF435AEB3E60B440C46FB
:1037A0005A68C96854F8085F42F001025A6030460E
:1037B000E9608D6000F0A2F9B4E603F15C0E03F15C
:1037C0005B004FEA4E0307E69A0902F1390149000E
:1037D0003832A1E7BC424A4B3FF400AF9C686268B4
:1037E00022F003025AE759F80839994540F08280DF
:1037F00010F0030F00F1FF30F5D17B6823EA0403DA
:103800007B6064009C423FF6BDAE002C3FF4BAAE34
:103810001C4240467FF435AE64001C4200F10400B7
:10382000FAD02EE6B3F5AA7F18D8E80B00F1780E8F
:103830004FEA4E037730CFE54FF48051EBE601219C
:10384000D8F80430921001FA02F21A43C8F80420A2
:10385000614677E70123CBF8043025E740F2545264
:10386000934220D8A80C00F17D0E4FEA4E037C3025
:10387000B2E51032A4E6542A26D81A0B02F16F01E1
:1038800049006E3248E7BC68626822F0030205E72F
:10389000CAF30B0000287FF4A8AE4244BB6842F094
:1038A00001025A60ECE6FE234FF07F0E7E2093E586
:1038B00001224FF00009C1E604F10801304606F08C
:1038C000C7F9D9F80010DBE6B2F5AA7F05D8DA0B04
:1038D00002F17801490077321EE740F254518A42E2
:1038E00005D89A0C02F17D0149007C3214E7FE21D3
:1038F0007E2211E77B6884E7E808431C5B00F8E55B
:103900003C63002082B049B15AB16BB113780B60AF
:103910001278101C18BF012002B0704701A9002ABC
:10392000F3D1104602B070476FF00100F4E700BF1A
:10393000032A70B426D940EA01039B0711D004780A
:103940000D78AC4222D10244431C05E013F8014B30
:1039500011F8015FAC4219D19342F7D1002070BC3D
:1039600070470C4603461E682568AE42184621463D
:1039700003F1040304F10404E1D1043A032A1846D4
:103980002146F0D8002ADAD11046E8E7601B70BC67
:10399000704700BF8842F0B50DD98B1898420AD203
:1039A0008118002A51D09A1A13F8014D01F8014DDF
:1039B0009342F9D1F0BD0F2A48D941EA00039B0791
:1039C00046D100F1100401F11003154653F8106CB4
:1039D00044F8106C53F80C6C44F80C6C53F8086CF9
:1039E00044F8086C103D53F8046C44F8046C0F2D37
:1039F00003F1100304F11004E8D8A2F1100323F03E
:103A00000F0302F00F0E1033BEF1030F19440344ED
:103A100021D91E1F0D467446043C55F8047B46F818
:103A2000047F032CF8D8AEF1040424F0030404341A
:103A30002344214402F0030262B1013B0A4411F81D
:103A4000014B03F8014F8A42F9D1F0BD0346F3E779
:103A50000346F2E7F0BD7246EEE700BF70B484079C
:103A600046D0541E002A41D0CDB2034602E0621E69
:103A7000E4B3144603F8015B9A07F8D1032C2ED95E
:103A8000CDB245EA05250F2C45EA054519D903F1C4
:103A900010022646103E0F2E42F8105C42F80C5CD5
:103AA00042F8085C42F8045C02F11002F2D8A4F17A
:103AB000100222F00F0204F00F041032032C134402
:103AC0000DD91E462246043A032A46F8045BFAD86A
:103AD000221F22F003020432134404F003042CB129
:103AE000C9B21C4403F8011BA342FBD170BC704750
:103AF00014460346C2E700BF704700BF704700BFCF
:103B00000FB400B5074983B004AB086853F8042B21
:103B10008168019303F082FB03B05DF804EB04B00D
:103B2000704700BF4C670020034B1B6801469A6832
:103B3000184607F021BC00BF4C670020F0B50546D1
:103B400089B008460C4600F0FDFCAB6B144F0494A2
:103B50000126441C04A9022203940590AC68069730
:103B6000079601910292B3B1B4F90C309A0406D4CD
:103B7000626E43F4005322F40052A3816266214630
:103B8000284601AA06F04CF9002814BF4FF0FF3078
:103B90000A2009B0F0BD284606F002F8E4E700BFAD
:103BA000BC2C0020024B01461868FFF7C7BF00BFBE
:103BB0004C67002010B40C4B0C4C19680C4AD1F81F
:103BC000A830D1F8AC0004FB03F402FB0040A3FBD7
:103BD00002230344013243F10003C1E92A2323F005
:103BE00000405DF8044B70474C6700202DF451589D
:103BF0002D7F954C024B0A460146186800F002B82A
:103C00004C6700202DE9F04F174683B0002900F0E3
:103C1000C1800E46814607F10B05FFF76DFF56F890
:103C200004EC162D2EF00304A6F1080840D810224B
:103C30001546AF4241D8944275DAC94B996808EBF2
:103C400004008842416800F0D98021F00103034458
:103C50005B68DB077DD51EF0010F35D0394648463D
:103C6000FFF798FB0746E0B156F8043C23F0010348
:103C70004344A0F108029A4200F04481221F242A02
:103C800000F23181132A00F20481034632461168A2
:103C900019605168596092689A603146484605F04B
:103CA000D7FF4846FFF72AFF384603B0BDE8F08F3C
:103CB00025F00705002D2A46BBDA0C230020C9F8A1
:103CC000003003B0BDE8F08F56F8083CC3EB080A9B
:103CD000DAF8043023F0030C04EB0C039342BDDB51
:103CE0005746DAF80C1057F8080F221F242AC16033
:103CF000886000F21781132A40F212813168CAF8F5
:103D000008107168CAF80C101B2A00F22B810836C3
:103D10000AF110023168116071685160B1689160F8
:103D20003E461C46D046631B0F2B1DD8D8F80430E6
:103D300003F0010323434444C8F80430636843F0AC
:103D4000010363604846FFF7D9FE304603B0BDE883
:103D5000F08F21F003012144914221DBC368826886
:103D60000C46D3609A60DEE7D8F8042008EB050122
:103D700002F00102154343F001020B44C8F804505D
:103D80004A605A6842F0010208315A60484605F01C
:103D90005FFFD7E7114603B0BDE8F04FFFF7FABA6F
:103DA0001EF0010F7FF45AAF56F8083CC3EB080A27
:103DB000DAF8043023F0030C01EB0C0E96458BDB94
:103DC000C36882685746D3609A6057F8081FDAF8CC
:103DD0000C30CB60221F242A996000F29980132AAC
:103DE00062D93368CAF808307368CAF80C301B2AE5
:103DF00000F2A08008360AF1100356E021F0030B10
:103E0000A34405F11000834559DA1EF0010F7FF439
:103E100025AF56F8081CC1EB080ADAF8041021F0A7
:103E2000030CE34458453FF757AF5746DAF80C10F8
:103E300057F8080F221F242AC160886000F2B4805E
:103E4000132A40F2A5803168CAF808107168CAF8D0
:103E50000C101B2A00F2AF8008360AF110023168FC
:103E6000116071685160B16891600AEB0501C5EBA2
:103E70000B0242F0010299604A60DAF8043003F064
:103E800001031D434846CAF80450FFF737FE384681
:103E90005CE733680360736843601B2A27D800F12E
:103EA000080306F10802F2E63B4632681A607268BF
:103EB0005A60B2689A603E467446D04633E708EBD3
:103EC0000501C5EB0B0B4BF0010299604A6056F8F7
:103ED000043C03F001031D43484646F8045CFFF729
:103EE0000DFE304632E73146FFF754FDD5E6B368A4
:103EF0008360F368C360242A28D000F1100306F120
:103F00001002C4E650F8043C23F003031C440AE703
:103F1000314638467446D046FFF73CFD3E4602E740
:103F20003A46F7E6314638461C46D046FFF732FDA2
:103F30003E46F8E6B368CAF81030F368CAF81430A1
:103F4000242A1BD010360AF11803AEE73369036147
:103F50007369436106F1180200F1180397E600BF88
:103F60003C630020B168CAF81010F168CAF8141058
:103F7000242A0FD010360AF11802CBE63369CAF8AA
:103F800018307369CAF81C3018360AF120038CE720
:103F90003A4664E73269CAF818207269CAF81C20E8
:103FA00018360AF12002B5E6314638460193FFF78C
:103FB000F1FC019B59E7B168CAF81010F168CAF822
:103FC0001410242A03D010360AF1180247E7326988
:103FD000CAF818207269CAF81C2018360AF12002A3
:103FE0003DE700BF38B5074C00230546084623606F
:103FF000FCF7E8FA431C00D038BD2368002BFBD047
:104000002B6038BD6CF700200CB4F0B5244B0029B0
:104010009DB01D683EDB4FF402730C460290069083
:10402000ADF8143023AE17D04C1E229A04943346B8
:104030004FF6FF7702A9284607940196ADF816704F
:1040400001F0F4FD421C1BDB029B00221A701DB024
:10405000BDE8F04002B0704733464FF6FF77229A32
:10406000049402A9284607940196ADF8167001F051
:10407000DDFD431C07DB1DB0BDE8F04002B070471A
:104080008B232B60E0E78B232B601DB0BDE8F04055
:1040900002B070478B232B604FF0FF30EBE700BF7F
:1040A0004C67002070B411F0FF0434D085070FD0A6
:1040B0000378002B5AD09C422BD0431C05E013F808
:1040C000012B002A4FD0944223D09A071846F6D1EC
:1040D0000E0206F47F462643036846EA064601E0E0
:1040E00050F8043F86EA0305A5F10132A3F101313E
:1040F00022EA050221EA0303134313F0803FEFD0C5
:10410000037823B932E010F8013F002B2ED09C42F7
:10411000F9D170BC704784070BD00378002BF8D01E
:10412000431C03E002780133002AF2D099071846B5
:10413000F8D10268A2F1013323EA020313F0803FB1
:1041400008D150F8042FA2F1013323EA020313F03F
:10415000803FF6D00378002BDBD010F8013F002B16
:10416000FBD170BC7047104670BC7047184670BCDD
:10417000704700BF000000000000000000000000C9
:1041800000000000A2EB0300704700BF02780B782C
:10419000012A28BF9A42F5D16DE9044540EA01049D
:1041A000CDE902676FF0000C4FEA447212B380EA67
:1041B000010414F0070F6AD100F0070420F0070093
:1041C00004F0030521F007014FEAC505F0E80423D8
:1041D00014F0040FF1E804670CFA05F462EA040233
:1041E00066EA04060AD063EA0403624667EA040743
:1041F000664603E0F0E80423F1E8046782FA4CF530
:1042000082EA0604A4FA8CF46CBB83FA4CF583EAC8
:104210000705A5FA8CF595B950E9022351E9026723
:1042200082FA4CF582EA0604A4FA8CF483FA4CF57F
:1042300083EA0705A5FA8CF52543DBD09CB92DBA96
:10424000B5FA85F424F0070427FA04F1DDE90267E2
:1042500023FA04F303F0FF0001F0FF01FDE8044539
:10426000A0EB0100704724BAB4FA84F424F00704E8
:1042700026FA04F1DDE9026722FA04F202F0FF00F7
:1042800001F0FF01FDE80445A0EB0100704714F0C8
:10429000030F3CD110F0030428D150F8082B51F83B
:1042A000083B82FA4CF582EA0305A5FA8CF55DB964
:1042B00050F8042C51F8043C82FA4CF582EA0305CC
:1042C000A5FA8CF5002DE8D02DBAB5FA85F424F0C6
:1042D000070423FA04F122FA04F202F0FF0001F0CD
:1042E000FF01FDE80445A0EB010070474FEAC4045C
:1042F00020F0030050F8082B21F0030151F8083B8F
:104300000CFA04F462EA040263EA0403C9E710F059
:1043100003041AD0A1EB040120F00300E40750F8D5
:10432000042B06D00FD28B785FFAA2F4E41A06D1E0
:104330002BB1CB785FFAB2F4E41A00D11BB9204656
:104340005DF8104B704701F1040150F8042BCC07C5
:1043500021F0030151F8043B48D824D222F07F44D5
:1043600082FA4CF594EA1325A5FA8CF50AD165B9C1
:1043700051F8043B84EA0204B4EB036F0ED150F809
:10438000042BEBE74FEA132355E035F07F454DD181
:104390000878FDE80445C0F1000070474FEA12625A
:1043A00003F0FF0347E002EA1C4482FA4CF594EA6A
:1043B0001345A5FA8CF50AD165B951F8043B84EA96
:1043C0000204B4EB034F0CD150F8042BEBE74FEA97
:1043D000134330E015EA1C4528D10B884FEA1242FE
:1043E00029E04FEA124203EA1C4324E002F0FF04F2
:1043F00082FA4CF594EA1365A5FA8CF50AD165B9F1
:1044000051F8043B84EA0204B4EB032F09D150F8BD
:10441000042BEBE74FEA13630DE015F0FF0F05D116
:104420000B684FEA122223F07F4304E04FF00000B4
:10443000FDE80445704712BA1BBA82FA4CF482EACE
:104440000304A4FA8CF5B5FA85F402FA04F203FA2F
:1044500004F34FEA1260FDE80445A0EB13607047D7
:1044600080EA0102844612F0030F4FD111F0030FCE
:1044700032D14DF8044D11F0040F51F8043B0BD02C
:10448000A3F101329A4312F0803F04BF4CF8043B81
:1044900051F8043B16D100BF51F8044BA3F101328F
:1044A0009A4312F0803FA4F101320BD14CF8043B47
:1044B000A24312F0803F04BF51F8043B4CF8044B78
:1044C000EAD023460CF8013B13F0FF0F4FEA3323E9
:1044D000F8D15DF8044B704711F0010F06D011F8C8
:1044E000012B0CF8012B002A08BF704711F0020FB6
:1044F000BFD031F8022B12F0FF0F16BF2CF8022BA1
:104500008CF8002012F47F4FB3D1704711F8012BC3
:104510000CF8012B002AF9D1704700BF0000000001
:10452000000000000000000000000000000000008B
:10453000000000000000000000000000000000007B
:104540000000000090F800F06DE9024520F007013E
:104550006FF0000C10F0070491F820F040F0498053
:104560004FF000046FF00700D1E9002391F840F00C
:1045700000F1080082FA4CF2A4FA8CF283FA4CF3B0
:10458000A2FA8CF34BBBD1E9022382FA4CF200F180
:104590000800A4FA8CF283FA4CF3A2FA8CF3E3B984
:1045A000D1E9042382FA4CF200F10800A4FA8CF25B
:1045B00083FA4CF3A2FA8CF37BB9D1E9062301F11B
:1045C000200182FA4CF200F10800A4FA8CF283FA7E
:1045D0004CF3A2FA8CF3002BC6D0002A04BF04309F
:1045E0001A4612BAB2FA82F2FDE8024500EBD20096
:1045F0007047D1E9002304F00305C4F100004FEA3D
:10460000C50514F0040F91F840F00CFA05F562EAC4
:1046100005021CBF63EA050362464FF00004A9E7E8
:10462000002A41D040EA010313F00303F0B425D17E
:10463000032A23D904680D68AC421FD1043A35D04F
:10464000A4F1013525EA040414F0803F31D1071D9F
:104650000D1D0DE057F8043B0E68A3F10134B34281
:1046600024EA03040AD1043A20D014F0803F23D175
:10467000032A2946384605F10405EBD803780C785F
:104680009C4202F1FF320CD182B114B916E06AB13A
:104690007BB110F8013F11F8014FA34202F1FF3244
:1046A000F5D0181BF0BC7047104670471046F0BCA0
:1046B00070471846F0BC70470020F3E72046F1E74A
:1046C00040EA01039B0770B42BD1032A29D90C4679
:1046D0000346214654F8046BA6F1013525EA060588
:1046E00015F0803F06D1043A032A43F8046B2146B3
:1046F000EFD8A2B10C781C70013A013301313CB102
:104700006AB111F8014B03F8014B013A002CF7D1C3
:104710002AB11A44002103F8011B9A42FBD170BC54
:1047200070470346E5E700BF2DE9F0414FF0010E69
:10473000744600254FF0FF362B198B4200EB06071D
:104740000DD23F5D10F803C0BC452DD21D4601249B
:10475000C6EB030E2B198B4200EB0607F1D34FF08B
:104760000108C2F800E0444600254FF0FF372B193E
:10477000994200EB070E0ED91EF804E010F803C0B2
:10478000F44518D91D460124C7EB03082B1999429B
:1047900000EB070EF0D80137701C874224BFC2F827
:1047A00000803846BDE8F0810CD04FF0010E2E4657
:1047B00074467544C0E70CD04FF001082F464446BC
:1047C0004544D4E7744509BFA64601341D4601247B
:1047D000B2E7444509BFA04601341D460124C6E79F
:1047E0002DE9F04FADF2144D164605468B461046A6
:1047F000194603AA1C46FFF797FF03AB81460DF24B
:104800000C4243F8044F9342FBD14CB1631E324635
:1048100004A812F8011B40F8213013F1FF33F8D23D
:1048200003994A4631443046FFF782F8002871D197
:1048300009F1FF330093F318824601932346804623
:10484000544658469A4608EB0A073A1A002128446B
:1048500006F0D0F8002858D1002F56D0EB1904AA42
:1048600013F8013C52F823304BB124B1039A934220
:1048700001D2C2EB0A03984400243846E3E74C45D2
:1048800023460AF1FF3E38BF4B46734513D208EB6F
:10489000030216F803C0A85C84452A4406EB030112
:1048A00006D02EE011F801CF12F8010F844528D16F
:1048B00001337345F6D34C45009980F08B80009B03
:1048C000019808EB03020378A85C83422A4440F075
:1048D0008180019B06EB040B06E013F801ED12F852
:1048E000010D864504D161469B4501F1FF3CF4D1A1
:1048F00001348C4270D8039C3846A044C4EB0A04AF
:10490000A1E7C9F101029044B5E700200DF2144D72
:10491000BDE8F08FC9EB04034B4538BF4B4601336C
:1049200009F1FF38039306EB080358464FF0000ADD
:10493000CB4699460AEB04073A1A0021284406F0B0
:1049400059F80028E1D1002FDFD0EB1904AA13F8A1
:10495000013C52F82330A3BB611E8B4515D20AEBF4
:104960000B0216F80B3015F802E09E452A4406EBC0
:104970000B005B4606D027E010F801CF12F801EFDC
:10498000F44521D101338B42F6D3B8F1FF3F11D06A
:104990000AEB080299F80010AB5C99422A440FD147
:1049A0004B4605E013F8010D12F8011D884207D1AE
:1049B000B342F7D105EB0A000DF2144DBDE8F08FBC
:1049C000039B9A443846B5E7CBF1010292449A44DE
:1049D0003846AFE749468BE705EB080096E700BF8E
:1049E0000378002B00F004812DE9F04F91F800804E
:1049F00085B04446B8F1000F16D0864601F1010C8F
:104A0000012703E012F8014B6CB194469C4214BF9D
:104A1000002707F001071EF8013F6246002BF1D185
:104A20009CF800300BBB17B105B0BDE8F08F0E4607
:104A3000054641460130C6EB0C04FFF733FB074641
:104A400098B1012CF0D02819874294BFC7EB000B16
:104A50004FF0010B1F2C0CD92346324659463846DD
:104A6000FFF7BEFE05B0BDE8F08F002005B0BDE841
:104A7000F08F03AA21463046FFF756FE0399804681
:104A8000024631443046FEF753FF002858D108F162
:104A9000FF330193F3188146054600935846B2460A
:104AA0006619321A0021384405F0A4FF0028DCD131
:104AB000002EDAD0C845434638BF4B469C4212D937
:104AC0005A191AF80310B85C88423A440AEB030EEC
:104AD00006D02DE01EF8010F12F8011F884227D1E1
:104AE00001339C42F6D8019BC845194640F28380A9
:104AF000EA1800980378B85C83423A447BD1009B63
:104B00000AEB090B06E013F801CD12F801EDF445AC
:104B100004D101465B4501F1FF30F4D109F10109EF
:104B2000894557D8039B30461D44C3EB0409B7E7BA
:104B3000C8F1010215441D444FF000093046AFE7AB
:104B4000C8EB0403434538BF4346013308F1FF393E
:104B5000039306EB090358460025BB469A4667199E
:104B60003A1A0021584405F045FF00287FF47DAF34
:104B7000002F3FF47AAF444515D908EB050216F82B
:104B800008301BF8020098425A4406EB08014346DD
:104B900006D023E011F801EF12F8010F86451DD170
:104BA00001339C42F6D8B9F1FF3F12D005EB090260
:104BB0009AF800101BF8023099425A4414D1534617
:104BC00005E013F8010D12F8011D88420CD1B34223
:104BD000F7D15F46781905B0BDE8F08FC8F1010242
:104BE00015441D443846BAE7039B38461D44B6E7D2
:104BF0000B7813B97047414690E70020704700BF1B
:104C000070B504460D46164645EC104B06F042FAC8
:104C10007EB1C5F30A53C3F16B03002B09DD1B05FD
:104C200003F17F51002001F5401141EC170B20EEFC
:104C3000070B70BD2DE9F04F2DED0E8B1E4699B080
:104C400000238146304688469246149305F048FE7C
:104C50000024002383460068CDE90634FFF772FC88
:104C6000CDF84C80049043461D4613F8014B2D2C83
:104C700000F21B81DFE814F02E001901190119015F
:104C800019011901190119011901EF00EF00EF00D5
:104C9000EF00EF001901190119011901190119019A
:104CA0001901190119011901190119011901190134
:104CB0001901190119011901EF001901190119014F
:104CC00019011901190119011901190119014900E5
:104CD0001901EC009FEDAF7B8DED047BBAF1000F65
:104CE0000CD0002243460892CAF80030089B2BB132
:104CF0009DED047BB1EE477B8DED047B9DED040BB8
:104D000019B0BDEC0E8BBDE8F08F002308936B1C2F
:104D100013936C78002CDDD0302C1D4600F0CA8037
:104D200000230A950993A4F13003092B00F2D583DF
:104D3000002728463E463D46082DC8BF07EB87079B
:104D400006EB860300F1010004EB43031390C4BF9C
:104D500004EB4704A4F130070478D8BFA3F1300670
:104D6000A4F13003092B05F10105E5D9DBF80010AA
:104D7000049AFFF755FC00286FD000208446834634
:104D80002A46652C00F01281452C00F00F8100238B
:104D9000002D40F0AA80002840F09D80099B002B48
:104DA00040F09980BBF1000F94D1493C252C91D85B
:104DB00001A353F824F000BF5B570100D154010058
:104DC000D1540100D1540100D15401006F5C0100A5
:104DD000D1540100D1540100D1540100D15401003B
:104DE000D1540100D1540100D1540100D15401002B
:104DF000D1540100D1540100D1540100D15401001B
:104E0000D1540100D1540100D1540100D15401000A
:104E1000D1540100D1540100D1540100D1540100FA
:104E2000D1540100D1540100D1540100D1540100EA
:104E3000D1540100D15401005B570100D15401004D
:104E4000D1540100D1540100D15401006F5C010024
:104E5000012308935BE7139306E7139B04995A1801
:104E600013925C5C84462A46A4F13003092B00F2BD
:104E70004482411C1C46002B00F0078601298C440B
:104E800018BF401905D100F0F2BD4E00854200F078
:104E900042840135691E082906EB8601F5DD102DD7
:104EA000DCBF07EB87077F00F0E70023302C089377
:104EB0007FF436AF6B78582B00F0F382782B00F03C
:104EC000F082013513952C78302CFAD01CB10123D7
:104ED0000A95099327E79FED2F7B8DED047BBAF1AF
:104EE000000F3FF403AF139BFEE607EE906AB8EEA7
:104EF000677B102D8DED047BCCEB0304DDE904BC56
:104F00002946A8BF1021002A08BF2A460929CDE951
:104F100006BC0EDD214B03EBC10313ED126B9DEDBF
:104F2000045B07EE907AB8EE677BA5EE067B8DED0D
:104F3000067B0F2D00F38B80002C26D040F381845C
:104F4000162C00F30184154B03EBC40494ED007B95
:104F50009DED066B27EE067B8DED047BBFE713A866
:104F60000F4905F0E5FB00283FF4B4AE139B0D4953
:104F7000013B13A8139305F0DBFB10B9139B01331E
:104F80001393094B0793002306939DED067B8DED4C
:104F9000047BA4E70000000000000000E8020020FD
:104FA000D0540020D45400200000F07F002D00F0E9
:104FB0009981DDF84C8008F10103139398F80140C2
:104FC0002B2C00F06B822D2C00F0B5810023049374
:104FD000A4F13003092B00F25D82302C05D1139B24
:104FE000013313931C78302CFAD0A4F13103082B31
:104FF0003FF6CDAE139B0C93591C303C13910B9490
:105000005C78A4F1300EBEF1090F0FD80B9B013173
:10501000139103EB830304EB43030C78A4F1300EEC
:10502000BEF1090FA3F13003F1D90B930C9BC91A00
:10503000082900F381830B9B44F61F618B42A8BFB4
:105040000B46049900293FF4A3AE5B42A0E66B1A1D
:105050002344002B40F3028313F00F000AD0C3490E
:1050600001EBC0019DED066B91ED007B27EE067B09
:105070008DED067B33F00F0340F08681002309930A
:1050800000962B460A99484605F074FD8346002891
:1050900000F07682002C4FF00008C4F100039FED71
:1050A000ABABA8BF43469FEDAB9B9FEDACBB9FED69
:1050B000AD8B0B9324EAE4730A934446CDF83CA0ED
:1050C000DBF80410484605F0E5FC0646002800F031
:1050D0009582DBF810209DED067B023292000BF1E9
:1050E0000C010C308DED047BFAF726FC9DED040BD2
:1050F00016AA15A9484606F05FF81490002800F09B
:10510000B1830121484605F0CFFD0446002800F098
:105110007582159A002AC0F2EC800B9B0A9D9F189D
:105120000999169B521A1A449149013A8A42C3F1CD
:10513000360380F2C580891A1F29A3EB010300F30F
:10514000DF8001228A400D9200220E9207EB030AB3
:105150001D44099B57453A461D44A8BF5246AA42E2
:10516000A8BF2A46002A03DDC2EB0A0AAD1ABF1AFD
:105170000B9BBBB121461A46484605F037FE044654
:10518000002800F03B820146149A484605F096FD3F
:10519000002800F033820C901499484605F0A0FCDA
:1051A0000C9A1492BAF1000F08DD52461499484641
:1051B00005F06CFE1490002800F054830A9B43B164
:1051C00031460A9A484605F011FE0646002800F0CE
:1051D0001582002D08DD31462A46484605F056FE68
:1051E0000646002800F00A82002F08DD21463A46D4
:1051F000484605F04BFE0446002800F0FF81324689
:105200001499484605F0BCFE8046002800F0F6815F
:105210000023C568C360214605F090FE0028C0F257
:10522000248300F083832146404606F023F8B0EE45
:10523000007BB4EEC70BF1EE10FA46D8002D67D014
:10524000B7EE00DB4B4B079900224B4F4B480F400A
:10525000874200F06F81099959B1B7F1D46F08D82E
:10526000B4EEC8DBF1EE10FA40F2F28003F1D66141
:10527000CB1B9DED040B43EC1C2B05F00BFF9DEDB0
:10528000047BACEE007B53EC172BCDE906231A46CA
:10529000099B23B9384B13409F4200F07D8114993C
:1052A000484605F01DFC3146484605F019FC2146EC
:1052B000484605F015FC4146484605F011FCFFE65E
:1052C00000220E9201220D9240E7B6EE007B20EE06
:1052D00007DB6DBBB1EE4D7B53EC172B0799B4E7A1
:1052E0004FF0010B78BB099B002B3FF4F3AC054654
:1052F0005FE60A9B0B9F9D1A12E74FF0010B40E5FA
:105300001F49891A012202FA01F10E910D921DE73F
:10531000DDE90612002900F08480DDE9061201298A
:1053200000F06E821146B7EE00DB0022154B8CE7D1
:1053300053EC1D2BD2E70123049308F102031393CE
:1053400098F8024044E6002533E600BF9535A09466
:10535000FFFFDF3F35E5AF350000E03F9535A09416
:10536000FFFFCF3F0000C0FFFFFFDF41E80200204A
:1053700002FCFFFF0000F03F0000F07F0000E07F34
:10538000E2FBFFFF0000F0BFB3F59A7F00F3F88067
:105390001B11012BDFF8C0E240F3FD829DED067B7F
:1053A0008DED047B00277146384613F0010F00F1A4
:1053B00001004FEA630308D09DED046B91ED007B83
:1053C00026EE077B8DED047B0127012B01F10801FF
:1053D000EBD1002F40F04F83079B9849A3F1547302
:1053E00007930EEBC0009DED066B90ED007B27EE62
:1053F000067B58EC177B28F000431B0D1B058B42E6
:10540000CDE9067800F2BC80A1F580118B4240F214
:10541000A9828B4B0793002309934FF0FF33069328
:105420002EE6C2F313031146002B7FF47CAFB7EED8
:10543000007BB4EEC70BF1EE10FA00F19882B6EEE5
:10544000007B20EE07DBB1EE4D7B53EC172BFCE627
:10545000BCEECD0B10EE103A002B00F09081B8EEB0
:1054600040DB002D40F0C981B1EE4D7B53EC172B92
:10547000FCE613A8734905F05BF900283FF42AAC59
:10548000139B1B78282B00F0C7826F4B07930023D8
:1054900006937AE5CDF84C80002379E40023049349
:1054A0004BE7089A029614AB01920093674A15AB3A
:1054B00013A9484604F0B4FE10F0070604463FF472
:1054C0000AAD062E40F05E819FED5A7B0135002328
:1054D00013958DED047B089301E5DBF80010049A29
:1054E0002846FFF79DF838B10022174616461046A9
:1054F00094461546934644E4139A0499531813931B
:10550000545C302C06D1013313931C78302C00F1FD
:105510000100F8D0A4F13103082B40F2828100226F
:10552000652C1746164694463FF4DAAE15464FF002
:10553000010B29E4A1F1547107919DED06EBB0EE4A
:105540004E0B43EC1C2B05F0A5FDACEE00EB53EC31
:105550001E2BCDE9062323F000431B0D3C4ADDE959
:1055600004011B059342CDE9100140F2E880344B61
:10557000994240D0324B07934FF0FF3306938EE6AB
:10558000344B0793002206929DED067B22238DED7E
:10559000047BC9F80030A2E4BDEECD7BB8EEC77B3A
:1055A0003DEE477B002D38D1069BB3BBC2F31302FF
:1055B0009ABBB4EECB7BF1EE10FA7FF570AE9DEDA9
:1055C000067B8DED047BDDF83CA01498014648462F
:1055D00005F086FA3146484605F082FA21464846EB
:1055E00005F07EFA5946484605F07AFA41464846A3
:1055F00005F076FA73E4109B0133BBD1DDF83CA0D3
:105600001498144B0793002206929DED067B2223EB
:105610008DED047BC9F80030D8E7B4EECA7BF1EE1B
:1056200010FACCD4B4EEC97BF1EE10FA7FF737AEA6
:10563000C5E700BF00000000000000000000A07CE3
:10564000FFFFEF7FDC5400200000F8FF0410002073
:10565000FFFF9F7C0000F07FC00200203FF40EADF2
:105660005B4213F00F000AD0AC4901EBC0019DED85
:10567000065B91ED007B85EE076B8DED066B1B11D4
:105680003FF4FCAC1F2B3DDC13F0100100F0B781A0
:10569000002B40F3E9816A2109919DED067B8DED98
:1056A000047B9F490020DF0708D59DED046B91ED39
:1056B000007B26EE077B8DED047B01205B1001F162
:1056C0000801F0D1002840F0DB81099B93B1DDE9AE
:1056D0000601C1F30A53C3F16B03002B0ADD1F2B34
:1056E00040F392810020342B069040F3B2814FF0BA
:1056F0005C7307939DED067BB5EE407BF1EE10FAEF
:105700007FF4BEAC9FED837B2223C9F800308DED82
:10571000047BFFF7E4BB13990135082840F38B8025
:10572000102DDCBF07EB870703EB470700204B1C5E
:1057300013934C78FFF798BB44F61F6381E4079BF3
:1057400003F154720792A3E5C5F125039C423FF78C
:105750007EACC5F10F05714B621B03EBC20203EB7C
:10576000C50392ED006B93ED007B9DED065B27EE8C
:10577000057B27EE067B8DED047BFFF7B0BBB7EE14
:1057800000DB6EE6149A3AB1352116A805F0A0FDAB
:105790004846149905F0A4F9062E0BD8DFE806F068
:1057A000291D1813041D29006FF0004307934FF0C3
:1057B000FF33069323077FF5E8AB079B43F00043D5
:1057C0000793FFF7E2BB574B079300230693F1E7DC
:1057D000169B0693179B0793ECE7159A179B169950
:1057E000069102F2334223F4801343EA02530793F3
:1057F000E0E7002307930693DCE753EC1D2B35E528
:10580000DDE906231946002B7FF48DADDDF83CA0C1
:1058100014989FED407B2223C9F800308DED047B66
:10582000D4E6139B0A930026303C00F1010C194684
:1058300032463746012506EB860604EB4606002075
:1058400075E714F1160FFFF602AC344BA3EBC4045A
:1058500094ED007B9DED065B85EE076B8DED046B93
:10586000FFF73DBBDDF83CA0CBE6DDF83CA09DBBDF
:10587000DDE9061281BBC2F31303174663BB22F0B6
:1058800000431B0D1B05B3F1D66F25D9D8F8143092
:105890001BB9D8F81030012B1EDD414601224846C5
:1058A00005F0F4FA2146804605F048FB002813DD98
:1058B000099B002B40F0C2801A4B3B40A3F580139C
:1058C0006FEA13536FEA035307934FF0FF330693C6
:1058D0009DED067B8DED047B099BBBB1124B1193B3
:1058E000002310939DED047B9DED106B27EE067B4E
:1058F0008DED047BDDE90423CDE9062333B9069B56
:1059000023B922231498C9F800305FE614985DE6A5
:10591000AFF300800000000000000000E80200205B
:10592000F00300200000F07F00005039DDF83CA0BB
:1059300015B3079A564BC2F3130199422DD00E9B13
:1059400023B3079A1342C7D0DDE90601099A002D57
:1059500043D0FFF755F99DED047B37EE007B8DEDCD
:10596000047BB9E708F154730793FFF787BB002264
:10597000484BB6EE00DB68E4DDE90612C2F3130320
:105980001746002BDBD10029D9D191E70D9B069A50
:105990001342A1D0D8E700201EE5099B06995BB30E
:1059A0003D4B1340B3F1D46F26D81B0DC3F16B03ED
:1059B0004FF0FF3000FA03F38B42C0D137498A42DF
:1059C0004FD0354B134003F5801307930023069304
:1059D0009DED067B8DED047B7EE7FFF711F99DEDD4
:1059E000047B37EE407BB5EE407BF1EE10FA8DED97
:1059F000047B3FF40DAF6FE74FF0FF33DCE7002B84
:105A000009913FF74AAE75E64FF0FF3101FA03F313
:105A10000699194006916DE613A816AA204904F0CC
:105A20009FFE05287FF431AD179B43F0FF4343F4FD
:105A3000E0030793169B0693FFF7A7BA164B3B406C
:105A4000B3F1D66F3FF73AAFB3F15C7F3FF746AFA4
:105A5000DEE6203B4FF0FF3000FA03F30B400793E4
:105A600048E60133ADD1CBE56A2309932FE62846FA
:105A70001399013551E6DDE90478CDE90678ABE408
:105A8000DDE90401CDE906011FE6084613994EE65B
:105A9000FFFF0F000000E0BF0000F07FFFFFEF7F7F
:105AA00018100020064B30B41C68064D636B0A4684
:105AB000002B08BF2B460146204630BCFFF7BAB882
:105AC0004C670020D06100202DE9F84FDDF82890C8
:105AD0000F46804616461D468B4600E0A3465C46B0
:105AE000484614F801ABFDF737FC5044417801F00B
:105AF000080101F0FF0C0029F0D152462D2A61D097
:105B00002B2A04BF9BF801200BF10204002D43D087
:105B1000102D65D0A946BCF1000F0CBF6FF0004AF4
:105B20004FF0004A0021BAFBF9FE084609FB1EAA05
:105B300005E029D009FB0030012114F8012BA2F166
:105B40003003092B05D9A2F14103192B0AD8A2F180
:105B500037039D420EDD4A1CEFD08645E9D24FF057
:105B6000FF31EAE7A2F16103192B03D8A2F1570331
:105B70009D42F0DC4B1C15D0BCF1000F10D14EB192
:105B8000E1B93760BDE8F88F9A45D3DA70464FF037
:105B9000FF31D2E7BDE8F88F302A1AD00A25B9E7DD
:105BA0004042ECE7BCF1000F4FF022030CBF6FF056
:105BB00000404FF00040C8F80030F6B1671E376073
:105BC000BDE8F88F0BF102049BF801204FF0010CA7
:105BD0009CE7237803F0DF03582B08D0082599E7CA
:105BE000302A97D1237803F0DF03582B92D14FF05E
:105BF000100962784D4602348DE7BDE8F88F00BF8A
:105C000030B5084C084B25686C6B83B0002C08BF7E
:105C10001C46009413460A4601462846FFF754FFE7
:105C200003B030BD4C670020D06100202DE9F04F5B
:105C30002DED068BB9B00C46039192460993059061
:105C400004F050FE036810931846FEF77BFCA3890E
:105C50000F90190603D52369002B01F07D800023E6
:105C60009FEDA48B9FEDA59B0D931D931C9311930A
:105C7000069328AB1B9399469AF800305446EBB133
:105C8000252B02D11AE0252B03D014F8013F002B5D
:105C9000F9D1CAEB04058DB11C9B1D9AC9F800A06F
:105CA00001332A44072BC9F804501D921C9300F3BA
:105CB000A38009F10809069B2B4406932378002B47
:105CC00000F0A38000231A468DF84F301946079341
:105CD0009B464FF0FF38637804F1010A45460AF10C
:105CE000010AA3F12000582800F2F883DFE810F041
:105CF0006303F603F6036B03F603F603F603F603FA
:105D0000F603F60370037E03F6035D00DF00F6037F
:105D1000FB000C010C010C010C010C010C010C012D
:105D20000C010C01F603F603F603F603F603F60383
:105D3000F603F603F603F6031C015E01F6035E01AB
:105D4000F603F603F603F603A102F603F603A60232
:105D5000F603F603F603F603F603D802F603F6039A
:105D60000503F603F603F603F603F603F603F6035C
:105D7000F603F603F603430356035E015E015E017C
:105D80005E035603F603F603A403F603B103A20071
:105D90006200C303F603C803F6038303F603F603A6
:105DA0008B0307980993404207904BF0040B9AF835
:105DB000003094E7A84609980021302378228845CE
:105DC0008DF8503004688DF8512000F104074FF031
:105DD00000058DF84F104BF00203C0F29C832BF0AE
:105DE000800343F0020B54EA0503099700F069832E
:105DF0000F460C924348AEE21BAA0399059805F0A2
:105E000021FB48B90DF1A00955E71D9B23B1059869
:105E100003991BAA05F016FB039B9B8913F0400F07
:105E2000069B18BF4FF0FF33184639B0BDEC068B08
:105E3000BDE8F08F0C93A846002A41F09A811BF030
:105E4000200300F00682099F073727F00703002789
:105E500003F10802B8450992D3E900458DF84F7067
:105E6000C0F25E8654EA05032BF0800B00F04B83F2
:105E700028AEE20842EA4572E90804F007030D463D
:105E80001446303354EA050206F8013DF1D11BF007
:105E9000010F00F02782302B00F024823022731E85
:105EA00006F8012C28AAD21A08921E461DE29AF87A
:105EB00000302A2B0AF1010401F02F81A3F13000F8
:105EC000092898BF002501F2D58014F8013B05EBA5
:105ED000850500EB4505A3F130000928F5D945EA11
:105EE000E575A246FDE64BF0800B9AF80030F6E629
:105EF000AFF300800000000000000000FFFFFFFF84
:105F0000FFFFEF7FE8540020A3F1300000231C4680
:105F10001AF8013B04EB840400EB4404A3F13000C5
:105F20000928F5D90794DCE60C93A846002A41F02D
:105F30002C814BF0100B1BF0200F00F00385099F04
:105F4000073727F00707D7E9002307F10801099170
:105F500014461D46002A73F10003C0F23785B8F1DC
:105F6000000F9DF84F70C0F2B58154EA05032BF085
:105F7000800B00F0F683002D08BF0A2CC0F0AE8124
:105F800028AE204629460A220023FCF785FF30323E
:105F900006F8012D2046294600230A22FCF77CFF43
:105FA00004460D4654EA0503EBD19BE10C93A84649
:105FB000002A41F0E680099F1BF0080F07F1070750
:105FC00000F0408627F0070393ED008B03F10802F1
:105FD0000992B0EEC87BB4EE497BF1EE10FA40F3C3
:105FE000BC85B5EEC08BF1EE10FA00F1CA879DF8C2
:105FF0004F70A74EA74B0C9903224FF00008049254
:106000002BF0800B4729D8BF1E460892CDF8388068
:1060100017B1049B013304931BF002030A9302D0CF
:10602000049B023304931BF084030B9340F08082A3
:10603000079B049A9C1A002C40F37A82102C1D991D
:106040001C9A954F23DD48461025C146B046059E53
:1060500004E0103C102C00F1080015DD0132103175
:10606000072A1D911C9207604560F2DD1BAA039967
:10607000304605F0E7F900287FF4CEAE103C102C36
:106080001D991C9A28A8E9DC4646C846814601327B
:106090006318072A1D931C92C9F80070C9F80440C0
:1060A00000F3E2839DF84F7009F1080977B11C9A5B
:1060B000013201330DF14F000121072A1D931C927B
:1060C00089E8030000F35F8309F108090A9A6AB1BD
:1060D0001C9A0132023314A80221072A1D931C9234
:1060E00089E8030000F35B8309F108090B9A802A11
:1060F00000F07E82089AC2EB0804002C34DD102CDC
:106100001C9A664F23DD49464FF01008B146059DA5
:10611000039E04E0103C102C01F1080115DD013252
:106120001033072A1D931C9281E88001F2DD1BAA1F
:106130003146284605F086F900287FF46DAE103C04
:10614000102C1D9B1C9A28A9E9DC4E468946013279
:106150002344072A1D931C92C9F80070C9F8044013
:1061600000F3058309F108091BF4807F40F0E28108
:106170001C9A0898C9F8006001320344072A1D934D
:10618000C9F804001C9200F3C28209F108091BF04F
:10619000040F3ED0079A0499541A002C39DD102CB4
:1061A0001C9A3D4F22DD1025059EDDF80C8004E091
:1061B000103C102C09F1080918DD01321033072AB0
:1061C0001D931C92C9F80070C9F80450F0DD1BAA99
:1061D0004146304605F036F900287FF41DAE103CEC
:1061E000102C1D9B1C9A0DF1A009E6DC0132234402
:1061F000072A1D931C92C9F80070C9F8044008DDF5
:106200001BAA0399059805F01DF900287FF404AE38
:106210001D9B069A079904988142ACBF5218121828
:106220000692002B40F07F8200231C930DF1A00901
:1062300022E54BF0080B9AF8003050E50C93A84685
:10624000002A40F09A874BF0100B1BF020037FF4DC
:10625000FAAD1BF0100240F091831BF0400300F0F8
:106260008D8309998DF84F200B46B8F1000F03F18B
:1062700004030C884FF00005C0F2AB8554EA050119
:106280002BF0800B099300F03E811746F0E500BF2C
:10629000B8540020E05400208C0B0020B0560020A1
:1062A0000C93A846002A40F059874BF0100B1BF0C6
:1062B000200300F0E782099F073727F00703002734
:1062C00003F10802B8450992D3E900458DF84F70F3
:1062D000BFF64BAE54EA05037FF44DAE38AE303412
:1062E00006F8414D28AB9B1B0893089B4345B8BF5C
:1062F0004346049300230E938AE60C93A846002A93
:1063000040F028871BF0200FC24800F08680099FCC
:10631000073727F00703D3E9004503F10802099284
:106320001BF0010700F0478254EA050300F0A38444
:10633000002730239DF830208DF85030B8458DF877
:1063400051208DF84F704BF00203C0F217862BF0EE
:10635000800343F0020B28AE230904F00F0143EA47
:1063600005732A091C461546435C06F8013D54EAAC
:106370000503F1D1B6E709990C930A688DF87820E6
:1063800000230A461F468DF84F3004320123049340
:10639000B8460E97099208931EAE3DE60C93A846A8
:1063A000002A3FF4C8AD8DF84F10C4E54BF0400B08
:1063B0009AF8003093E49AF8003000297FF48FAC0B
:1063C000012220218BE44BF0010B9AF8003086E487
:1063D000099C2368079318460028234603F1040309
:1063E000FFF6DFAC09939AF8003078E49AF80030B1
:1063F00001222B2173E40C93A846002A3FF457AFE7
:106400008DF84F1053E70C93A846002A40F0AA8657
:106410001BF0200F80487FF47AAF099A1BF0100F11
:10642000134640F0C1821BF0400F00F0BD820433E0
:1064300014880993002573E79AF800306C2B03BF8A
:106440009AF801304BF0200B0AF1010A4BF0100BC7
:1064500045E4002A40F06F861BF0200F00F06683B1
:10646000099A06991368CD170846043229460992FD
:10647000C3E9000100E44BF0200B9AF800302EE451
:10648000099A0C93166800248DF84F40171D002EB2
:1064900000F06585002DC0F2A2842A4621463046D0
:1064A00004F0A8FA002800F0CC85831B0893A046CE
:1064B00023EAE37309970493CDF838809DF84F7071
:1064C000A6E555480C92B8F1000F40F0848147468C
:1064D0004FF00008CDF8208028AE06E70C93002A84
:1064E00040F02D860C9A002A3FF48FAC0023012146
:1064F0001F4604918DF878208DF84F3098460E9302
:1065000008911EAE88E5B8F1000F00F08B850027DA
:1065100000240025ACE440480C929B4654EA050355
:1065200009974FF000077FF416AF0024002512E70B
:106530001D9BBBE50C9A652A40F3A180B5EE408B0C
:10654000F1EE10FA40F049811C9A3449C9F8001064
:10655000013201330121072A1D931C92C9F804104E
:1065600000F3928309F10809159A0D998A4203DB19
:106570001BF0010F3FF40BAE1C9A0F981099C9F84D
:10658000001001320344072A1D93C9F804001C922D
:1065900000F3D68309F108090D9A541E002C7FF7E9
:1065A000F6AD102C1C9A1E4F40F3DC811025059E81
:1065B000DDF80C8005E009F10809103C102C40F3CF
:1065C000D18101321033072A1D931C92C9F8007043
:1065D000C9F80450EFDD1BAA4146304604F032FFF3
:1065E00000287FF419AC1D9B1C9A0DF1A009E4E76B
:1065F000079A0499541A002C7FF77CAD102C1C9A32
:10660000074F2EDD49461025C1461846B046059E67
:106610000DE000BF441C0020E8540020BC540020C2
:10662000B0560020103C102C01F1080115DD01329C
:106630001030072A1D901C920F604D60F2DD1BAADE
:106640000399304604F0FEFE00287FF4E5AB103CD1
:10665000102C1D981C9A28A9E9DC46460346C8461A
:10666000894601322344072A1D931C92C9F8007001
:10667000C9F8044000F3468209F108093AE50D9A89
:10668000C9F80060012A1C9A03F1010302F101021A
:106690004FF001011D931C92C9F8041040F31082C1
:1066A000072A00F3158209F108090F981099C9F813
:1066B000001001320344072A1D931C92C9F80400FC
:1066C00000F3138209F10809B5EE408BF1EE10FAE0
:1066D0000D9900F0F5800139013201360B44072A8B
:1066E000C9F800601C921D93C9F8041000F31D81C5
:1066F00009F108091198C9F804000132034417A9E7
:10670000072A1D931C92C9F800107FF73EAD1BAA03
:106710000399059804F096FE00287FF47DAB1D9B3D
:106720000DF1A00933E51BAA0399059804F08AFE30
:1067300000283FF479ADFFF76FBB0999B8F1000F5E
:106740000C688DF84F3001F104074FF00005C0F2DE
:10675000718354EA050209972BF0800B1F467FF4E2
:106760000AACB8F1000F3FF4B3AE0024B6E51BAAA3
:106770000399059804F066FE00287FF44DAB1D9B3D
:106780000DF1A009F0E41BAA0399059804F05AFE44
:1067900000287FF441AB1D9B0DF1A00996E41BAAD4
:1067A0000399059804F04EFE00287FF435AB1D9B3D
:1067B0000DF1A0099AE4B8F1000F8DF84F70C0F206
:1067C0006F8254EA05032BF0800B7FF4C4ADB8F15F
:1067D000000F3FF47CAE0027A7E6159C002C40F389
:1067E00061820E9A0D998A42A8BF0A46002A144671
:1067F0000DDD1C9AC9F8006001322344072A1D935D
:10680000C9F804401C9200F3728309F108090E9A3A
:10681000002CA8BF121B002A144640F3F180102C54
:106820001C9AC14F40F3198249461025B146DDF844
:106830001480039E04E00831103C102C40F30B82BE
:1068400001321033072A1D931C920F604D60F2DD58
:106850001BAA3146404604F0F5FD00287FF4DCAA6F
:106860001D9B1C9A28A9E7E71BAA0399059804F029
:10687000E9FD00287FF4D0AA9DF84F701D9B0DF113
:10688000A00913E41BF010027FF457AF1BF0400384
:106890003FF453AF09998DF84F200B46B8F1000F24
:1068A00003F104030C884FF00005C0F2948254EA0F
:1068B00005012BF0800B099317467FF45CAB50E782
:1068C0004C1E002C7FF716AF102C974F22DD1025A1
:1068D000059EDDF80C8004E0103C102C09F108093D
:1068E00018DD01321033072A1D931C92C9F800707D
:1068F000C9F80450F0DD1BAA4146304604F0A2FD61
:1069000000287FF489AA103C102C1D9B1C9A0DF1C5
:10691000A009E6DC01322344072A1D931C92C9F822
:106920000070C9F804407FF7E3AE1BAA03990598ED
:1069300004F088FD00287FF46FAA1D9B1C9A0DF1BE
:10694000A009D7E61BF0100F33D11BF0400F30D059
:106950000999B1F900400431E51722462B46099107
:10696000FFF7F8BA01322344072A1D931C92C9F895
:106970000070C9F804407FF708ACC8E60999B8F17F
:10698000000F0C688DF84F3001F104074FF000053F
:10699000C0F2C58054EA05022BF0800B09973FF442
:1069A000B2AD1F46FFF764BA1C6804330993002593
:1069B000B6E4099A146813460433E517224609938E
:1069C000002A2B4673F10003BFF6C9AA64424FF0B8
:1069D0002D0765EB4505B8F1000F8DF84F70FFF6F8
:1069E000CAAA2BF0800BFFF7C6BA1BAA0399059819
:1069F00004F028FD00287FF40FAA1D9B0DF1A009CB
:106A00000E99159A31440D460D998A4247DB1BF0C9
:106A1000010F44D10D980644741B821A9442A8BFFA
:106A20001446002C26460DDD1C99C9F80050013192
:106A3000234407291D93C9F804401C9100F3808268
:106A400009F10809002EACBF941B1446002C7FF7F7
:106A50009EAB102C1C9A344F84DD1025059EDDF86A
:106A60000C8005E009F10809103C102C7FF77AAF83
:106A700001321033072A1D931C92C9F80070C9F81F
:106A80000450EFDD1BAA4146304604F0DBFC002831
:106A90007FF4C2A91D9B1C9A0DF1A009E4E71C9983
:106AA0000F9C1098C9F800000131234407291D9359
:106AB000C9F804401C9100F3268209F10809A9E7EE
:106AC0001BF0010F7FF4ECAD072A7FF711AE2CE726
:106AD0001BAA0399059804F0B5FC00287FF49CA933
:106AE0001D9B1C9A0DF1A009DFE51BAA03990598CF
:106AF00004F0A8FC00287FF48FA91D9B1C9A0DF1BF
:106B0000A009E1E51BAA0399059804F09BFC002865
:106B10007FF482A91D9B0DF1A009FFF7EBBA09973D
:106B20000027FFF7A5B900BFB05600201BF0100FDB
:106B30000BD11BF0400F08D0099A13680432099258
:106B4000BDF818201A80FFF797B8099A1368043225
:106B50000992069A1A60FFF78FB8B4EE488BF1EEEF
:106B600010FA80F19E820C9BB8F1FF3F23F02005C4
:106B700000F02582472D00F026814BF480730A93A4
:106B800018EE903A002BC0F21D82B0EE48AB002701
:106B90000C9B662B00F00282462B00F0EC80B0EEDE
:106BA0004A0B452D0CBF08F10104444619AA16AB47
:106BB00001920093224615AB0221059802F00EF8CF
:106BC0000C9B672B064640F00E821BF0010F00F075
:106BD00066823119B5EE40ABF1EE10FA00F0858116
:106BE000199B994206D930205A1C19921870199B8A
:106BF0009942F9D89B1B472D0D9300F01F810C9BE8
:106C0000652B40F3FF810C9B662B159B00F0FC81EC
:106C10000E930E9A0D998A42C0F2D8811BF0010F93
:106C200040F0348222EAE273089267220C92002F2D
:106C300040F0F680B8460493DDF828B09DF84F7018
:106C4000FFF7E6B927F0070707F1080397ED008B78
:106C50000993FFF7BEB94E46894601322344072AFD
:106C60001D931C92C9F80070C9F804403FF7BDAEEF
:106C700009F10809C4E60027B8458DF84F70FFF602
:106C800054AC2BF0800B1EE41BAA0399059804F06A
:106C9000D9FB00287FF4C0A81D9B0DF1A00963E477
:106CA000099F3BE41C9AB949C9F80010013201332D
:106CB0000121072A1D931C92C9F8041076DC09F102
:106CC00008092CB90D9A1AB91BF0010F3FF45FAAFD
:106CD0001C9A0F981099C9F8001001320344072A32
:106CE0001D93C9F804001C9200F3B68109F108094C
:106CF0006442002C40F38780102CA54F40F3128192
:106D000049461025B146DDF81480039E04E00831A1
:106D1000103C102C40F3048101321033072A1D93DC
:106D20001C920F604D60F2DD1BAA3146404604F014
:106D300089FB00287FF470A81D9B1C9A28A9E7E70F
:106D40001BAA0399059804F07DFB00287FF464A832
:106D50001D9B0DF1A0091FE440210598FCF71AFBCB
:106D6000039A10601061002800F0ED81039A40231F
:106D70005361FEF774BF19AA16AB01920093424605
:106D800015AB0321B0EE4A0B059801F027FF4446EE
:106D900006460C9B462B06EB04017FF41BAF3378B1
:106DA000302B00F08D81159C214413E71BAA039919
:106DB000059804F047FB00287FF42EA8159C1D9B26
:106DC0000DF1A0097DE7B8F1000F08BF4FF00108F1
:106DD000D3E60993A4E609931746FFF77BBA30463A
:106DE000FDF7B0FBA04603460890FFF761BB1BAA66
:106DF0000399059804F026FB00287FF40DA81D9B3D
:106E00001C9A0DF1A0090D98C9F8006001320344E5
:106E1000072A1D931C92C9F804007FF7B6A976E4EF
:106E20002D270493DDF828B08DF84F704FF000083F
:106E3000FFF7EFB809971F46FFF74CBA159BDA1C0E
:106E400002DB9845BFF6E4AE0C9A023A0C92013B85
:106E5000002B9DF830201593B8BF5B428DF85C2065
:106E6000B4BF2D222B22092B8DF85D2040F3068123
:106E70000DF16B000446474A82FB0321DA17C2EB8F
:106E8000A10202EB8201A3EB410303F13001092AC5
:106E9000134604F8011DEEDC21463033DAB201F866
:106EA000012D884240F262810DF15E01234601E02E
:106EB00013F8012B01F8012B9842F9D1431C1B1B3D
:106EC0000DF15E02134417AA9B1A0D9A1193012A21
:106ED0001344089340F3FF80089B0F9A1344002249
:106EE00008930E9223EAE373A1E60B4682E61BAAFF
:106EF0000399059804F0A6FA00287EF48DAF1D9B37
:106F00000DF1A00983E41BAA0399059804F09AFAED
:106F100000287EF481AF159A1D9B0DF1A00979E53B
:106F20004E46894601322344072A1D931C92C9F814
:106F30000070C9F804403FF75AAF09F1080962E749
:106F40001BAA0399059804F07DFA00287EF464AF2B
:106F5000159A0D991D9B8A1A0DF1A00972E5062D4F
:106F60002B4628BF0623089323EAE373B04609970C
:106F70000E9637460493084EFFF74AB89B46FFF734
:106F8000EAB92D278DF84F70FFF733B8BC540020B5
:106F9000B056002067666666FC54002019AA16AB3E
:106FA00001920093032115AB4246B0EE4A0B0598BF
:106FB00001F014FE4446064600EB0801EFE64FF0F0
:106FC0000608DAE5B1EE48AB2D27E1E50F9A0D9BF7
:106FD00013440E9A0893002A40F38680672223EA1E
:106FE000E3730C9223E60C9B472B7FF4F2AD1BF06E
:106FF000010F7FF4CEAE199B472DA3EB06030D9333
:107000003FF41CAF159B22E7002B1A460E9373DD4D
:10701000B8F1000F4BD11BF0010F48D123EAE37305
:10702000089204E61BF0010F474605D038AE302326
:1070300006F8413DFFF756B9CDF8208028AEFFF79E
:1070400054B925EAE57309970493089580460E9094
:107050009DF84F70FEF7DCBF1BAA0399059804F05A
:10706000F1F900287EF4D8AE159C1D9B1C9A0DF1F9
:10707000A0093DE6A2460025FEF733BE303330229C
:107080008DF85F308DF85E2018AB1CE70F9A0E9BD1
:107090001344672208930C9223EAE373C7E5199B14
:1070A000A8E53C4E3C4B9DF84F70FEF7A4BF0E9BED
:1070B0000F9A9D1805EB0803089323EAE373B6E5DE
:1070C000B5EE40ABF1EE10FA3FF46DAEC4F1010441
:1070D000159421447EE51BF001037FF4FDAE0E9371
:1070E000089B23EAE373A2E50E9B089AC3F1010310
:1070F0001A441346089271E7B8F1000F02D11BF051
:10710000010F07D00F9B5D1C05EB0803089323EAD2
:10711000E3738CE50123089389E509989AF8013017
:1071200005680430002D0990A246BEF6D8AD4FF098
:10713000FF35FEF7D4BD8DF84F10FFF78DB98DF8F0
:107140004F10FFF7CFB9059A0C2313604FF0FF30B3
:10715000FEF76BBE8DF84F10FFF7D4B88DF84F10C7
:10716000FFF7A3B88DF84F10FFF752B90DF15E038A
:10717000A9E68DF84F10FEF762BE8DF84F10FFF7AD
:1071800062B88DF84F10FEF716BF8DF84F10FEF75E
:10719000D0BE00BFB0540020E4540020F0B5DFF8AA
:1071A00078E0164604460F46BEE80F008BB06D46E9
:1071B0000FC5BEE80F000FC59EE80300B31E45F8DB
:1071C000040B222B297022D87D1E2846002200E0C5
:1071D0001A46B4FBF6F10AAB06FB114423440C46F5
:1071E00013F8283C00F8013F531C0029F0D1F95452
:1071F000BB184AB1197815F8010F29700134111B19
:107200008C4203F80109F5DB38460BB0F0BD0020D5
:1072100038700BB0F0BD00BF045500202DE9F04FD1
:107220002DED068BB9B01C468A46164605460590DC
:1072300003F058FB036810931846FDF783F909948F
:107240000F901DB1AB6B002B00F02781BAF90C2019
:1072500093B29F040AD4DAF8641042F4005321F484
:107260000051AAF80C30CAF864109BB21D0740F117
:10727000DB80DAF81020002A00F0D68003F01A0331
:107280000A2B00F0DF8000239FEDA68B9FEDA79BCC
:107290000D931D931C931193069328AB1B93994652
:1072A000B3469BF800305C46EBB1252B02D11AE0C7
:1072B000252B03D014F8013F002BF9D1CBEB0405AB
:1072C0008DB11C9B1D9AC9F800B001332A44072BCD
:1072D000C9F804501D921C9300F3C48009F10809F9
:1072E000069B2B4406932378002B00F0C4800023D8
:1072F0001A468DF84F301946079303934FF0FF3825
:10730000637804F1010B45460BF1010BA3F120005A
:10731000582800F23A84DFE810F0F003380438040B
:10732000F9033804380438043804380438045C039A
:107330002A0438045D000F0138042B016A036A0334
:107340006A036A036A036A036A036A036A03380406
:10735000380438043804380438043804380438044D
:1073600038047A0397033804970338043804380440
:107370003804CC03380438043201380438043804A3
:10738000380438045B0138043804AE023804380489
:10739000380438043804380438043804380438040D
:1073A000EF0202039703970397033903020338049C
:1073B0003804400338044A03C4006400010438045C
:1073C00009043804D30338043804DB03079809930D
:1073D00040420790039B43F0040303939BF8003063
:1073E00092E70998A846002104688DF84F10071D00
:1073F00003983023782288458DF850304FF00005EF
:107400008DF8512040F00203C0F2DC8320F08003AD
:1074100043F00203039354EA0503099700F0AD8398
:107420000F460C92434857E25146059801F08CFAFA
:10743000002840F0EB87BAF80C3003F01A030A2B4F
:107440007FF421AFBAF90E30002BFFF61CAF2346B4
:1074500032465146059801F01DFA39B0BDEC068B55
:10746000BDE8F08F1BAA5146059804F0A7F848B96B
:107470000DF1A00934E71D9B23B105981BAA5146C5
:1074800004F09CF8BAF80C30590600F1BF87069852
:1074900039B0BDEC068BBDE8F08F059802F080FB9B
:1074A000D4E60C93A846002A41F0CC81039A12F04E
:1074B000200371D0099F073727F00703002703F146
:1074C0000801B8450991D3E900458DF84F70C0F225
:1074D000168722F08003039354EA050300F06A83C1
:1074E00028AEE20842EA4572E90804F007030D46B7
:1074F0001446303354EA050206F8013DF1D1039AEF
:10750000D40740F1A380302B00F0A0803022731EFE
:1075100006F8012C28AAD21A08921E4699E000BF4C
:10752000AFF300800000000000000000FFFFFFFF3D
:10753000FFFFEF7FE85400209BF800302A2B0BF16F
:10754000010401F05881A3F13000092898BF0025FB
:1075500001F2FB8014F8013B05EB850500EB4505C6
:10756000A3F130000928F5D945EAE575A346CDE633
:10757000039B43F0800303939BF80030C4E60C9315
:10758000A846002A41F07581039B43F01003039342
:10759000039A12F020038DD1039911F0100200F02C
:1075A000838609988DF84F30B8F1000F046800F118
:1075B00004074FF00005C0F2A1860A4622F08002BF
:1075C000039254EA0502099700F0F4821F4687E708
:1075D0000C93A846002A41F04481039B43F010031A
:1075E0000393039A12F0200300F0B584099F073734
:1075F00027F00703002703F10801B8450991D3E9F3
:1076000000458DF84F70C0F2DF8422F080030393B1
:1076100054EA050300F0A981002D08BF0A2CC0F030
:10762000D78428AE204629460A220023FBF734FCE3
:10763000303206F8012D2046294600230A22FBF7A6
:107640002BFC04460D4654EA0503EBD128AB9B1BEB
:107650000893089B4345B8BF4346049300230E9309
:1076600017B1049B01330493039B13F002030A93A5
:1076700002D0049B02330493039B13F084030B9307
:1076800040F0AD82079B049A9C1A002C40F3A7821D
:10769000102C1D991C9ABA4F21DD4B461025B1467E
:1076A000059E04E0103C102C03F1080315DD0132A7
:1076B0001031072A1D911C921F605D60F2DD1BAA2C
:1076C0005146304603F07AFF00287FF4DBAE103CD1
:1076D000102C1D991C9A28ABE9DC4E4699460132C4
:1076E0006318072A1D931C92C9F80070C9F804405A
:1076F00000F3F2839DF84F7009F1080977B11C9AE5
:10770000013201330DF14F000121072A1D931C9214
:1077100089E8030000F36D8309F108090A9A6AB148
:107720001C9A0132023314A80221072A1D931C92CD
:1077300089E8030000F3698309F108090B9A802A9C
:1077400000F0AB82089AC2EB0804002C30DD102C4C
:107750001C9A8C4F1FDD4FF01008059D04E0103C73
:10776000102C09F1080916DD01321033072A1D9388
:107770001C9289E88001F2DD1BAA5146284603F0DD
:107780001DFF00287FF47EAE103C102C1D9B1C9A20
:107790000DF1A009E8DC01322344072A1D931C9255
:1077A000C9F80070C9F8044000F3178309F108090B
:1077B000039AD00500F115821C9A0898C9F8006058
:1077C00001320344072A1D93C9F804001C9200F3F8
:1077D000EE8209F10809039A50073CD5079A0499EB
:1077E000541A002C37DD102C1C9A654F20DD102513
:1077F000059E04E0103C102C09F1080918DD013247
:107800001033072A1D931C92C9F80070C9F8045060
:10781000F0DD1BAA5146304603F0D0FE00287FF46D
:1078200031AE103C102C1D9B1C9A0DF1A009E6DC1A
:1078300001322344072A1D931C92C9F80070C9F82D
:10784000044008DD1BAA5146059803F0B7FE002846
:107850007FF418AE1D9B069A079904988142ACBF2D
:10786000521812180692002B40F0AD8200231C9390
:107870000DF1A00915E50C93A846002A40F0ED870C
:10788000039B41489E0640F12D81099F073727F051
:107890000703D3E9004503F108020992039A12F0A5
:1078A000010700F0BE8254EA050300F046859DF80A
:1078B00030208DF851200027039A8DF84F70302327
:1078C000B8458DF8503042F00203C0F2EC8622F049
:1078D000800343F00203039328AE230904F00F0151
:1078E00043EA05732A091C461546435C06F8013D28
:1078F00054EA0503F1D1A9E609990C930A688DF8B9
:10790000782000230A461F468DF84F3004320123A9
:107910000493B8460E97099208931EAEA4E60C9302
:10792000A846002A40F0A187039B9C067BD5099FAF
:10793000073727F00707D7E9002307F10801099166
:1079400014461D46002A73F10003C0F20284B8F108
:10795000000F9DF84F70C0F23783039B23F0800324
:10796000039354EA05037FF457AEB8F1000F40F0DB
:10797000D5834FF00008CDF8208028AE69E600BF1F
:107980009C0B0020C0560020441C0020039B43F0A9
:10799000400303939BF80030B6E49BF800306C2B57
:1079A00000F08485039840F010000390ACE4002AB6
:1079B00040F04087039B9A0640F15D84099A06993E
:1079C0001368CD170846043229460992C3E900011D
:1079D00067E4099C2368079318460028234603F1AF
:1079E0000403FFF6F3AC09939BF800308CE4A3F199
:1079F000300000231C461BF8013B04EB840400EB21
:107A00004404A3F130000928F5D907947EE40C93CF
:107A1000A846002A40F01D87039B43F01003039300
:107A2000039B9C0683D4039BD80600F16382039BCF
:107A3000590640F15F820999B1F900400431E51718
:107A400022462B4609917DE70C93A846002A40F078
:107A50001887039B099F1A0707F1070740F1028463
:107A600027F0070393ED008B03F108020992B0EEB3
:107A7000C87BB4EE497BF1EE10FA40F37D83B5EE9E
:107A8000C08BF1EE10FA00F111869DF84F70A04EF8
:107A9000A04B039921F0800103910C9903224FF030
:107AA000000804924729D8BF1E460892CDF83880B6
:107AB000D6E5039B43F0080303939BF8003023E4CF
:107AC0000C93A846002A3FF48CAD8DF84F1088E542
:107AD0000C93A846002A40F0D086039B8E489E0651
:107AE0003FF5D3AE039BDD0640F10C84099A1346A3
:107AF0000433146809930025D0E69BF80030002970
:107B00007FF402AC01222021FFF7FEBB039B43F070
:107B1000010303939BF80030FFF7F6BB039B43F090
:107B2000200303939BF80030FFF7EEBB099A0C93F8
:107B3000166800248DF84F40171D002E00F0788540
:107B4000002DC0F2CA842A462146304602F052FF78
:107B5000002800F0CF85831B0893A04623EAE37337
:107B600009970493CDF838809DF84F7078E59BF81D
:107B7000003001222B21FFF7C7BB67480C92B8F1F8
:107B8000000F40F05F814746F3E60C93002A40F077
:107B900055860C9A002A3FF46EAC002301211F4643
:107BA00004918DF878208DF84F3098460E93089107
:107BB0001EAE59E5B8F1000F00F0A785002700249C
:107BC00000258DE4544803930C9254EA0503099769
:107BD0004FF000077FF480AE002400257CE61D9B5B
:107BE0008CE50C9A652A40F39D80B5EE408BF1EE52
:107BF00010FA40F029811C9A4849C9F80010013256
:107C000001330121072A1D931C92C9F8041000F3C7
:107C10009F8309F10809159A0D998A4203DB039A9B
:107C2000D1077FF5D8AD1C9A0F981099C9F80010AC
:107C300001320344072A1D93C9F804001C9200F383
:107C40003F8409F108090D9A541E002C7FF7C3AD3B
:107C5000102C1C9A324F40F398811025059E05E0A8
:107C600009F10809103C102C40F38F8101321033C8
:107C7000072A1D931C92C9F80070C9F80450EFDD63
:107C80001BAA5146304603F099FC00287FF4FAAB5A
:107C90001D9B1C9A0DF1A009E4E7079A0499541A58
:107CA000002C7FF74FAD102C1C9A1D4F21DD49464B
:107CB0001025B146059E04E0103C102C01F108018E
:107CC00015DD01321033072A1D931C920F604D60A1
:107CD000F2DD1BAA5146304603F070FC00287FF409
:107CE000D1AB103C102C1D9B1C9A28A9E9DC4E46F8
:107CF000894601322344072A1D931C92C9F800705B
:107D0000C9F8044000F3188209F108091AE500BF18
:107D1000B8540020E0540020E8540020BC54002057
:107D2000C05600200D9A012A40F3C0811C9AC9F860
:107D30000060013201330121072A1D931C92C9F80A
:107D4000041000F3D18109F108090F981099C9F8BE
:107D5000001001320344072A1D931C92C9F8040045
:107D600000F3CF8109F10809B5EE408BF1EE10FA6E
:107D70000D9900F0C8800139013201360B44072A01
:107D80001C921D93C9F80060C9F8041000F39F818C
:107D900009F108091198C9F804000132034417A930
:107DA000072A1D931C92C9F800107FF712AD1BAA79
:107DB0005146059803F002FC00287FF463AB1D9B3D
:107DC0000DF1A00907E51BAA5146059803F0F6FB43
:107DD00000283FF44BADFFF755BB1BAA5146059851
:107DE00003F0ECFB00287FF44DAB1D9B0DF1A009C7
:107DF000DEE41BAA5146059803F0E0FB00287FF45F
:107E000041AB1D9B0DF1A00988E41BAA51460598C2
:107E100003F0D4FB00287FF435AB1D9B0DF1A009C6
:107E20008CE4B8F1000F8DF84F70C0F2EC8222F0B4
:107E30008003039354EA05037FF44EADB8F1000FBD
:107E40003FF4A1AE0027C7E6159C002C40F38C82BE
:107E50000E9A0D998A42A8BF0A46002A14460DDDE3
:107E60001C9AC9F8006001322344072A1D93C9F8FF
:107E700004401C9200F3658309F108090E9A002C56
:107E8000A8BF121B002A144640F3B380102C1C9A82
:107E9000B84F40F344821025DDF8148005E009F165
:107EA0000809103C102C40F33A8201321033072AA3
:107EB0001D931C92C9F80070C9F80450EFDD1BAA8D
:107EC0005146404603F07AFB00287FF4DBAA1D9B55
:107ED0001C9A0DF1A009E4E71BAA5146059803F08E
:107EE0006DFB00287FF4CEAA9DF84F701D9B0DF10D
:107EF000A00903E4099A146813460433E5170993AB
:107F000022462B461EE54C1E002C7FF743AF102C5B
:107F1000984F40F305811025059E05E009F10809F9
:107F2000103C102C40F3FC8001321033072A1D93C3
:107F30001C92C9F80070C9F80450EFDD1BAA514625
:107F4000304603F03BFB00287FF49CAA1D9B1C9A43
:107F50000DF1A009E4E7039911F0100221D009986E
:107F60008DF84F30B8F1000F046800F104074FF0AE
:107F7000000527DB0A4622F08002039254EA05023C
:107F800009971F467FF448ABEFE401322344072AE8
:107F90001D931C92C9F80070C9F804407FF719AC12
:107FA00005E7039911F0400340F03A8209998DF8F2
:107FB0004F30B8F1000F0C6801F104074FF00005D5
:107FC00080F2708109971F4654EA05037FF424ABC1
:107FD00038AE303406F8414DFFF738BB1BAA514686
:107FE000059803F0EBFA00287FF44CAA1D9B0DF1D5
:107FF000A0090E99159A31440D460D998A4244DB29
:108000000399CF0741D40D980644741B821A9442F9
:10801000A8BF1446002C26460DDD1C99C9F8005057
:108020000131234407291D93C9F804401C9100F332
:10803000178309F10809002EACBF941B1446002CCD
:108040007FF7C9AB102C1C9A4A4F9EDD1025059E68
:1080500004E009F10809103C102C96DD01321033C0
:10806000072A1D931C92C9F80070C9F80450F0DD6E
:108070001BAA5146304603F0A1FA00287FF402AA59
:108080001D9B1C9A0DF1A009E5E71C990F9C109807
:10809000C9F800000131234407291D93C9F80440A1
:1080A0001C9100F3678209F10809ACE7039AD40731
:1080B0003FF53CAE1C9AC9F8006001320133012142
:1080C000072A1D931C92C9F804107FF761AE1BAA02
:1080D0005146059803F072FA00287FF4D3A91D9B3E
:1080E0001C9A0DF1A00955E61BAA5146059803F00C
:1080F00065FA00287FF4C6A91D9B1C9A0DF1A00902
:1081000023E61BAA5146059803F058FA00287FF48D
:10811000B9A91D9B1C9A0DF1A00925E6002457E77B
:1081200001322344072A1D931C92C9F80070C9F834
:1081300004407FF72DAECAE71BAA5146059803F00D
:108140003DFA00287FF49EA91D9B0DF1A009FFF7C1
:10815000F9BA64424FF02D0765EB4505B8F1000F01
:108160008DF84F70FFF658AA039B23F0800303930A
:10817000FFF752BAC0560020B4EE488BF1EE10FA69
:1081800080F116830C9BB8F1FF3F23F0200500F02F
:108190008782472D00F08481039B43F480730A9308
:1081A00018EE903A002BC0F28682B0EE48AB002762
:1081B0000C9B662B00F06382462B00F05681B0EEDC
:1081C0004A0B452D0CBF08F10104444619AA16AB11
:1081D00001920093224615AB0221059800F0FEFCA7
:1081E0000C9B672B064640F09F82039BDA0740F109
:1081F000D4823119B5EE40ABF1EE10FA00F09F8158
:10820000199B994206D930205A1C19921870199B53
:108210009942F9D89B1B472D0D9300F089810C9B47
:10822000652B40F390820C9B662B159B0E9300F000
:1082300053820E9A0D998A42C0F24182039BD9075C
:1082400000F1978222EAE273089267220C92002FD3
:1082500040F0648104930A9B0393B8469DF84F70E5
:10826000FFF7FEB927F0070707F1080397ED008B2A
:108270000993FFF7FCBB039BDB060BD4039B5F0654
:1082800008D5099A136804320992BDF818201A809B
:10829000FFF707B8099A136804320992069A1A6020
:1082A000FEF7FFBF039A66E6039911F0400317D06B
:1082B00009988DF84F200346B8F1000F03F104032D
:1082C00004884FF00005C0F2528221F08001039132
:1082D00054EA050109933FF46DAC1746FFF700B966
:1082E00009998DF84F30B8F1000F0C6801F10407BF
:1082F0004FF0000502DB039AFFF760B909970027EA
:10830000FFF7EEB8039B099A13F0400F134600F0F5
:1083100081800433148809930025FFF7BFBA013226
:108320002344072A1D931C92C9F80070C9F8044021
:108330003FF754AE09F108095BE60027B8458DF810
:108340004F70FFF649AC039B23F08003039316E4C0
:108350001BAA5146059803F031F900287FF492A832
:108360001D9B0DF1A00956E41C9AB949C9F80010EB
:10837000013201330121072A1D931C92C9F8041010
:1083800066DC09F108092CB90D9A1AB9039AD207CB
:108390007FF521AA1C9A0F981099C9F80010013294
:1083A0000344072A1D93C9F804001C9200F3D181ED
:1083B00009F108096442002C40F3A380102CA54F5A
:1083C00040F3CB801025DDF8148005E009F10809A1
:1083D000103C102C40F3C18001321033072A1D934A
:1083E0001C92C9F80070C9F80450EFDD1BAA514671
:1083F000404603F0E3F800287FF444A81D9B1C9A34
:108400000DF1A009E4E7099FFFF7DFBB4FF0FF3054
:10841000FFF73EB80433146809930025FFF73EBA0E
:1084200009988DF84F200346B8F1000F03F10403BB
:1084300004884FF00005C0F2A58121F0800103916E
:1084400054EA0501099317467FF4E6A8FFF78DBAB1
:108450001BAA5146059803F0B1F800287FF412A832
:10846000159C1D9B0DF1A0098DE719AA16AB019271
:108470000093424615AB0321B0EE4A0B059800F07D
:10848000ADFB444606460C9B462B06EB04017FF4ED
:10849000B1AE3378302B00F09181159C2144A9E6D0
:1084A000B8F1000F08BF4FF0010875E6039B43F0D9
:1084B000200303930BF1010B9BF80030FEF724BF60
:1084C0001BAA5146059803F079F800287EF4DAAF2C
:1084D0001D9B0DF1A009FFF7B6BB3046FCF732F843
:1084E000A04603460890FFF739BB1BAA51460598E2
:1084F00003F064F800287EF4C5AF1D9B1C9A0DF1B3
:10850000A0090D98C9F8006001320344072A1D93A1
:108510001C92C9F804007FF75CA948E42D27049356
:108520000A9B03938DF84F704FF00008FFF799B83E
:10853000159BDD1C2BDB984529DB0E9379E60B465A
:1085400068E61BAA5146059803F038F800287EF427
:1085500099AF1D9B0DF1A00990E401322344072A35
:108560001D931C92C9F80070C9F80440BDDC09F1E4
:108570000809C6E71BAA5146059803F01FF8002812
:108580007EF480AF159A1D9B0DF1A0093BE50C9A76
:10859000023A0C92013B002B9DF830201593B8BF96
:1085A0005B428DF85C20B4BF2D222B22092B8DF865
:1085B0005D2040F3EA800DF16B000446264A82FB01
:1085C0000321DA17C2EBA10202EB8201A3EB410304
:1085D00003F13001092A134604F8011DEEDC21469F
:1085E0003033DAB201F8012D884240F22F810DF1CB
:1085F0005E01234601E013F8012B01F8012B98429C
:10860000F9D1431C1B1B0DF15E02134417AA9B1AE0
:108610000D9A1193012A1344089340F3DA80089BC2
:108620000F9A1344002208930E9223EAE3730EE696
:10863000062D2B4628BF0623089323EAE373B04692
:1086400009970E9637460493044EFFF709B800BF0A
:10865000BC540020C056002067666666FC540020AB
:108660001BAA5146059802F0A9FF00287EF40AAF24
:10867000159A0D991D9B8A1A0DF1A009DBE419AA20
:1086800016AB01920093032115AB4246B0EE4A0BA4
:10869000059800F0A3FA4446064600EB0801F8E608
:1086A0004FF0060878E50393FFF716B92D278DF8EC
:1086B0004F70FFF7ECB9B1EE48AB2D2778E50F9A74
:1086C0000D9B13440E9A0893002A40F38C80672276
:1086D00023EAE3730C92BAE5002B40F39A80B8F1D9
:1086E000000F5CD1039AD40759D41A46089223EAA2
:1086F000E373ACE525EAE573099704930895804692
:108700000E909DF84F70FEF7ABBF039BDB0747460B
:1087100005D538AE302306F8413DFEF797BFCDF8BA
:10872000208028AEFEF795BF0C9B472B7FF461ADF0
:10873000039BDB073FF5A7AE199B472DA3EB060371
:108740000D933FF4F5AE159B24E7A3460025FEF7F5
:10875000DDBD1BAA5146059802F030FF00287EF4CB
:1087600091AE159C1D9B1C9A0DF1A00922E6099360
:10877000C5E50F9A0E9B1344672208930C9223EAD7
:10878000E37364E5099317461EE4303330228DF815
:108790005F308DF85E2018AB38E7199B3AE50E9BE9
:1087A0000F9A9D1805EB0803089323EAE3734EE53F
:1087B000364E374B9DF84F70FFF76BB9B5EE40ABB7
:1087C000F1EE10FA3FF469AEC4F1010415942144AE
:1087D00010E5039B13F001037FF421AF0E93089B78
:1087E00023EAE37333E50E9B089AC3F101031A44AD
:1087F000134608926BE709989BF80130056804302E
:10880000002D0990A346BEF67FAD4FF0FF35FEF771
:108810007BBDB8F1000F02D1039BD80707D50F9B92
:108820005D1C05EB0803089323EAE3730FE50123BE
:1088300008930CE58DF84F10FFF7BCB88DF84F107A
:10884000FFF7A7B98DF84F10FEF730BE0DF15E03AC
:10885000DCE68DF84F10FFF7DFB88DF84F10FFF70B
:108860000FB88DF84F10FEF7B8BE8DF84F10FFF718
:108870005BB88DF84F10FEF787BE8DF84F10FFF7ED
:108880002CB98DF84F10FFF7E4B800BFB0540020AA
:10889000E4540020F0B50C46ADF26C4D8989666E4B
:1088A000E589199621F00201666AADF80E5000259F
:1088B000E769ADF80C10099606951AAE4FF480657D
:1088C0006946009604960295059507970646FEF7B9
:1088D000A5FC051E07DB3046694601F0CDF80028EF
:1088E00018BF4FF0FF35BDF80C305B0603D5A389E8
:1088F00043F04003A38128460DF26C4DF0BD00BF4C
:1089000021B1FF2A04D80A70012070470846704739
:108910008A2303604FF0FF30704700BF70B50D46EB
:10892000084C114606461A46284600232360F6F7EF
:1089300023F8431C00D070BD2368002BFBD03360AC
:1089400070BD00BF6CF7002038B5304B1B68054682
:108950000C4613B19A6B002A38D0B4F90C2093B2AC
:1089600018070CD52069A8B113F001021ED0636965
:1089700000225B42A361A260F0B1002038BDD9069D
:108980003CD5580726D4206942F00803A3819BB246
:108990000028E9D103F42072B2F5007FE4D0284624
:1089A000214601F0DDFFA3892069DDE7990758BF63
:1089B0006269A2600028E0D1B4F90C301A06DDD556
:1089C00043F04003A3814FF0FF3038BD184601F05B
:1089D000E7F8C2E7216B51B104F14003994204D09A
:1089E000284601F035F9B4F90C2000232363002355
:1089F0002069636022F024022060C5E742F0400253
:108A000009232B604FF0FF30A28138BD4C67002056
:108A10002DE9F047254C2568D5F84841064688469B
:108A200092469946C4B360681F2817DC431C76B190
:108A300004EB80050122C5F888A0D4F88811824093
:108A40001143022EC4F88811C5F808911ED00230D7
:108A5000636044F820800020BDE8F087144B03B326
:108A60004FF4C870FAF786FC0446D0B1D5F8483107
:108A7000002780E88800C5F8484138460123C4F83B
:108A80008871C4F88C71002EE1D0D1E7D4F88C1134
:108A90000A43C4F88C21DAE705F5A674C5F8484105
:108AA000C1E74FF0FF30BDE8F08700BF880B002022
:108AB000713B010002690B69934200F38D802DE93F
:108AC000F04F03F1FF3801F1140700F1140B57F8D0
:108AD00028205BF828304FEA880483B00132B3FBCA
:108AE000F2F90BEB0403009407EB040A0193B9F1CC
:108AF000000F39D00025BC46DE462B465CF8046BDF
:108B0000DEF80020B4B209FB0455360C2C0C09FB2E
:108B10000644ADB25B1BA6B213FA82F3C6EB124653
:108B200006EB23469BB243EA0643E2454EF8043B7C
:108B30004FEA14454FEA2643E0D2009B5BF803302E
:108B400093B9019C231F9B450CD254F8043C4BB9AC
:108B5000A4F1080302E01A68043B1AB99B4508F126
:108B6000FF38F8D3C0F81080044602F0E7F9002877
:108B70002EDB09F101095D46002357F8041B286824
:108B80008AB29A1A090C12FA80F2C1EB104303EB75
:108B9000224391B241EA0341BA4545F8041B4FEA2A
:108BA0002343EAD25BF828200BEB880382B91A1F13
:108BB00093450BD253F8042C42B9083B02E01A68E3
:108BC000043B1AB99B4508F1FF38F8D3C4F810806C
:108BD000484603B0BDE8F08F002070472DE9F04F04
:108BE00057EC106B93B0056C0191044690460493CA
:108BF00010EE10AABB464DB1426C6A60012393404F
:108C0000AB60294601F06CFF00232364BBF1000F29
:108C10005E4634DB1C9A00231360C44B1A46334073
:108C2000934215D04BEC17ABB5EE407BF1EE10FA4A
:108C3000CDE902AB2AD1049A012313601D9B002BBE
:108C400000F0B780BA481860013813B0BDE8F08F63
:108C5000049A42F20F731360BAF1000F00F0928091
:108C6000B4481D9B002BF0D0C378002B00F0A380EC
:108C700000F108031D9A136013B0BDE8F08F1C9A31
:108C800001232BF000461360B346C6E711A910AAD2
:108C90009DED020B204602F08FFA310D07907AD13C
:108CA00010981199014401F23243202B40F3418284
:108CB000C3F1400301F212429E402AFA02F3334309
:108CC00007EE903AB8EE677B012553EC172B01397C
:108CD000A3F1F8730A9543EC172BB7EE086B9FEDE1
:108CE0008D4B37EE466B9FED8D7B9FED8E5BA6EE39
:108CF000047B06EE901AB8EEE66BA6EE057BFDEE61
:108D0000C76BB5EEC07BF1EE10FACDED026A00F153
:108D10001C81029D162D00F21581874B03EBC503C4
:108D200093ED007B4BEC16ABB4EEC67BF1EE10FA84
:108D300040F306826B1E029300230C93411AB1F19B
:108D4000010900F1178100230693029B002BC0F25A
:108D5000088199440B9300230593019B092B2CD880
:108D6000052B40F35F85043B019300230E93019B89
:108D7000023B032B00F25F85DFE813F0A902E50157
:108D8000B502C8036B4B6D4AC6F31300002814BF2D
:108D90001846104665E7DDE90223C3F3130040F0EF
:108DA0007F530025A1F2FF3143F4401310980A9538
:108DB00091E7634849E7C31C5CE7002161642046F2
:108DC0008846019101F066FE4FF0FF3701230890BD
:108DD00020640D970993119B002B7ADB029A0E2ACF
:108DE00077DC554BB8F1000F03EBC20393ED004B5A
:108DF000C0F28482B1EE442B4BEC17AB87EE046BD0
:108E0000BDEEC66B089A16EE103A012F03F130033F
:108E1000B8EEC65B02F1010B1370A2EE057B22D007
:108E2000B2EE043B27EE037BB5EE407BF1EE10FA89
:108E30003AD0089A06E027EE037BB5EE407BF1EED0
:108E400010FA31D087EE046BBDEEC66B16EE103A09
:108E500030330BF8013BC2EB0B03BB42B8EEC65BF1
:108E6000A2EE057BE7D137EE077BB4EEC74BF1EE00
:108E700010FA08D4B4EE474BF1EE10FA14D116EE06
:108E8000103ADB0710D51BF8010C089A0BF1FF33E1
:108E900004E09A4200F0E58313F8010D392803F14C
:108EA000010BF6D0013018700799204601F018FE2A
:108EB0000022029B8BF80020049A013313601D9B53
:108EC000002B00F066830898C3F800B013B0BDE82B
:108ED000F08F099A002A53D0019A012A40F32E827A
:108EE00005997A1E9142C0F257838B1A0E93002F78
:108EF000069BC0F224840A933B46069A01211A4439
:108F000020460692994401F0CFFE06463DE000BFA0
:108F1000AFF3008061436F63A787D23FB3C8608B14
:108F2000288AC63FFB799F501344D33F0000F07F4F
:108F3000BD54002038550020E80200202C550020A8
:108F4000BC54002001230C93F8E6B8EEE66BB4EEB7
:108F5000467BF1EE10FA3FF4DCAE029B013B02933C
:108F6000D7E6069A029BD21A5B420593002306922B
:108F70000B93F2E6C9F1000306934FF00009E4E613
:108F8000059B0E93099E069B0A930A990B4661B1B5
:108F9000B9F1000F09DD4945069AA8BF4B46D21A20
:108FA0000692CA1A0A92C3EB0909059B002B40F3EB
:108FB0008082099A002A00F09A810E9A002A00F015
:108FC00096813146204601F011FF079A0146064678
:108FD000204601F073FE07990546204601F080FD0A
:108FE000059B0E9A9B1A059340F080810121204633
:108FF00001F05AFE0B9B0590002B00F0AC8101465E
:109000001A46204601F0F2FE019B0590012B40F329
:10901000808200230793059A136902EB8303186982
:1090200001F0F4FDC0F12000484410F01F0000F0F2
:109030009081C0F12003042B40F3F883C0F11C00A1
:10904000069B034406930A9B03440A938144069BB0
:10905000002B05DD29461A46204601F017FF05467C
:10906000B9F1000F05DD4A460599204601F00EFFD3
:1090700005900C9B002B40F00182002F40F32082D2
:10908000099B002B40F07B81DDF820B0DDF814A0B7
:10909000D84602E001F02EFD054651462846FFF76E
:1090A00009FD00F1300908F8019BCBEB0803BB4236
:1090B0004FF00A024FF0000329462046EADB089BE6
:1090C000012FACBFDB1901339B464FF0000A294644
:1090D0000122204601F0DAFE0599079001F02EFFEB
:1090E000002840F38C821BF8012C08990BF1FF3308
:1090F00004E08B4200F0038213F8012D392A03F1BA
:10910000010BF6D001321A700599204601F0E8FCF7
:10911000002E3FF4C9AEBAF1000F05D0B24503D01E
:109120005146204601F0DCFC3146204601F0D8FCD7
:10913000BAE6C3F120030AFA03F307EE903AC1E559
:1091400000230C93FAE500230993029B43445F1C20
:10915000002F0D9340F32D823E463D460021172EF1
:1091600061640AD9012204235B0003F11400B042B8
:10917000114602F10102F7D96164204601F08AFC30
:109180000E2D089020643FF626AE0E9B002B3FF478
:1091900022AE02990029CDE90EAB40F34182C64BC5
:1091A00001F00F0203EBC2020B11DE0692ED006B21
:1091B00040F1FB81C14A92ED087B4BEC14AB03F00C
:1091C0000F03032184EE075B5BB1BC4ADD0704D5C6
:1091D00092ED007B013126EE076B5B1002F1080275
:1091E000F4D185EE064B0C9B3BB1B7EE007BB4EEA1
:1091F000C74BF1EE10FA00F1B78207EE901AB8EE05
:10920000E76BB1EE0C7BA6EE047B53EC172BA3F1BE
:109210005073002F00F0A681029E3946099800285D
:1092200000F04D82B6EE003BA348089D00EBC10064
:1092300010ED026BBDEEC47B83EE065B17EE100AE9
:1092400043EC162B3030C0B235EE465BB8EEC77B30
:1092500034EE477BB4EEC75BF1EE10FA287005F1EF
:10926000010B32DCB7EE003B33EE476BB4EEC65B6E
:10927000F1EE10FA00F3AE82012940F3CD81B2EE97
:10928000044B089B19440AE033EE476BB4EEC56B00
:10929000F1EE10FA00F19E828B4500F0BD8127EEC1
:1092A000047B25EE045BBDEEC76B16EE103A03F1AE
:1092B0003000C0B2B8EEC66B37EE467BB4EEC57B6D
:1092C000F1EE10FA0BF8010BDED50296ECE5002367
:1092D0000993B8F1000F40F3708146464546CDF83A
:1092E000348047463AE701230993F2E70795059A48
:1092F0000799204601F07AFD054677E6002F3FF7F3
:1093000079AD40F04281B1EE047B24EE074B4BEC8B
:1093100017ABB4EEC74BF1EE10FA3E460597C0F21C
:10932000E5806FEA0803DDF820B002930599204636
:1093300001F0D6FB002E3FF4B7ADF5E60A9A002AFD
:1093400000F00282059A0E92069A0A9203F23343C3
:10935000D3E51C2074E6019B012B40F340820B9B5C
:109360000793012060E6314600230A22204601F0DF
:10937000C1FB0D9B002B064640F34D821F460A9B06
:10938000002B05DD31461A46204601F07FFD0646DA
:10939000079B002B40F06E81B046089B013FDA1915
:1093A00009920AF001020A921F46DDF814B028461D
:1093B0005946FFF77FFB31468246284601F0BEFD45
:1093C000424659468146204601F0DAFDC36883468D
:1093D0000AF13002002B49D101462846079201F0DC
:1093E000ADFD59460690204601F07AFB069B079A90
:1093F0002BB9019919B90A99002900F0F581B9F141
:10940000000FC0F2DF8005D1019919B90A9900292E
:1094100000F0D880002B00F34181099B3A7007F1DE
:1094200001099F42CB4600F04681294600230A22CB
:10943000204601F05FFB4645054631464FF00003EC
:109440004FF00A0220460BD001F054FB414606467D
:1094500000230A22204601F04DFB4F468046A4E738
:1094600001F048FB4F46064680469EE701462046EF
:10947000069201F035FB0123069AC0E705992846BC
:1094800001F05CFD0028BFF6F8AD2946029D0023DF
:10949000013D0A222046029501F02CFB099B05465E
:1094A000002B7FF460AF0D9B002B40F3AD811F4676
:1094B000EAE5079D9AE500BFE8020020C00200200F
:1094C000019B022B7FF7DCAD002F40F069813B460A
:1094D00005990522204601F00DFB0146059028461E
:1094E00001F02CFD002807957FF71BAF029A089921
:1094F0003123013202920B7001F1010B16E7029A3F
:1095000001320292089A31231370FDE50123099379
:109510001BE6BAF1000F7FF47CADCBF31303002BF5
:1095200040F01B812BF000431B0D1B05002B00F0AE
:109530005481069B01330693012309F10109079326
:109540000B9B0120002B3FF46FAD64E507EE901AF2
:10955000B8EEE76BB1EE0C7BA4EE067B53EC172B59
:10956000A3F1507343EC162BB1EE047B34EE477B32
:10957000B4EEC67BF1EE10FA00F3DD80B1EE466B7F
:10958000B4EEC67BF1EE10FA46D5002305931E46D5
:10959000C7E60898FFF759BB059B0B990592D31AAC
:1095A000194400230B910E93A1E49DED0E5B022163
:1095B0000AE63D4600216164DFE501250D952F4651
:1095C000A846F7E7002B914611DD294601222046E7
:1095D00001F05CFC0599054601F0B0FC002840F361
:1095E0000C81B9F1390F00F0DD800AF13109B24682
:1095F00087F8009007F1010B4646079584E504D1F2
:1096000019F0010F01D06EE593461BF8013C302B99
:109610000BF1FF32F8D077E5DDE90EABFFF7DBBBEE
:10962000029B5B42002B00F09B808B4A03F00F01F2
:1096300002EBC10292ED007B9DED0E6B1B1126EE3D
:10964000074B00F0E680854A0221D80704D592ED49
:10965000007B013124EE074B5B1002F10802F4D1CC
:10966000C1E5089930220A70029A1BF8010C0132F8
:10967000029217E47168204601F00CFA33699A1CD3
:109680008046920006F10C010C30F6F755F9414680
:109690000122204601F0FAFB80467EE6392A00F0DE
:1096A000818002F10109B24687F8009007F1010BB1
:1096B0004646079528E5B2469146464607E5664880
:1096C000BDEEC46B4D1E00EBC50043EC172B90EDB7
:1096D000003B16EE103A23EE073B08983033012981
:1096E000B8EEC66B037000F1010B34EE467B14D06C
:1096F000B2EE045B089B19445B4627EE057BBDEE8A
:10970000C76B16EE102A303203F8012B9942B8EEDF
:10971000C66B37EE467BF0D1AB44B6EE006B33EE52
:10972000065BB4EEC75BF1EE10FA43D502961BF868
:10973000010CFFF7AABB002305931E46D6E6DB1BF0
:109740000A930023FFF7D9BB059A109B0E92069A45
:109750000A92C3F13603FFF7D0BB00230793EFE66D
:109760009DED0E4B02213EE5002F3FF4EFAE0D982C
:1097700000287FF751AFB2EE045BB1EE0C7B0131F4
:1097800006EE901A24EE054B029BB8EEE66B5E1EC9
:10979000A4EE067B53EC172B0146A3F150733DE575
:1097A0000795BEE53922B246079546463A7007F15D
:1097B000010B9AE436EE436BB4EEC76BF1EE10FA90
:1097C00001DC29E793461BF8013C302B0BF1FF32FB
:1097D000F8D07AE50296FFF758BB0793B0E6BAF1E6
:1097E000000F7FF4BCAD98E6392ACB469146D9D01C
:1097F000BBF1000F3FF7F9AEF9E67FF4F8AE19F0D0
:10980000010F3FF4F4AEECE6019B022B08DC0D9F48
:109810003AE40221E7E4019B022B01DC0D9FAEE557
:109820000D9F51E601230E93FFF7A1BA3FF40FAC51
:10983000C0F13C0004E4002565642946204601F09F
:1098400029F94FF0FF3701230890A84620640D97AF
:109850000993FFF7C0BA00BFE8020020C002002051
:109860002DE9F043314D87B02F6804460E469046EF
:109870001D46002B3BD0B7EE007BB4EEC70B05AB0B
:10988000F1EE10FA0193CDF80080384633462246B7
:1098900022D40321FFF7A2F9059B31689842C1F158
:1098A00000012BD2491B2B4610F8012B03F8012B8A
:1098B000059A824203EB0106F6D8B44221DDA21BD1
:1098C0001A44302103F8011B9A42FBD10023137084
:1098D000284607B0BDE8F083BFEE007BB4EEC70BAF
:1098E000F1EE10FAD5DD0221FFF778F9D4E73A6DF1
:1098F00000F123039A4206DD7D6DBCE70E462B4640
:10990000DBE71A46E2E700F124094A46796D38465A
:109910008DED020BFAF776F905460028D8D0C7F886
:10992000509078659DED020BA5E700BF4C670020C5
:10993000B1F90C309AB22DE9F0410D46110780467D
:109940003CD46A6843F40063002AAB8173DDAC6ADF
:10995000002C4BD09BB203F48052002192B2D8F875
:109960000060C8F80010002A69D02A6D5F0705D58D
:1099700069682B6B521A0BB1EB6BD21A0023E969A1
:109980004046A047441C3CD0B5F90C302A692A60F7
:1099900023F400630022AB81DB046A6049D4296BA5
:1099A000C8F8006011B305F14003994202D0404667
:1099B00000F04EF900202863BDE8F0812E69AEB1B9
:1099C0002C682E6090070CBF6B690023A41BAB6052
:1099D0000AE0234632466F6AE9694046B8470028E4
:1099E000A4EB0004064404DD002CF2DC0020BDE8FA
:1099F000F081AB8943F04003AB814FF0FF30BDE80D
:109A0000F081D8F800201D2AF3D81A4BD34003F078
:109A1000010383F00104002BEBD0B5F90C30296968
:109A2000296023F40063D9046C60AB81B7D5002AA8
:109A3000B5D12865B3E7EA6B002A88DCD6E70123B5
:109A4000E9694046A047431C024602D0AB89AC6A94
:109A50008CE7D8F80030002BF8D01D2B01D0162B46
:109A600002D1C8F80060C1E7AB8943F04003AB8185
:109A7000BDE8F0810100402010B5044682B008B175
:109A8000836B53B1B1F90C0008B902B010BD204688
:109A900002B0BDE81040FFF74BBF019100F080F825
:109AA0000199EFE7014900F03DBB00BF9DBE0100F9
:109AB0002DE9F04F354B4568C3630024074600F598
:109AC0003B7204230321C0F8E412C0F8E822C0F876
:109AD000E04283B02C606C60AC606C66EC812C6101
:109AE0006C61AC61AB81214605F15C000822F9F79D
:109AF000B5FFBE68DFF898B0DFF898A0DFF898905F
:109B0000DFF89880C5F820B001230922C5F824A009
:109B1000C5F82890C5F82C80ED612146F381B2810B
:109B200006F15C0034607460B46074663461746122
:109B3000B46108220193F9F791FFFD68F6611220E4
:109B40000222C6F820B0C6F824A0C6F82890C6F8AD
:109B50002C802146A881EA812C606C60AC606C6628
:109B60002C616C61AC6105F15C000822F9F776FFAD
:109B7000019BED61C5F820B0C5F824A0C5F8289078
:109B8000C5F82C80BB6303B0BDE8F08FA1A2010033
:109B9000B9BB0100DDBB010019BC010039BC0100EB
:109BA000836B03B17047FFF783BF00BF704700BFEF
:109BB000704700BFF8B5234F0C460646F9F79CFFE7
:109BC000BB685D6825F00305291B01F6EF7121F4E0
:109BD0007F6121F00F01A1F58054B4F5805F07DBB0
:109BE00000213046FAF7FEF9BB682B44984204D0B6
:109BF0003046F9F783FF0020F8BD61423046FAF79E
:109C0000F1F901300DD0104BBA6819682D1B45F0E1
:109C100001053046091B55601960F9F76FFF0120F7
:109C2000F8BD00213046FAF7DDF9BA68831A0F2B28
:109C3000DEDD064C0449246843F00103001B536039
:109C40000860D5E73C6300205CE900204467002001
:109C5000002945D02DE9F0410D468046F9F74CFF2B
:109C600055F8047C6A4927F00103A5F10804E218BD
:109C70008E685068B24220F0030062D0FE07506048
:109C80000BD455F8087CE41B01F1080EA568754556
:109C90003B446FD0E768EF60BD6015186D68ED0755
:109CA00042D543F001026260E350B3F5007F18D261
:109CB000DB085A1C4D6851F83270A76001209B10D8
:109CC00000FA03F301EBC2001D430838E0604D6069
:109CD00041F83240FC604046BDE8F041F9F70EBF64
:109CE00070475A0A042A53D89A0902F139077F00AB
:109CF00002F1380501EB870051F827204449083864
:109D000090424DD0516821F003018B4202D29268FB
:109D10009042F7D1D068E060A2608460D460404691
:109D2000BDE8F041F9F7EABE95683A4FBD420344F9
:109D30003FD0D068E86043F0010285606260E35084
:109D4000B3E7FF07034407D455F8082CA41A1344BB
:109D5000A068E268C26090602F4A126843F0010078
:109D6000934260608C60B6D32C4B40461968FFF775
:109D700021FFB0E711184968C90744D49168D26837
:109D8000CA60034443F0010091606060E350A2E7C1
:109D9000142A17D802F15C077F0002F15B05A9E7DE
:109DA000AA104B68012505FA02F213434B600246E4
:109DB000B1E743F001024C610C61E560A5606260AF
:109DC000E35088E7542A06D81A0B02F16F077F0088
:109DD00002F16E058EE7B2F5AA7F06D8DA0B02F122
:109DE00078077F0002F1770584E740F25450824201
:109DF00006D89A0C02F17D077F0002F17C0579E715
:109E0000FE277E2576E743F001026260E35062E7B9
:109E10003C63002044630020486700208CE9002058
:109E20009368002B76D02DE9F04F8B8985B00C46D6
:109E300019070190164629D522693AB303F00208A2
:109E40001FFA88F0356800282FD04FF00009B44F72
:109E5000C846B246B84543464A4628BF3B460198E5
:109E6000B8F1000F50D0E169666AB047002871DD93
:109E7000DAF808301B1A8144C0EB0808CAF8083029
:109E8000002BE7D1002005B0BDE8F08F21460198F6
:109E9000FEF75AFD002840F03A81A389356803F0A7
:109EA00002081FFA88F00028CFD113F001095BD116
:109EB0004F4602961FB39A05D4F808802CD5474523
:109EC000C246C0F0A48013F4906F40F0B1802068C7
:109ED00052464946F9F75EFDA0682368C8EB0000CA
:109EE0005344A06023603846029A93681B1A814449
:109EF0003F1A9360002BC5D0A389002FDBD1D5F882
:109F000000906F680835D5E7D5F80090D5F8048043
:109F100008359FE70020704720682369984203D8DE
:109F200061698F4280F0B780B84528BFB846424685
:109F30004946F9F72FFDA3682268C8EB03034244A2
:109F4000A3602260002B49D121460198FFF794FDC0
:109F5000002843D0B4F90C3043F040034FF0FF30F9
:109F6000A38105B0BDE8F08F80460290824681460D
:109F7000B9F1000F2AD0029B002B4CD02068236936
:109F80006269C845C34628BFCB4698425F4604D99C
:109F9000A36813449B4500F39080934520DB134650
:109FA000676AE16901985246B847071ED2DDB8EBEF
:109FB000070823D0B368DB1BBA44C7EB0909B360B9
:109FC000002B3FF45FAFB9F1000FD4D10023D5F8D7
:109FD00000A0D5F8049002930835C9E7404683E70E
:109FE0005A465146F9F7D6FCA2682368CBEB020229
:109FF0005B44B8EB0708A2602360DBD121460198DF
:10A00000FFF73AFD0028A5D1CDF80880D2E72068F7
:10A01000B846BA465CE74A460A21504600F0EAFCD8
:10A0200000286FD001300123CAEB00080293A5E796
:10A0300062692068216902EB4208C1EB000A08EB63
:10A04000D8780AF101004FEA680838444045424692
:10A0500084BF804642465B0542D511460198F9F718
:10A0600099F98346002855D052462169F5F764FCDA
:10A07000A38923F4906343F08003A381CAEB080310
:10A080000BEB0A00C4F81480C4F810B02060A36081
:10A09000B846BA461CE76FF00043BB4228BF3B46B8
:10A0A0004A4693FBF1F30198666A01FB03F3E16909
:10A0B000B04700283FF718AF4CE71A4651460393C4
:10A0C000F9F768FC2268039B01981A442260214634
:10A0D000FFF7D2FC039B00287FF43CAF1F4666E7E6
:10A0E0000198F9F78FFD83460028C7D1019D2169AA
:10A0F0002846FFF7ADFDB4F90C300C2223F08003A5
:10A100002A6029E7012309F10108029336E74FF09D
:10A11000FF30B8E6019A0C231360B4F90C301BE74A
:10A1200000FCFF7F2DE9F84310F538771FD08846F3
:10A1300006464FF000097D68BC68013D11D4A38933
:10A14000012B05F1FF3508D9B4F90E300133214652
:10A15000304602D0C04749EA00096B1C04F168048C
:10A16000EDD13F68002FE6D14846BDE8F883B946F7
:10A170004846BDE8F88300BF02694B1193422EDACE
:10A18000F0B511F01F0100F1140606EB820206EB98
:10A19000830E29D056F823300EF10405AA4223FA83
:10A1A00001F4C1F1200C39D900F110072B6803FA32
:10A1B0000CF3234347F8043F55F8043BAA4223FA23
:10A1C00001F4F3D8CEEB0202053A22F00302043286
:10A1D0003244146004B10432931B9B1016E0002338
:10A1E0000361002343617047724512D900F11004E6
:10A1F000714651F8045B44F8045F8A42F9D86FEA6B
:10A200000E03134423F0030304339B10036113B1C3
:10A21000F0BD0023036100234361F0BD3246D8E75F
:10A220002DE9F04F8BB0894605901698039208935C
:10A2300000F056FB0368029318461C46FAF782F9B1
:10A24000D9F8003000909A782118302A11F801BC12
:10A2500040F0A98103334FF000081C4613F8012B8E
:10A26000302A08F10108F8D0B24EB35C002B00F0A0
:10A27000F08023784FF0000AF35C5546274623B15F
:10A2800017F8013FF35C002BFAD1009A0299384687
:10A29000FAF7C6F9002800F092803B78002D00F014
:10A2A0007181ED1BAA000192502B00F09180702B60
:10A2B00000F08E803D46C9F80070BAF1000F40F002
:10A2C000B7802B1B013B072B514604DD5B10072B8E
:10A2D00001F10101FADC059800F0DCFB03461433C0
:10A2E000A5420490079340F2D3819946009B4FF01A
:10A2F0000008C3F10103474606930FE0202F00F04A
:10A300009F803A46043715F8013CF35C554603F04C
:10A310000F039340A54248EA030815D915F8013CFC
:10A320005B4505F1FF3AE9D1069B5344A342E5D3CF
:10A330001846009A02990993FAF772F9099B0028C6
:10A34000DCD11D46A542E9D849F8048B079B049A45
:10A35000C3EB09094FEAA903136140464FEA4319C9
:10A3600000F054FC039B1E68C0EB0900B04200F3F0
:10A37000E380C0F209810027039B019A9B689A42FF
:10A3800000F39780039801994368994280F2B58061
:10A390005D1AAE4200F30F81C268022A00F07F818D
:10A3A000032A00F05C81012A00F07D810598049960
:10A3B00000F096FB149A0023136050203DE0002D1E
:10A3C00000F019813B786CE7002301934FF0010AFC
:10A3D0007B782B2B00F0AC802D2B75D0791C0025C1
:10A3E000F35C54485A1E182A3FF664AF4A78825CE0
:10A3F000501E1828A3F1100301F101010BD811F828
:10A40000010F03EB830302EB4303325C501E182859
:10A41000A3F11003F3D905B15B42019A3D461A44FA
:10A420000F460192C9F80070BAF1000F3FF449AF2E
:10A43000B8F1000F0CBF062000200BB0BDE8F08F74
:10A44000C9F800804FF0000809F1040942460427CA
:10A4500059E7009D02992A462046FAF7E1F80028BC
:10A4600036D023782746502BAED0702BACD0C9F80D
:10A470000070DDE7049B9B689F4280F234813B467D
:10A48000049800EB830201210133022C0361516126
:10A4900000F018819F4280F2DB8001210498FFF7D1
:10A4A0006BFE039B019A9B6801329A42019240F332
:10A4B000D2800598049900F013FB149A0023A3207E
:10A4C00013600BB0BDE8F08F0125BB78B91C87E79E
:10A4D000625DB35C6719002B69D0302A3C4604D119
:10A4E00014F8013F302BFBD0F35CB3FA83FA3D46FE
:10A4F0004FEA5A1A4FF00108C0E6012467B1039BE6
:10A50000DB68022B00F08580032B00F08680012B96
:10A5100000F0B58044F01004149B1A46049B1360AD
:10A52000089B1A46019B136020460BB0BDE8F08FD4
:10A530000025CAE784090020841B2146049800F006
:10A54000EBFE002835D0621E5111079802F01F0360
:10A5500050F82110012707FA03F30B420AD0BA4240
:10A5600040F39B80A11E049800F0D6FE002800F066
:10A5700094800327019B0498234421460193FFF70D
:10A58000FBFDF9E601958FE6341A049905982246F9
:10A5900000F07CFC019B04901B1B019303461433C9
:10A5A00007930027E8E69C1C4FF000085CE6134682
:10A5B00059E70746DEE76C1E002F4ED124B1214635
:10A5C000049800F0A9FE07466311079A049852F810
:10A5D000232004F01F04012303FA04F41442294643
:10A5E00018BF47F00207FFF7C7FD039B5B680193A5
:10A5F000761B022482E700997B5CF25C7D182F4673
:10A60000002A3FF44EAE17F8013FF25C002AFAD15F
:10A6100047E6159BC3F101031593159B002B3FF4EF
:10A6200079AF049B079D1F694FEA870805EB080077
:10A630002B46002104E043F8041B98427FF61AAF32
:10A640001A68B2F1FF3FF6D00132022C1A6039D0FD
:10A6500016F01F063DD121245EE70127B4E7159AC5
:10A66000002A3FF4A3AE08990B60079B04990122CE
:10A670000A611A60149B1A4662201160DDE6BA076F
:10A680007FF548AF079B1B683B43DB07C9D441E715
:10A69000DDF81C904FF0000856E602276AE7159A8D
:10A6A000002AE0D082E6AE427FF480AE012EDADDF1
:10A6B000711E049800F030FE00283FF477AE039B33
:10A6C0005B68D0E7039B1B68013B9E4224D0222499
:10A6D00022E74544C6F1200655F8040C00F096FA2E
:10A6E000B042B8DAD9E6049BDDF8149059684846C0
:10A6F000013100F0CFF904990B699A1C05469200CC
:10A700000C310C30F5F718F90499484600F0E8F9D7
:10A7100004952B691435B3E6731106F01F0655F83E
:10A7200023200123B340134214BF21242224F3E643
:10A7300030B4046808E014F8013FA3F14105192D75
:10A7400098BF2033934208D111F8012B002AF2D18F
:10A7500001340460012030BC7047002030BC7047D9
:10A760002DE9F04F0B68DFF8749185B0591102EBB9
:10A77000810113F01F0301911CBF04310191019C61
:10A78000029003930023194644F8043C9A469E46DF
:10A79000029BA4F1040C1D68E046604615F8013FD9
:10A7A00023B319F80340002C43D1202B5DD8D645A4
:10A7B000F4DD404513D2072911DCC1F108018900FD
:10A7C0000668C1F1200B03465F6807FA0BF43443B7
:10A7D00027FA01F61C6043F8046F9845F4D89042BC
:10A7E0003AD815F8013F0821002BDAD1BEF1000F4D
:10A7F0003DD0404501D207295CDD90423BD913464C
:10A8000050F8041B43F8041B8445F9D2002143F897
:10A81000041B9C45FBD2019B53F8043C2BB96245B9
:10A820003AD05CF8043D002BF9D0052005B0BDE816
:10A83000F08F013108290EF1010E06DD9042ADD9ED
:10A84000002340F8043C01210438036804F00F049D
:10A8500044EA03140460A1E70023A0F1040840F8CF
:10A86000043CF2464046194698E7292B1BD00420A9
:10A8700005B0BDE8F08F039B002BCCD0019C039B5F
:10A8800054F8041CC3F120034FF0FF3020FA03F307
:10A890000B4044F8043CC1E701230520CCF800300C
:10A8A00005B0BDE8F08F029B01351D60BEF1000FC1
:10A8B0009FD1DCE7C1F108039B000568C3F12007C5
:10A8C00001464E6806FA07F42C4326FA03F50C609D
:10A8D00041F8045F8845F4D88FE700BF8409002061
:10A8E000F0307047044A054B1268506B002808BFCF
:10A8F0001846F030704700BF4C670020D061002040
:10A9000070B50D46B1F90E10002990B014461E46E0
:10A9100014DB01AA00F066FF00280FDB029A02F4A4
:10A920007042A2F50052B2FA82F252094FF48063EB
:10A930004FF400603260236010B070BDA88900F051
:10A94000800082B2002030601AB14023236010B032
:10A9500070BD4FF480631046236010B070BD00BF1F
:10A960008A8992070B4606D501F1430201211A603C
:10A970001A6159617047F0B583B001AB6A460C4665
:10A980000546FFF7BDFF009906462846F8F702FD89
:10A99000B4F90C30D0B1019A124F0099EF6343F033
:10A9A0008003A3812060206161611AB93343A381D0
:10A9B00003B0F0BD2846B4F90E1000F027FFB4F93B
:10A9C0000C300028F2D043F00103EFE79A05EFD4F2
:10A9D00004F1430243F002030121A38122602261BA
:10A9E0006161E5E7A1A20100000000000000000095
:10A9F0000000000001F0FF01102A2BDB10F0070F10
:10AA000008D010F8013B013A8B422DD010F0070F0F
:10AA100042B3F6D1F0B441EA012141EA014122F00A
:10AA200007047FF000070023F0E80256083C85EA9F
:10AA3000010586EA010685FA47F5A3FA87F586FA45
:10AA400047F6A5FA87F68EB9EED1F0BC01F0FF010A
:10AA500002F0070232B110F8013B013A83EA010328
:10AA600013B1F8D10020704701387047002D06BFA0
:10AA700035460338073815F0010F07D1013015F4BA
:10AA8000807F02BF013015F4C03F0130F0BC0138B7
:10AA9000704700BFC36C70B505460C464BB153F808
:10AAA000240080B1026843F8242000230361C360BE
:10AAB00070BD21220421F8F78BFBE86403460028CF
:10AAC000EDD1002070BD012101FA04F6721D284667
:10AAD0009200F8F77DFB0028F3D044608660E4E73D
:10AAE00031B1C36C4A6853F82200086043F8221061
:10AAF000704700BFF0B50C6983B00D46064601F102
:10AB0000140E0027DEF8000081B202FB01310B0CAD
:10AB1000000C02FB003389B2013701EB0341BC4258
:10AB20004EF8041B4FEA1343ECDC3BB1AA68944295
:10AB300007DA05EB8402013453612C61284603B027
:10AB4000F0BD6968019301313046FFF7A3FF2A6920
:10AB5000023205F10C01074692000C30F4F7ECFECE
:10AB6000F26C6968019B52F82100286042F821507C
:10AB70003D46DEE72DE9F843234C089D1F46083388
:10AB800084FB034EDB17C3EB6E0EBEF1010F0646CE
:10AB90000C46904635DD012300215B009E4501F106
:10ABA0000101FADC3046FFF775FF0123B8F1090F08
:10ABB0004561036121DD04F109094D46444415F85E
:10ABC000013B0146303B0A223046FFF793FFA54286
:10ABD000F5D109EB0804083C47450CDDC8EB070735
:10ABE000274414F8013B0146303B0A223046FFF768
:10ABF00081FFA742F5D1BDE8F8830A344FF0090878
:10AC0000EAE70021CEE700BF398EE338030C1B04CE
:10AC1000B3B90004102310F07F4F04BF00020833C3
:10AC200010F0704F04BF0001043310F0404F04BF18
:10AC300080000233002807DB420003D42020704745
:10AC40000023E8E7581C704718467047036813F064
:10AC5000070207D0D90720D49A0720D49B080360A5
:10AC60000220704799B209B91B0C102213F0FF0F94
:10AC700004BF1B0A0832190704BF1B0904329907D5
:10AC800004BF9B080232D90704D45B0801D12020FD
:10AC900070470132036010467047002070475B0820
:10ACA00003600120704700BF10B50C460121FFF77B
:10ACB000F1FE01224461026110BD00BF2DE9F04F99
:10ACC0000D691769BD4283B00C46164604DA2A4660
:10ACD00034463D460E461746A368616805EB0708F3
:10ACE0009845C8BF0131FFF7D5FE00F1140C0CEBFD
:10ACF0008809CC45009005D26346002143F8041B27
:10AD00009945FBD806F1140202EB870A04F11403FB
:10AD1000524503EB850E54D2CDF80490994652F873
:10AD2000043B1FFA83FBBBF1000F20D000204F46ED
:10AD30006646054600E01E4657F8044B3068A1B24F
:10AD400083B20BFB0131240C000C4B190BFB0400EC
:10AD500000EB134099B2334641EA0041BE454FEA49
:10AD6000104543F8041BE6D8756052F8043C5FEACE
:10AD7000134B20D0DCF80030674618464D460021C2
:10AD800000E037462C88000C0BFB040001449CB209
:10AD90003E4644EA014346F8043B786855F8044BC4
:10ADA00083B2240C0BFB043404EB1143AE454FEA91
:10ADB0001341E6D87B6092450CF1040CAFD8DDF866
:10ADC0000490B8F1000F0BDD59F8043CA9F1040917
:10ADD0001BB105E059F8043D13B9B8F10108F9D1E8
:10ADE0000098C0F8108003B0BDE8F08F12F00303A4
:10ADF0002DE9F041144607462ED10E46A4101CD072
:10AE0000BD6C95B3E3074FF0000806D4641014D06E
:10AE10002868A8B10546E307F8D52A4631463846E2
:10AE2000FFF74CFFB6B17268FB6C641053F8221048
:10AE3000316043F822600646EAD13046BDE8F08131
:10AE40002A4629463846FFF739FF2860C0F80080B7
:10AE50000546E0E70646D9E75A1E0B4D002355F894
:10AE60002220FFF747FE0646C8E701213846FFF7D4
:10AE700011FE40F271210122002341610261054669
:10AE8000B8640360BEE700BFC41000202DE9F0479E
:10AE900091460A698B684FEA691404EB020808F1CD
:10AEA00001059D420E468246496804DD5B009D42D5
:10AEB00001F10101FADC5046FFF7ECFD002C00F136
:10AEC000140238DD02EB8403002142F8041B934294
:10AED000FBD1346906F1140119F01F0901EB840E4E
:10AEE00021D0C9F1200200240F6807FA09FC4CEABE
:10AEF00004049C4643F8044B51F8044B8E4524FA55
:10AF000002F4F1D8CCF804400CB108F10205DAF8EB
:10AF10004C307268013D53F822100561316043F8EE
:10AF20002260BDE8F087043B51F8042B43F8042F5E
:10AF30008E45F9D8EBE71346CBE700BF02690B69F2
:10AF4000D21A13D19B0014301431194410B40344A5
:10AF500001E098420CD253F8044D51F8042D94426C
:10AF6000F7D009D301205DF8044B704710467047B5
:10AF700000205DF8044B70474FF0FF30F3E700BF4F
:10AF80002DE9F8430B690F4611695B1A002B9046B7
:10AF900017D1890007F1140208F114055318294448
:10AFA00001E09A425ED253F8046D51F8044DA64276
:10AFB000F7D060D23B46144647464FF00109984609
:10AFC00006E05DDB07F1140502F114044FF00009FF
:10AFD0007968FFF75FFDD8F810303E69C0F80C9033
:10AFE00004EB830CA64605EB860700F1140400234E
:10AFF0005EF8041B55F8048B8AB213FA88F3090C27
:10B000009A1AC1EB184303EB224392B242EA03427D
:10B01000F44544F8042B4FEA2343E9D8AF4217D94B
:10B02000A446294651F804EB13FA8EF2131403EBED
:10B030001E4392B242EA03428F424CF8042B4FEA7D
:10B040002343EFD8ED433D4425F0030504352C445C
:10B05000043C22B954F8043D013E002BFAD00661AD
:10B06000BDE8F8830021FFF715FD012200230261EE
:10B070004361BDE8F8832C464FF000091546A7E769
:10B080003B4607F1140408F1140547464FF0010947
:10B0900098469DE7134B10EE902A1A40A2F1507388
:10B0A000002B04DD0020194641EC100B70475B4279
:10B0B0001B15132B0DDD143B1E2BDDBFC3F11F032E
:10B0C000012202FA03F301230021184641EC100B80
:10B0D00070474FF40022002042FA03F141EC100BBC
:10B0E000704700BF0000F07F2DE9F041066900F1D4
:10B0F000140808EB860656F8047C3846FFF786FDF0
:10B10000C0F120030A280B60A6F1040318DC98455F
:10B11000C0F10B0238BF56F8083C27FA02F100F1E3
:10B12000150041F07F5534BFD340002307FA00F0EB
:10B1300045F4401540EA030445EC104BBDE8F081AE
:10B14000984520D2B0F10B0356F8082C1ED007FA10
:10B1500003F040F07F57C3F1200EA6F1080147F439
:10B16000401722FA0EF0884547EA000520D256F82B
:10B170000C1C02FA03F021FA0EF31843044645ECC6
:10B18000104BBDE8F0810B3809D1024647F07F55DE
:10B1900045F44015144645EC104BBDE8F08107FA24
:10B1A00000F040F07F55002045F440150446E6E7E6
:10B1B00002FA03F00446E2E72DE9F04357EC106B86
:10B1C00083B0884601213C46C7F30A551746FFF76E
:10B1D00061FCC4F3130481460DB144F4801401945E
:10B1E0001EB302A840F8086DFFF730FD002834D1E7
:10B1F0009DE80C00C9F81420002B0CBF012102218E
:10B20000C9F81830C9F81010DDB909EB8103A0F2B4
:10B210003240C8F800001869FFF7F8FCC0EB411095
:10B220003860484603B0BDE8F08301A8FFF70EFD83
:10B23000019BC9F8143001212030C9F81010002DED
:10B24000E3D0A5F233450544C0F13500C8F80050FD
:10B250003860484603B0BDE8F0839DE80C00C0F1BB
:10B26000200103FA01F10A43C3400193C9F81420F5
:10B27000C2E700BF30B587B00C4604A90546FFF70A
:10B2800033FF204605A98DED000BFFF72DFF206948
:10B290002969059B049A091AD21A02EB41138DED14
:10B2A000020B002BDDE90001DDE902450BDD01EBBE
:10B2B0000351CDE900019DED007B9DED026B87EE12
:10B2C000060B07B030BDA5EB0355CDE90245F2E70B
:10B2D00070B4146902F1140301394E1103EB8404B4
:10B2E0000136A34200EB86060CD2011F53F8045B23
:10B2F00041F8045F9C42F9D8A31A153B23F00303DD
:10B3000004331844864204D9002340F8043B8642A3
:10B31000FBD870BC704700BF03694A11934210B458
:10B3200000F1140410DA04EB83039C4221D253F899
:10B33000040C043B18B115E053F8042D92B99C425B
:10B34000FAD35DF8044B704710DD11F01F010DD0EA
:10B3500054F8220020FA01F303FA01F1884204EBC9
:10B360008203E2D001205DF8044B704704EB8203B6
:10B37000DBE70020E5E700BF70B50D461446064642
:10B3800018B1836B0BB9FEF70BFCA368013B002BD4
:10B39000A36005DBE8B223685A1C22601D7070BDF3
:10B3A000A269934202DBE8B20A28F4D12246294678
:10B3B0003046BDE8704000F00BB900BF10B50C4638
:10B3C000B1F90E1000F04AFA002803DB236D0344A4
:10B3D000236510BDA38923F48053A38110BD00BF52
:10B3E0002DE9F0411646B1F90C201F46D3050C4655
:10B3F000054607D500220223B1F90E1000F018FA15
:10B40000B4F90C20B4F90E1022F48052A2813B460C
:10B4100032462846BDE8F041FDF780BA10B50C462B
:10B42000B1F90E1000F004FAA389421C0EBF23F4F8
:10B43000805343F480532065A38110BDB1F90E10F1
:10B4400000F01CB92DE9F04F936883B09046002BB3
:10B4500072D083464FF00009166808688B680D4665
:10B460004C46002C45D09C421F469A4646D3AB8999
:10B4700013F4906F2DD06F69296907EB4707C1EB73
:10B48000000A07EBD777601C7F105044B8423A4659
:10B4900084BF07463A465B0533D511465846F7F751
:10B4A00079FF002837D0524629690190F4F744FA11
:10B4B000AA89019B22F4906242F08002AA81CAEB21
:10B4C000070203EB0A006F612B612860AA60274620
:10B4D000A24652464946F8F75DFAD8F80820AB680C
:10B4E0002868DB1B5044141BAB602860C8F8084078
:10B4F00014B3D6F8009074680836B2E72746A2461F
:10B50000E7E75846F8F77EFB03460028D7D12969BC
:10B510005846FEF79DFB0C23CBF80030AB89002288
:10B5200043F040034FF0FF30AB81C8F80820C8F863
:10B53000042003B0BDE8F08F0020C8F8040003B079
:10B54000BDE8F08F4B6E2DE9F0479C0492462CD558
:10B55000936812683BB30F46804602F1080919E967
:10B560006000B60817D0043D002401E0A64210D0C8
:10B570003A4655F8041F404600F020F9431C04F1F8
:10B580000104F3D10023CAF80830CAF80430BDE83A
:10B59000F087DAF80830A3EB8603CAF8083009F11F
:10B5A0000809002BDBD10020ECE7FEF739FC002373
:10B5B000CAF80830CAF80430BDE8F08793680BB1C8
:10B5C000FFF7C0BF10B4184653605DF8044B7047D6
:10B5D000F8B50D461446064610B1836B002B4AD0D1
:10B5E000B4F90C20A369A36091B2080738D5236988
:10B5F000002B35D08904EFB215D522686169D31AC2
:10B600008B421CDA0133A168501C0139A160206013
:10B61000157062699A421AD0A389DB0701D50A2FF7
:10B6200015D03846F8BD616E42F4005221F4005145
:10B63000A281226861666169D31A8B42E2DB2146EE
:10B640003046FEF719FA40B922680123DBE72146AC
:10B650003046FEF711FA0028E3D04FF0FF37E0E75D
:10B6600021463046FDF770F90028F6D1B4F90C20D8
:10B67000236991B2BEE7FEF793FAB1E738B5074CFC
:10B680000023054608462360F4F7B6FF431C00D0AC
:10B6900038BD2368002BFBD02B6038BD6CF7002031
:10B6A00000293DD070B505460C4608B1836B7BB3CD
:10B6B000B4F90C300BB9002070BD21462846FEF7C6
:10B6C00037F9E36A064633B1E1692846984700280E
:10B6D000B8BF4FF0FF36A3891B061CD4216B41B1C4
:10B6E00004F14003994202D02846FEF7B1FA002344
:10B6F0002363616C21B12846FEF7AAFA0023636434
:10B70000FEF754FA0023A381FEF752FA304670BDCB
:10B71000FEF746FACCE721692846FEF799FADDE7FD
:10B72000002070472DE9F04782B0804689461446D4
:10B73000F7F704FE012833D004F15C034A4601A95F
:10B74000404600F0A1F8B0F1FF3F824621D088B317
:10B750009DF80460002508E023685A1C22601E70D2
:10B760000135554526D201AB5E5DA368013B002B38
:10B77000A360F1DAA769BB4231462246404601DBAD
:10B780000A2EE9D1FFF724FF431CE9D102B0BDE83E
:10B79000F087A38943F04003A38102B0BDE8F0879E
:10B7A00009F1FF33FE2BC7D85FFA89F682468DF880
:10B7B0000460CFE7484602B0BDE8F087B2F90C302C
:10B7C00013F4005F0BD110B4546E43F4005344F4EF
:10B7D0000054546693815DF8044BFFF7A3BFFFF755
:10B7E000A1BF00BF38B50B46074C054611461846A9
:10B7F00000232360F4F704FF431C00D038BD236806
:10B80000002BFBD02B6038BD6CF7002038B5074CFF
:10B810000023054608462360F4F7F8FE431C00D0D9
:10B8200038BD2368002BFBD02B6038BD6CF700209F
:10B8300070B50D46084C114606461A4628460023A8
:10B840002360F4F7E5FE431C00D070BD2368002B95
:10B85000FBD0336070BD00BF6CF7002070B50D46A3
:10B86000084C114606461A46284600232360F4F782
:10B87000C1FE431C00D070BD2368002BFBD0336099
:10B8800070BD00BF6CF70020F0B5064685B01F46BE
:10B8900089B1104C104D2468646B002C08BF2C46F5
:10B8A000D4F8E040A047431C03D100228A233A6029
:10B8B000336005B0F0BD0C460649074A0968496B7C
:10B8C000002908BF11462246D1F8E04001A9A0474F
:10B8D000E9E700BF4C670020D06100205FF800F06E
:10B8E00075DD01605FF800F0C52B02605FF800F0C5
:10B8F000A9CE01605FF800F0212202605FF800F03D
:04B90000192C02609C
:04B90400F8B500BFD3
:08B908008475FF7F01000000BF
:10B910000000000000000000000000000000000027
:10B920000000000000000000000000000000000017
:10B930000000000000000000000000000000000007
:10B9400000000000000000000000000000000000F7
:10B9500000000000000000000000000000000000E7
:10B9600000000000000000000000000000000000D7
:10B9700000000000000000000000000000000000C7
:10B9800000000000000000000000000000000000B7
:10B9900000000000000000000000000000000000A7
:10B9A0000000000000000000000000000000000097
:10B9B0000000000000000000000000000000000087
:10B9C0000000000000000000000000000000000077
:10B9D0000000000000000000000000000000000067
:10B9E0000000000000000000000000000000000057
:10B9F0000000000000000000000000000000000047
:10BA00000000000000000000000000000000000036
:10BA10000000000000000000000000000000000026
:10BA20000000000000000000000000000000000016
:10BA30000000000000000000000000000000000006
:10BA400000000000000000000000000000000000F6
:10BA500000000000000000000000000000000000E6
:10BA600000000000000000000000000000000000D6
:10BA700000000000000000000000000000000000C6
:10BA800000000000000000000000000000000000B6
:10BA900000000000000000000000000000000000A6
:10BAA0000000000000000000000000000000000096
:10BAB0000000000000000000000000000000000086
:10BAC0000000000000000000000000000000000076
:10BAD0000000000000000000000000000000000066
:10BAE0000000000000000000000000000000000056
:10BAF0000000000000000000000000000000000046
:10BB00000000000000000000000000000000000035
:10BB10000000000000000000000000000000000025
:10BB20000000000000000000000000000000000015
:10BB30000000000000000000000000000000000005
:10BB400000000000000000000000000000000000F5
:10BB500000000000000000000000000000000000E5
:10BB600000000000000000000000000000000000D5
:10BB700000000000000000000000000000000000C5
:10BB800000000000000000000000000000000000B5
:10BB900000000040FB21F93F000000002D44743EEE
:10BBA000000000809846F83C0000006051CC783BD3
:10BBB00000000080831BF0390000004020257A3807
:10BBC000000000802282E336000000001DF369358A
:10BBD0000080E03779C34143176E05B5B5B8934689
:10BBE000F5F93FE9034F384D321D30F94877825A55
:10BBF0003CBF737FDD4F1575000000000000F03F73
:10BC00000000000000002440000000000000594037
:10BC10000000000000408F40000000000088C3408A
:10BC200000000000006AF8400000000080842E41FF
:10BC300000000000D01263410000000084D797414B
:10BC40000000000065CDCD41000000205FA0024251
:10BC5000000000E876483742000000A2941A6D42C6
:10BC6000000040E59C30A2420000901EC4BCD642B9
:10BC700000003426F56B0C430080E03779C3414364
:10BC800000A0D8855734764300C84E676DC1AB43DA
:10BC9000003D9160E458E143408CB5781DAF1544F8
:10BCA00050EFE2D6E41A4B4492D54D06CFF08044D3
:10BCB000F64AE1C7022DB544B49DD9794378EA44E8
:10BCC0004FBB610567ACDD3F182D4454FB21E93FB4
:10BCD0009BF681D20B73EF3F182D4454FB21F93FA3
:10BCE000E2652F227F2B7A3C075C143326A6813C29
:10BCF000BDCBF07A8807703C075C143326A6913CD4
:10BD0000BC89D897B2D29C3C33A7A8D523F6493931
:10BD10003DA7F444FD0FA5329D978CCF08BA5B2553
:10BD2000436FAC64280668113C1850000000010104
:10BD300000010101010201010202010203010203EB
:10BD400002020402020502020503020603020703BF
:10BD50000207040307040307050407050407060593
:10BD60000706060706060707070707000100040085
:10BD70006C250020E4250020182600204C260020F9
:10BD800080260020B42600202B8104002100000022
:10BD90002B81040022000000AABBCC03020100FF9B
:10BDA000FFFFFFFF1122330A0B0CCCDDDDDDDDDDF3
:10BDB00000000000020305070B0D1113171D1F25BE
:10BDC000292B2F353B3D4347494F53596165676BDD
:10BDD0006D717F83898B95979DA3A7ADB3B5BFC1C7
:10BDE000C5C7D3DFE3E5E9EFF1FB0000FFFFFFFF8D
:10BDF000FFFFFFFFC90FDAA22168C234C4C6628BFD
:10BE000080DC1CD129024E088A67CC74020BBEA6C6
:10BE10003B139B22514A08798E3404DDEF9519B308
:10BE2000CD3A431B302B0A6DF25F14374FE1356D6D
:10BE30006D51C245E485B576625E7EC6F44C42E93A
:10BE4000A637ED6B0BFF5CB6F406B7EDEE386BFB77
:10BE50005A899FA5AE9F24117C4B1FE64928665145
:10BE6000ECE45B3DC2007CB8A163BF0598DA4836BC
:10BE70001C55D39A69163FA8FD24CF5F83655D23C7
:10BE8000DCA3AD961C62F356208552BB9ED52907D4
:10BE90007096966D670C354E4ABC9804F1746C0828
:10BEA000CA18217C32905E462E36CE3BE39E772C1C
:10BEB000180E86039B2783A2EC07A28FB5C55DF001
:10BEC0006F4C52C9DE2BCBF6955817183995497C23
:10BED000EA956AE515D2261898FA051015728E5A59
:10BEE0008AACAA68FFFFFFFFFFFFFFFF0000000012
:10BEF000551D2500000000000D0A000000C03D4057
:10BF000000003E4000403E4000C01D4000001E407A
:10BF100000401E40B04C0020B84C0020C04C002017
:10BF2000C84C002040CF026010CF0260E0CE02601B
:10BF3000B0CE026080CE026050CE026003040506DF
:10BF4000070800000102030405060000101C002081
:10BF5000181C0020241C0020D01400202C1C0020C1
:10BF6000381C0020F0D50260C0D5026090D5026078
:10BF700060D502600002000000040000000800001C
:10BF80000010000000000000000000002943000035
:10BF90009D000000494A0000350200005D2D0000B0
:10BFA000390200003D020000000000000000000017
:10BFB00049590000595A00007D00000061590000F5
:10BFC00041590000715A0000F15A000085590000E3
:10BFD000155B000065590000315A0000D15900007E
:10BFE000415A0000655B0000A95A00002159000079
:10BFF00029590000395900004D5A00003D590000F0
:10C00000000000000000000091ED0000DDF00000E5
:10C01000F1E70000C9E8000011E8000039E800007D
:10C02000E5E800000000000000000000F917010032
:10C03000F1170100ED170100E9170100E5170100F4
:10C04000E1170100DD170100D91701000000000011
:10C050000000000055E3000085E300007D000000C3
:10C0600051E300000DE3000019E3000039E3000094
:10C07000000000000000000021EF00000000C1C02F
:10C0800081C1400101C3C003800241C201C6C00694
:10C09000800741C70005C1C581C4400401CCC00C64
:10C0A000800D41CD000FC1CF81CE400E000AC1CA24
:10C0B00081CB400B01C9C009800841C801D8C01814
:10C0C000801941D9001BC1DB81DA401A001EC1DE94
:10C0D00081DF401F01DDC01D801C41DC0014C1D484
:10C0E00081D5401501D7C017801641D601D2C012A4
:10C0F000801341D30011C1D181D0401001F0C03074
:10C10000803141F10033C1F381F240320036C1F693
:10C1100081F7403701F5C035803441F4003CC1FC63
:10C1200081FD403D01FFC03F803E41FE01FAC03A23
:10C13000803B41FB0039C1F981F840380028C1E853
:10C1400081E9402901EBC02B802A41EA01EEC02E93
:10C15000802F41EF002DC1ED81EC402C01E4C02483
:10C16000802541E50027C1E781E640260022C1E2A3
:10C1700081E3402301E1C021802041E001A0C060B3
:10C18000806141A10063C1A381A240620066C1A693
:10C1900081A7406701A5C065806441A4006CC1AC63
:10C1A00081AD406D01AFC06F806E41AE01AAC06A23
:10C1B000806B41AB0069C1A981A840680078C1B813
:10C1C00081B9407901BBC07B807A41BA01BEC07E93
:10C1D000807F41BF007DC1BD81BC407C01B4C07483
:10C1E000807541B50077C1B781B640760072C1B2A3
:10C1F00081B3407301B1C071807041B00050C190F3
:10C20000819140510193C053805241920196C05692
:10C21000805741970055C19581944054019CC05C62
:10C22000805D419D005FC19F819E405E005AC19A22
:10C23000819B405B0199C059805841980188C04852
:10C2400080494189004BC18B818A404A004EC18E92
:10C25000818F404F018DC04D804C418C0044C18482
:10C26000818540450187C047804641860182C042A2
:10C27000804341830041C181818040409955000045
:10C280002D560000295600009D550000A1550000C4
:10C29000000000000000000000000000000000009E
:10C2A000000000000000000000000000000000008E
:10C2B000000000000000000000000000000000007E
:10C2C00000000000101112131415161718190000A1
:10C2D00000000000001A1B1C1D1E1F0000000000B3
:10C2E000000000000000000000000000000000004E
:10C2F00000000000001A1B1C1D1E1F000000000093
:10C30000000000000000000000000000000000002D
:10C31000000000000000000000000000000000001D
:10C32000000000000000000000000000000000000D
:10C3300000000000000000000000000000000000FD
:10C3400000000000000000000000000000000000ED
:10C3500000000000000000000000000000000000DD
:10C3600000000000000000000000000000000000CD
:10C3700000000000000000000000000000000000BD
:10C3800000000000000000000000000000000000AD
:10C39000000000000020202020202020202028282D
:10C3A0002828282020202020202020202020202075
:10C3B00020202020208810101010101010101010B5
:10C3C00010101010100404040404040404040410E5
:10C3D0001010101010104141414141410101010173
:10C3E000010101010101010101010101010101013D
:10C3F0001010101010104242424242420202020249
:10C40000020202020202020202020202020202020C
:10C4100010101010200000000000000000000000BC
:10C42000000000000000000000000000000000000C
:10C4300000000000000000000000000000000000FC
:10C4400000000000000000000000000000000000EC
:10C4500000000000000000000000000000000000DC
:10C4600000000000000000000000000000000000CC
:10C4700000000000000000000000000000000000BC
:10C4800000000000000000000000000000000000AC
:10C490000000000000000000D856002020202020CE
:10C4A000202020202020202020202020202020208C
:10C4B00020202020202020202020202000000042BA
:10C4C000C8801F40B8821F400800000000000042E2
:10C4D000C4801F40B4821F400400000000C000421E
:10C4E00024801F4014821F401000000000C0004242
:10C4F00028801F4018821F402000000000C000421A
:10C500002C801F401C821F404000000000C00042E1
:10C5100034801F4024821F40000100000040004280
:10C5200064811F4054831F4000040000004000420B
:10C5300080811F4070831F400000020000400042C5
:10C540007C811F406C831F400000010000400042BE
:10C5500068811F4058831F400008000000400042CF
:10C560003C811F402C831F4001000000004000421E
:10C5700044811F4034831F400400000000400042FB
:10C5800040811F4030831F400200000000400042F5
:10C5900048811F4038831F4008000000000000420F
:10C5A00004811F40F4821F4000000400000000428C
:10C5B00008811F40F8821F40000008000000004270
:10C5C00018811F4008831F400000800000000042C7
:10C5D00014811F4004831F400000400000000042FF
:10C5E00000811F40F0821F40000002000000004256
:10C5F000FC801F40EC821F40000001000000004250
:10C6000024811F4014831F400000000400000042EA
:10C6100028811F4018831F400000000800000042CE
:10C620001C811F400C831F400000000100000042DD
:10C6300020811F4010831F400000000200000042C4
:10C64000EC801F40DC821F40001000000000004210
:10C65000F0801F40E0821F400020000000000042E8
:10C6600034811F4024831F4000000040000000422E
:10C6700038811F4028831F40000000800080004256
:10C6800094801F4084821F400000040000C00042CC
:10C6900090801F4080821F40000000800080004288
:10C6A000A8801F4098821F40000080000080004248
:10C6B000A4801F4094821F400000400000400042C0
:10C6C0006C811F405C831F400010000000C00042CE
:10C6D00030801F4020821F40800000000040004248
:10C6E000B0811F40A0831F40000000200040004296
:10C6F000AC811F409C831F4000000010004000429E
:10C7000084811F4074831F400000040000400042E9
:10C7100088811F4078831F4000000800000000420D
:10C720002C811F401C831F400000001000000042AD
:10C7300030811F4020831F40000000200000004285
:10C740000C811F40FC821F400000100000000042CE
:10C7500010811F4000831F40000020000080004225
:10C76000C8811F40B8831F40008000000080004245
:10C77000C4811F40B4831F4000400000008000427D
:10C78000C0811F40B0831F40002000000080004295
:10C79000BC811F40AC831F4000100000008000429D
:10C7A000D0811F40C0831F40000002000080004273
:10C7B000CC811F40BC831F400000010000C000422C
:10C7C00074801F4064821F400000000100C00042CE
:10C7D00080801F4070821F400000000800C000429F
:10C7E00084801F4074821F400000001000C000427F
:10C7F0006C801F405C821F400000400000C000426F
:10C800007C801F406C821F400000000400C000427A
:10C8100078801F4068821F400000000200C0004274
:10C8200088801F4078821F4000000020638253638D
:10C83000FFFFFFFFFFFF00000000000000000000FE
:10C84000010000000600000051650000296500009D
:10C8500019820000E5810000E181000055630000BD
:10C86000A96400009183000099630000F582000034
:10C87000B1820000680F0020E16300004564000001
:10C8800014680020786900209C6900205469002009
:10C890000000000035A600000DA80000D9A7000088
:10C8A0000000000075A700007DA600004DA6000056
:10C8B000058900004589000000000000010000001B
:10C8C000E1BC0000A1D8000085CF0000ADBC000095
:10C8D0009DC6000021CE0000ADC8000099BF000039
:10C8E0002DBC0000E5D7000000000000E1DD0000E5
:10C8F0005DE0000031E0000000000000D1DF00003A
:10C9000039DE000009DE00000589000045890000CD
:10C910000000000035000000CEFBFFFFCB0300004D
:10C92000010000000000000034000000CEFBFFFF0B
:10C93000CB03000001000000000000000200000026
:10C940000300000004000000060000001B050000BA
:10C9500017050000FB21F93FFB2109407CD912405B
:10C96000FB2119407A6A1F407CD92240BBFD25403B
:10C97000FB2129403A462C407A6A2F405C473140DF
:10C980007CD932409C6B3440BBFD3540DB8F374057
:10C99000FB2139401BB43A403A463C405AD83D400E
:10C9A0007A6A3F404C7E40405C4741406C104240B8
:10C9B0007CD942408CA243409C6B4440AC344540FF
:10C9C000BBFD4540CBC64640DB8F4740EB58484057
:10C9D000FB21494005000000190000007D00000017
:10C9E00007080C0B06050F000D0E010283840708D3
:10C9F0000C0B06050F000D0E01028384FFFFFFFFE5
:10CA0000FFFFFFFFFFFF8182090A00000101000410
:10CA10000100000401320101013202010110010193
:10CA200001110101011201020103020601030106C5
:10CA300001120202020000010202000102010001D3
:10CA40000210000102220001022300010000000088
:10CA5000000000000221000102200001000000008F
:10CA60000000000001300101013101010102000458
:10CA70000103000400000000000000000121020189
:10CA80000121010100000000000000000000000082
:10CA90000110020100000000000000000113010667
:10CAA000011302060000000000000000000000006A
:10CAB0000000000001010201010101010100020169
:10CAC0000100010101020201010201010000000058
:10CAD000000000000000000001230201000000002F
:10CAE00000000000012001012425732A256325632D
:10CAF0000D0A000041444320436F6E6E6563746904
:10CB00006F6E204F4B00000041444320436F6E6E18
:10CB10006563746F6E204641494C45442100000016
:10CB20004175746F73746565722072756E6E696E8F
:10CB3000672C2077616974696E6720666F72204187
:10CB4000674F70656E475053000000004175746F69
:10CB500073746565722064697361626C65642C200E
:10CB6000475053206F6E6C79206D6F646500000034
:10CB7000546F6F2062696720646174612066726F10
:10CB80006D20544D3137312100000000496E697429
:10CB900069616C697A696E672065746865726E6533
:10CBA00074207769746820737461746963204950D4
:10CBB00020616464726573730000000045746865E9
:10CBC000726E657420736869656C64207761732088
:10CBD0006E6F7420666F756E642E204750532076FA
:10CBE000696120555342206F6E6C792E0000000061
:10CBF00045746865726E6574206361626C65206956
:10CC000073206E6F7420636F6E6E6563746564204D
:10CC10002D205374617274696E6720657468657243
:10CC20006E657420616E797761792E000D0A457406
:10CC30006865726E657420737461747573204F4BF0
:10CC400000000000495020736574204D616E7561CD
:10CC50006C6C793A200000000D0A45746865726EAC
:10CC60006574204950206F66206D6F64756C653A5D
:10CC70002000000045746865726E65742073656EEF
:10CC800064696E6720746F2049503A2000000000EC
:10CC9000416C6C20646174612073656E64696E67B9
:10CCA00020746F20706F72743A20000045746865BC
:10CCB000726E657420474E5353205544502073655F
:10CCC0006E64696E672066726F6D20706F72743A61
:10CCD0002000000045746865726E6574204E5452E1
:10CCE000495020554450206C697374656E696E67B5
:10CCF00020746F20706F72743A200000457468656C
:10CD0000726E6574204175746F5374656572205539
:10CD10004450206C697374656E696E6720746F206F
:10CD2000262073656E642066726F6D20706F72745A
:10CD30003A200000474E4747412C25732C25732C81
:10CD400025732C25732C25732C25732C25732C25EA
:10CD5000732C25732C4D2C25732C4D2C25732C25D1
:10CD600073000000474E5654472C25732C542C2C2E
:10CD70004D2C25732C4E2C25732C4B2C4100000080
:10CD8000474E5654472C2C542C2C4D2C2C4E2C2CCE
:10CD90004B2C4E00474E5448532C25732C41000019
:10CDA000494E4850522C25732C252E32662C252EA8
:10CDB00032662C252E32662C342C2C2C00000000E0
:10CDC000494E4850522C25732C2C2C2C302C2C2CBA
:10CDD00000000000474E5448532C2C560000000021
:10CDE0006F74686572000000206669786564292C9C
:10CDF0002073656E742061732024474E544853009D
:10CE000020666C6F6174292C2073656E74206173C9
:10CE10002024474E544853005B7374617475735DEE
:10CE20002045746865726E65743A206C696E6B207B
:10CE300075702C206D6F64756C6520495020000062
:10CE40002C2073656E64696E6720746F200000008B
:10CE50003A0000005B7374617475735D20457468FB
:10CE600065726E65743A206361626C6520756E70E0
:10CE70006C7567676564202F206E6F206C696E6B20
:10CE8000000000005B7374617475735D2041674F2F
:10CE900070656E57656220636F6E6E65637465645E
:10CEA0002C204950200000005B7374617475735D21
:10CEB0002041674F70656E5765622073696C656EBF
:10CEC0007420666F72203520730000005B737461FC
:10CED0007475735D205254434D20636F72726563A5
:10CEE00074696F6E73206172726976696E6720660D
:10CEF000726F6D2041674F70656E57656220284ED6
:10CF000054524950290000005B7374617475735D5D
:10CF1000205254434D20636F7272656374696F6E63
:10CF2000732073746F70706564203520732061679F
:10CF30006F00000020286669782000002C20000087
:10CF400020736174656C6C69746573002C20636F69
:10CF50007272656374696F6E2061676520000000FE
:10CF60005B7374617475735D204750533A20666932
:10CF700072737420706F736974696F6E20000000A3
:10CF80002C20616C7469747564652000206D00004C
:10CF90005B7374617475735D204750533A20565427
:10CFA00047206172726976696E672C2073706565BF
:10CFB000642066726F6D20746865207265636569B0
:10CFC000766572005B7374617475735D20475053AE
:10CFD0003A206E6F205654472066726F6D20746839
:10CFE000652072656365697665722C20737065656E
:10CFF0006420636F6D70757465642066726F6D2058
:10D0000074686520706F736974696F6E73000000D7
:10D010005B7374617475735D204475616C3A206450
:10D0200075616C2D616E74656E6E612068656164FA
:10D03000696E67204F4B20284850522051462000EF
:10D040005B7374617475735D204475616C3A206E16
:10D050006F206475616C2D616E74656E6E61206801
:10D06000656164696E67202824474E544853206DDB
:10D070006F64652056292C2041674F70656E576597
:10D080006220757365732074686520544D313731A3
:10D090002068656164696E67202824494E485052B3
:10D0A000290000005B7374617475735D2053696EB1
:10D0B000676C6520616E74656E6E613A206E6F20DC
:10D0C0004850522066726F6D2074686520726563E7
:10D0D00065697665722028463950202F20583230F5
:10D0E000502C206F7220485052206F6666292C20E9
:10D0F00041674F70656E5765622075736573207464
:10D10000686520544D3137312068656164696E6708
:10D11000202824494E48505229202D207365742020
:10D120004475616C20475053206F66660000000014
:10D130005B7374617475735D20544D3137313A20DF
:10D1400064617461204F4B2028726F6C6C2C2061DD
:10D150006E642068656164696E6720776974686FC2
:10D160007574206475616C20616E74656E6E6129E2
:10D17000000000005B7374617475735D20544D3161
:10D1800037313A204E4F2044415441202D206E6FBC
:10D1900020726F6C6C2C206E6F20494D5520686595
:10D1A0006164696E67202824494E485052205146D8
:10D1B000203029005B7374617475735D2047505390
:10D1C0003A206E6F204747412066726F6D20746869
:10D1D0006520726563656976657220666F722035B9
:10D1E000207300005B7374617475735D2047505346
:10D1F0003A200000496E697469616C697365642046
:10D200004B6579612043414E42555300456E616242
:10D210006C6564204B657961206D6F746F720000DE
:10D22000746F6C6420746F2073746565722C207742
:10D23000697468200000000020736F2E2E2E2E00CF
:10D240004920636F6E7665727465642074686174DA
:10D2500020746F20737065656420000070776D44E2
:10D2600072697665203C207A65726F202D20636C90
:10D270006F636B77697365202D20737465657253D6
:10D28000706565642000000070776D447269766592
:10D29000203E207A65726F202D20616E7469636C68
:10D2A0006F636B2D636C6F636B77697365202D20E3
:10D2B000737465657253706565642000472D48502E
:10D2C00052000000472D565447000000472D4747A5
:10D2D0004100000053746172742076352041494F3B
:10D2E00020554D3938322F583230502F4639502082
:10D2F000544D31373120474E48505220494E485006
:10D300005220736574757000474E535320726563E5
:10D310006569766572206F6E2053657269616C373E
:10D320000000000053657269616C414F472C205327
:10D33000657269616C52544B2C2053657269616C43
:10D3400047505320696E697469616C697A6564003D
:10D350000D0A5374617274696E67204175746F535E
:10D36000746565722E2E2E000D0A537461727469F5
:10D370006E672045746865726E65742E2E2E0000EF
:10D380000D0A5374617274696E6720544D313731E0
:10D3900020494D55206F6E2053657269616C352EA2
:10D3A0002E2E0000544D313731204F4B206F6E2010
:10D3B00053657269616C3500544D313731204E4FE1
:10D3C00054206465746563746564206F6E205365D2
:10D3D0007269616C352028636865636B20776972B8
:10D3E000696E672F62617564290000005374617271
:10D3F00074696E672043414E4255532E2E2E000015
:10D40000446574656374696E6720737465657269D9
:10D410006E67207479706520284B657961204341DF
:10D420004E202F204879647261756C6963292E2E15
:10D430002E0000004B657961206D6F746F7220645F
:10D4400065746563746564202D3E2043414E2062FF
:10D450007573207374656572696E670048796472CC
:10D4600061756C6963207374656572696E67207697
:10D47000696120437974726F6E2050574D0000002F
:10D480000D0A456E642073657475702C2077616990
:10D4900074696E6720666F72204750532E2E2E0DD2
:10D4A0000A000000436865636B696E6720666F72EF
:10D4B000204E4D4541206174200000004747412C1B
:10D4C00000000000466F756E64204E4D454120619E
:10D4D000742062617564726174653A200000000016
:10D4E00021414F474F4B0000474E53532072656315
:10D4F0006569766572206E6F742064657465637407
:10D500006564206174203436303830302E20436812
:10D5100065636B20666F72206661756C74732E0094
:10D520006E6F2066697800004750532073696E67FC
:10D530006C650000444750530000000052544B20DB
:10D54000666978656400000052544B20666C6F6118
:10D5500074000000303132333435363738394142C7
:10D56000434445460000000053746174654572727F
:10D570003A200000436F6E6E656374204572723A04
:10D580002000000053656E644572723A200000006E
:10D590002563000064656300656E630020204145DB
:10D5A000532D4543422D25336420282573293A20E5
:10D5B00000000000736B69707065640070617373C4
:10D5C0006564000020204145532D4342432D2533FF
:10D5D0006420282573293A200000000020204145BE
:10D5E000532D4346423132382D253364202825738C
:10D5F000293A200020204145532D4354522D3132E9
:10D600003820282573293A20000000006661696CE3
:10D6100065640000202042617365363420656E63C6
:10D620006F64696E6720746573743A2000000000AF
:10D630007061737365640A2020426173653634201B
:10D640006465636F64696E6720746573743A200063
:10D650007061737365640A00454645303231433268
:10D660003634354644314443353836453639313819
:10D6700034414634413331454435463533453933F9
:10D680004235463132334641343136383038363718
:10D69000424131313031333139343446453739350F
:10D6A00032453235313733333737383043423044FF
:10D6B000423830453631414145374338444443369A
:10D6C0004335433641414445423334454233384182
:10D6D000324634304435453600000000423245378A
:10D6E000454644333730373542394630334646397C
:10D6F00038394337433530353143323033344432AF
:10D7000041333233383130323531313237453742B7
:10D710004638363235413446343941354633453260
:10D72000374634444138424435394334374436442B
:10D730004141424134433831323742443542354326
:10D740003235373633323232464546434346433329
:10D750003842383332333636433239450000000020
:10D76000303036364131393831383643313843314B
:10D77000304232463545443942353232373532410E
:10D780003938333042363939313645353335433817
:10D790004630343735313841383839413433413502
:10D7A00039344236424544323741313638443331D8
:10D7B00044344135324638383932354141384635BE
:10D7C0000000000036303241423745434135393799
:10D7D000413344364235364646393832394135458B
:10D7E0003842383539453835374541393541303398
:10D7F0003531324532424145373339313638384494
:10D800003236344141353636334230333431444296
:10D810003943434644324334433546343231464536
:10D82000433831343830303142373245383438417A
:10D83000333843414531433635463738453536412F
:10D84000424445464531324433433033394238410E
:10D850003032443642453539334630424242444103
:10D860003536463145434636373731353245463809
:10D87000303433373043314133303543414633421E
:10D880003542463133303837394235364336314404
:10D8900045353834413046353341323434374135FB
:10D8A0003145000020204D504920746573742023B9
:10D8B0003120286D756C5F6D7069293A2000000079
:10D8C00032353635363733333630353945353243F0
:10D8D00041453232393235343734373035463339D1
:10D8E000413934003636313346323631363232320F
:10D8F000334446343838453943443438434331336C
:10D90000324337413041433933433730314230308D
:10D910003142303932453445354239463733424356
:10D920004432374239454535304430363537433750
:10D930003746333734453930334344464134433630
:10D940003432000020204D50492074657374202328
:10D950003220286469765F6D7069293A20000000E2
:10D9600020204D504920746573742023332028658E
:10D9700078705F6D6F64293A2000000020204D50C0
:10D980004920746573742023342028696E765F6D96
:10D990006F64293A200000006661696C656420614B
:10D9A000742025640A000000556E65787065637404
:10D9B0006564206572726F722C2072657475726E68
:10D9C00020636F6465203D20253038580A00000030
:10D9D00033364531333941454135353231353630CD
:10D9E00039443238313639393845443032304242A0
:10D9F000424439364333373839304636353137319A
:10DA0000443934384539424337434241413444393B
:10DA10003332354432344436413343313237313096
:10DA200046313041303946413038414238370000C4
:10DA3000303033413041414544443745373834462E
:10DA400043303744384639454336453342464435FA
:10DA5000433344424137363435363336334131303F
:10DA600038363936323245414332444438344543FE
:10DA700043354238413734444143344430394530EA
:10DA800033423545304245373739463244463631E0
:10DA90000000000020204D5049207465737420233D
:10DAA00035202873696D706C6520676364293A209E
:10DAB00000000000202043414D454C4C49412D457C
:10DAC00043422D25336420282573293A2000000085
:10DAD000202043414D454C4C49412D4342432D2587
:10DAE000336420282573293A200000002020434178
:10DAF0004D454C4C49412D4354522D31323820284C
:10DB00002573293A20000000202043434D3A20731A
:10DB100065747570206661696C65640020204343FC
:10DB20004D2D414553202325753A20004445532D62
:10DB3000454445332D434243000000004445532DE6
:10DB4000454445332D454342000000004445532DD4
:10DB50004544452D434243004445532D4544452DFE
:10DB6000454342004445532D4543420043414D4502
:10DB70004C4C49412D3235362D43434D00000000B9
:10DB800043414D454C4C49412D3139322D43434D94
:10DB90000000000043414D454C4C49412D31323885
:10DBA0002D43434D0000000043414D454C4C49413D
:10DBB0002D3235362D47434D0000000043414D4581
:10DBC0004C4C49412D3139322D47434D0000000066
:10DBD00043414D454C4C49412D3132382D47434D41
:10DBE0000000000043414D454C4C49412D32353633
:10DBF0002D4354520000000043414D454C4C4941D7
:10DC00002D3139322D4354520000000043414D451F
:10DC10004C4C49412D3132382D4354520000000004
:10DC200043414D454C4C49412D3235362D434642FA
:10DC30003132380043414D454C4C49412D31393248
:10DC40002D4346423132380043414D454C4C494109
:10DC50002D3132382D4346423132380043414D4553
:10DC60004C4C49412D3235362D43424300000000D3
:10DC700043414D454C4C49412D3139322D434243AE
:10DC80000000000043414D454C4C49412D31323894
:10DC90002D4342430000000043414D454C4C494157
:10DCA0002D3235362D4543420000000043414D459D
:10DCB0004C4C49412D3139322D4543420000000082
:10DCC00043414D454C4C49412D3132382D4543425D
:10DCD000000000004145532D3235362D43434D00A1
:10DCE0004145532D3139322D43434D004145532D8C
:10DCF0003132382D43434D004145532D3235362DB9
:10DD000047434D004145532D3139322D47434D0096
:10DD10004145532D3132382D47434D004145532D58
:10DD20003235362D435452004145532D3139322D71
:10DD3000435452004145532D3132382D4354520043
:10DD40004145532D3235362D43464231323800009D
:10DD50004145532D3139322D43464231323800008E
:10DD60004145532D3132382D43464231323800007F
:10DD70004145532D3235362D434243004145532D05
:10DD80003139322D434243004145532D3132382D34
:10DD9000434243004145532D3235362D4543420021
:10DDA0004145532D3139322D454342004145532DD4
:10DDB0003132382D45434200202044455325632D00
:10DDC0004543422D25336420282573293A2000003D
:10DDD000202044455325632D4342432D25336420A1
:10DDE000282573293A2000002D2D2D2D2D454E4438
:10DDF00020444820504152414D45544552532D2D09
:10DE00002D2D2D002D2D2D2D2D424547494E2044E1
:10DE10004820504152414D45544552532D2D2D2DF2
:10DE20002D000000202044484D20706172616D6516
:10DE3000746572206C6F61643A20000073656370D2
:10DE4000333834723100000020204543502074657F
:10DE500073742023312028636F6E7374616E742095
:10DE60006F705F636F756E742C20626173652070D4
:10DE70006F696E742047293A20000000303030303E
:10DE80003030303030303030303030303030303092
:10DE90003030303030303030303030303030303082
:10DEA0003030303030303030303030310000000031
:10DEB0006661696C656420282575290A00000000E8
:10DEC000202045435020746573742023322028633A
:10DED0006F6E7374616E74206F705F636F756E74B4
:10DEE0002C206F7468657220706F696E74293A20F7
:10DEF00000000000464646464646464646464646DA
:10DF000046464646464646464646464639394445CE
:10DF10004638333631343642433942314234443262
:10DF20003238333000000000354541364633383949
:10DF30004133384238424338314537363737353345
:10DF4000423135414135353639453137383245333F
:10DF50003041424537443235000000003430303023
:10DF600030303030303030303030303030303030B1
:10DF700030303030303030303030303030303030A1
:10DF80003030303030303030303030300000000051
:10DF90003746464646464646464646464646464630
:10DFA0004646464646464646464646464646464611
:10DFB0004646464646464646464646464646464601
:10DFC00000000000353535353535353535353535D5
:10DFD00035353535353535353535353535353535F1
:10DFE00035353535353535353535353535353535E1
:10DFF0003535353500000000736563703235367293
:10E0000031000000736563703232347231000000F9
:10E010007365637031393272310000002020414550
:10E02000532D47434D2D2533642023256420282577
:10E0300073293A200000000020204145532D47431A
:10E040004D2D253364202325642073706C69742062
:10E05000282573293A2000002020484D41435F4481
:10E0600052424720285052203D2054727565292085
:10E070003A2000002020484D41435F44524247204F
:10E08000285052203D2046616C736529203A2000BB
:10E090004D44350020204D44352074657374202391
:10E0A00025643A20000000002A864886F70D010109
:10E0B0000400000025642E25640000002E25640065
:10E0C000551D1300550403002A864886F70D0101EB
:10E0D000010000002A8648CE3D0201002A8648CE73
:10E0E0003D030101000000002A864886F70D020565
:10E0F000000000002A864886F70D02070000000095
:10E100002B06010505070301000000002B0E03028A
:10E110001A0000002B0E0302070000002A86488622
:10E12000F70D010C010300007062655769746853B4
:10E130004841416E64332D4B6579547269706C654A
:10E140004445532D4342430050424520776974684B
:10E15000205348413120616E6420332D4B65792076
:10E1600033444553000000002A864886F70D010C11
:10E170000104000070626557697468534841416E3C
:10E1800064322D4B6579547269706C654445532D2A
:10E190004342430050424520776974682053484108
:10E1A0003120616E6420322D4B6579203344455314
:10E1B00000000000686D61635348413100000000B9
:10E1C000484D41432D5348412D3100002A86488651
:10E1D000F70D020800000000686D6163534841328A
:10E1E00032340000484D41432D5348412D323234E2
:10E1F000000000002A864886F70D02090000000092
:10E20000686D61635348413235360000484D4143E3
:10E210002D5348412D323536000000002A864886AD
:10E22000F70D020A00000000686D61635348413336
:10E2300038340000484D41432D5348412D33383484
:10E24000000000002A864886F70D020B000000003F
:10E25000686D61635348413531320000484D414398
:10E260002D5348412D3531320000000069642D6D79
:10E270006435000069642D73686131005348412D95
:10E2800031000000608648016503040204000000BC
:10E2900069642D7368613232340000005348412DA7
:10E2A0003232340060864801650304020100000038
:10E2B00069642D7368613235360000005348412D82
:10E2C0003235360060864801650304020200000012
:10E2D00069642D7368613338340000005348412D60
:10E2E00033383400608648016503040203000000EF
:10E2F00069642D7368613531320000005348412D47
:10E300003531320064657343424300002A864886F3
:10E31000F70D0307000000006465732D6564653325
:10E320002D636263000000002A8648CE3D0301078A
:10E3300000000000727361456E6372797074696FDA
:10E340006E0000005253410069642D656350756290
:10E350006C69634B6579000047656E65726963207F
:10E360004543206B657900002B8104010C000000FF
:10E3700069642D65634448004543206B65792066D8
:10E380006F722045434448006D6435576974685284
:10E390005341456E6372797074696F6E00000000BE
:10E3A0005253412077697468204D443500000000C5
:10E3B0002A864886F70D0101050000007368612D6B
:10E3C0003157697468525341456E6372797074694C
:10E3D0006F6E0000525341207769746820534841A2
:10E3E000310000002A864886F70D01010E0000006A
:10E3F00073686132323457697468525341456E63B1
:10E4000072797074696F6E00525341207769746835
:10E41000205348412D323234000000002A864886BD
:10E42000F70D01010B000000736861323536576942
:10E430007468525341456E6372797074696F6E00EF
:10E440005253412077697468205348412D32353644
:10E45000000000002A864886F70D01010C0000002C
:10E4600073686133383457697468525341456E6339
:10E4700072797074696F6E005253412077697468C5
:10E48000205348412D333834000000002A86488646
:10E49000F70D01010D0000007368613531325769D5
:10E4A0007468525341456E6372797074696F6E007F
:10E4B0005253412077697468205348412D353132D9
:10E4C000000000002B0E03021D0000002A8648CE2B
:10E4D0003D04010065636473612D776974682D5391
:10E4E00048413100454344534120776974682053C3
:10E4F000484131002A8648CE3D0403010000000057
:10E5000065636473612D776974682D5348413232B5
:10E510003400000045434453412077697468205318
:10E5200048413232340000002A8648CE3D040302BE
:10E530000000000065636473612D776974682D5372
:10E540004841323536000000454344534120776945
:10E550007468205348413235360000002A8648CE80
:10E560003D0403030000000065636473612D776957
:10E5700074682D53484133383400000045434453F8
:10E5800041207769746820534841333834000000D3
:10E590002A8648CE3D0403040000000065636473CE
:10E5A000612D776974682D53484135313200000080
:10E5B00045434453412077697468205348413531BD
:10E5C000320000002A864886F70D01010A0000008B
:10E5D0005253415353412D505353000069642D6BE6
:10E5E000702D736572766572417574680000000065
:10E5F000544C5320576562205365727665722041F2
:10E60000757468656E7469636174696F6E0000008B
:10E610002B060105050703020000000069642D6B4D
:10E62000702D636C69656E7441757468000000003C
:10E63000544C532057656220436C69656E742041C9
:10E64000757468656E7469636174696F6E0000004B
:10E650002B060105050703030000000069642D6B0C
:10E66000702D636F64655369676E696E67000000A3
:10E67000436F6465205369676E696E670000000030
:10E680002B060105050703040000000069642D6BDB
:10E69000702D656D61696C50726F74656374696F1C
:10E6A0006E000000452D6D61696C2050726F7465BD
:10E6B0006374696F6E0000002B06010505070308EF
:10E6C0000000000069642D6B702D74696D655374D2
:10E6D000616D70696E67000054696D6520537461E7
:10E6E0006D70696E670000002B06010505070309C0
:10E6F0000000000069642D6B702D4F435350536927
:10E70000676E696E670000004F435350205369677E
:10E710006E696E670000000069642D63652D62619B
:10E72000736963436F6E73747261696E7473000012
:10E73000426173696320436F6E73747261696E74B2
:10E7400073000000551D0F0069642D63652D6B6516
:10E7500079557361676500004B6579205573616772
:10E7600065000000551D250069642D63652D6578E1
:10E77000744B657955736167650000004578746571
:10E780006E646564204B6579205573616765000090
:10E79000551D110069642D63652D7375626A65638B
:10E7A00074416C744E616D65000000005375626ABF
:10E7B00065637420416C74204E616D65000000003B
:10E7C0006086480186F842010100000069642D6EF0
:10E7D000657473636170652D6365727474797065B7
:10E7E000000000004E6574736361706520436572BC
:10E7F000746966696361746520547970650000000E
:10E8000069642D61742D636F6D6D6F6E4E616D6502
:10E8100000000000436F6D6D6F6E204E616D6500EE
:10E82000434E00005504060069642D61742D636F2A
:10E83000756E7472794E616D65000000436F756E80
:10E8400074727900430000005504070069642D616B
:10E85000742D6C6F63616C69747900004C6F636137
:10E860006C697479000000004C0000005504080039
:10E8700069642D61742D73746174650053746174DF
:10E88000650000005354000055040A0069642D61BE
:10E89000742D6F7267616E697A6174696F6E4E6113
:10E8A0006D6500004F7267616E697A6174696F6EA1
:10E8B000000000004F00000055040B0069642D614A
:10E8C000742D6F7267616E697A6174696F6E616CC5
:10E8D000556E69744E616D65000000004F726720CF
:10E8E000556E6974000000004F5500002A86488666
:10E8F000F70D010901000000656D61696C416464F8
:10E900007265737300000000452D6D61696C2061B4
:10E9100064647265737300005504050069642D61B9
:10E92000742D73657269616C4E756D62657200005D
:10E9300053657269616C206E756D626572000000CE
:10E9400073657269616C4E756D62657200000000DE
:10E950005504100069642D61742D706F7374616CBF
:10E960004164647265737300506F7374616C2061ED
:10E970006464726573730000706F7374616C4164DA
:10E9800064726573730000005504110069642D61A1
:10E99000742D706F7374616C436F646500000000C8
:10E9A000506F7374616C20636F646500706F737473
:10E9B000616C436F646500005504040069642D6157
:10E9C000742D7375724E616D650000005375726E23
:10E9D000616D6500534E000055042A0069642D6185
:10E9E000742D676976656E4E616D65004769766561
:10E9F0006E206E616D650000474E000055042B00CF
:10EA000069642D61742D696E697469616C730000AD
:10EA1000496E697469616C7300000000696E697405
:10EA200069616C730000000055042C0069642D615D
:10EA3000742D67656E65726174696F6E5175616C76
:10EA4000696669657200000047656E657261746988
:10EA50006F6E207175616C696669657200000000F7
:10EA600067656E65726174696F6E5175616C696618
:10EA70006965720055040C0069642D61742D746918
:10EA8000746C65005469746C650000007469746C82
:10EA90006500000055042E0069642D61742D646EBC
:10EAA0005175616C69666965720000004469737430
:10EAB000696E67756973686564204E616D65207164
:10EAC00075616C696669657200000000646E51755D
:10EAD000616C6966696572005504410069642D6165
:10EAE000742D70736575646F6E796D005073657504
:10EAF000646F6E796D00000070736575646F6E7978
:10EB00006D0000000992268993F22C64011900001F
:10EB100069642D646F6D61696E436F6D706F6E65B2
:10EB20006E740000446F6D61696E20636F6D706F6D
:10EB30006E656E74000000004443000055042D0013
:10EB400069642D61742D756E697175654964656EB2
:10EB50007469666965720000556E69717565204952
:10EB600064656E746966696572000000756E69712E
:10EB700075654964656E74696669657200000000B8
:10EB800050726F632D547970653A20342C454E4392
:10EB9000525950544544000044454B2D496E666F10
:10EBA0003A204445532D454445332D4342432C00E0
:10EBB00044454B2D496E666F3A204445532D4342E0
:10EBC000432C000044454B2D496E666F3A20414569
:10EBD000532D000044454B2D496E666F3A20414548
:10EBE000532D3132382D4342432C000044454B2DE8
:10EBF000496E666F3A204145532D3139322D4342DB
:10EC0000432C000044454B2D496E666F3A20414528
:10EC1000532D3235362D4342432C0000696E766108
:10EC20006C696420504B00007273612E4E0000002E
:10EC30007273612E4500000065636B65792E51008B
:10EC40005253412D616C7400454344534100000010
:10EC500045435F4448000000454300002A8648863B
:10EC6000F70D01050C000000202050424B444632B5
:10EC700020285348413129202325643A20000000F0
:10EC80002A8648CE3D0101002A864886F70D010CF0
:10EC9000010100002A864886F70D01050D000000DD
:10ECA0002D2D2D2D2D454E4420525341205052499B
:10ECB00056415445204B45592D2D2D2D2D0000003A
:10ECC0002D2D2D2D2D424547494E20525341205088
:10ECD000524956415445204B45592D2D2D2D2D007F
:10ECE0002D2D2D2D2D454E44204543205052495663
:10ECF000415445204B45592D2D2D2D2D0000000050
:10ED00002D2D2D2D2D424547494E20454320505253
:10ED10004956415445204B45592D2D2D2D2D000090
:10ED20002D2D2D2D2D454E442050524956415445F0
:10ED3000204B45592D2D2D2D2D0000002D2D2D2D35
:10ED40002D424547494E2050524956415445204B8B
:10ED500045592D2D2D2D2D002D2D2D2D2D454E447C
:10ED600020454E4352595054454420505249564133
:10ED70005445204B45592D2D2D2D2D002D2D2D2D5C
:10ED80002D424547494E20454E4352595054454423
:10ED90002050524956415445204B45592D2D2D2D7B
:10EDA0002D0000002D2D2D2D2D454E442052534178
:10EDB000205055424C4943204B45592D2D2D2D2D8A
:10EDC000000000002D2D2D2D2D424547494E20528B
:10EDD0005341205055424C4943204B45592D2D2D30
:10EDE0002D2D00002D2D2D2D2D454E44205055420A
:10EDF0004C4943204B45592D2D2D2D2D0000000051
:10EE00002D2D2D2D2D424547494E205055424C4920
:10EE100043204B45592D2D2D2D2D000039323932EF
:10EE2000373538343533303633443830334444366C
:10EE3000303344354537373744373838384544312F
:10EE4000443542463335373836313930464132461B
:10EE500032334542433038343841454144444139E6
:10EE60003243413643334438304233324334443101
:10EE700030394245304633364436414537313330F8
:10EE8000423943454437414344463534434643378A
:10EE900035353541433134454542414239334138B6
:10EEA00039383133464246334334463830363644B7
:10EEB00032443830304637433338413831414533B6
:10EEC00031393432393137343033464634393436D7
:10EED0004230413833443344334530354545353786
:10EEE000433646354635363036464235443442435D
:10EEF0003643443334454530383031413545393473
:10EF0000424237374230373530373233334130427F
:10EF10004337424143384639304637390000000014
:10EF20004333364430454237464344323835323233
:10EF300033434642354141424135424441334438EE
:10EF4000324330314341443139454134383441381A
:10EF50003745413433373736333745373535303039
:10EF600046434232303035433543374444364543D7
:10EF700034414330323343444132383544373936F3
:10EF800043334439453735453145464334323438C7
:10EF900038424234463144313341433330413537CE
:10EFA00000000000433030304446353141374337AC
:10EFB0003741453844374337333730433146463598
:10EFC0003542363945323131433242394535444292
:10EFD0003145443042463631443044393839393687
:10EFE00032304634393130453431363833383745AC
:10EFF0003343333041413145303043333339413786
:10F000003935303838343532444439364139413570
:10F01000454135443944434136384441363336302E
:10F020003332414600000000323442463631383532
:10F030003436383738364644443330333038334446
:10F04000323545363445464336364341343732420D
:10F050004334344432353331303246384234413926
:10F060004433424641373530393133383643303016
:10F0700037373933374645333346413332353244F7
:10F0800032383835353833374145314234383441F8
:10F0900038413941343546374545384330433633B6
:10F0A0003446393945384344444637394335434576
:10F0B00030374545373243374631323331343231D8
:10F0C00039383136343233344341424237323443B3
:10F0D000463738423831373342394638383046437C
:10F0E000383633323234303741463146454446446F
:10F0F0004445324245423637344341313546334543
:10F1000038314131353231453037313531334131A4
:10F110004538354235444641303331463231454336
:10F120004145393141333444000000003130303042
:10F13000310000002020525341206B657920766118
:10F140006C69646174696F6E3A200000706173735A
:10F1500065640A2020504B43532331206465637259
:10F16000797074696F6E203A2000000070617373CB
:10F1700065640A2020504B4353233120656E63722F
:10F18000797074696F6E203A200000002020504B87
:10F19000435323312064617461207369676E2020BA
:10F1A0003A2000007061737365640A2020504B435D
:10F1B000532331207369672E207665726966793A28
:10F1C0002000000020205348412D312074657374C5
:10F1D000202325643A20000042756666657220612E
:10F1E0006C6C6F636174696F6E206661696C6564D5
:10F1F0000000000020205348412D256420746573D1
:10F2000074202325643A2000544C532D4543444830
:10F21000452D45434453412D574954482D414553AD
:10F220002D3132382D4342432D5348410000000018
:10F23000756E6B6E6F776E00544C532D454344488A
:10F24000452D45434453412D574954482D4145537D
:10F250002D3235362D4342432D53484100000000E6
:10F26000544C532D45434448452D45434453412D6B
:10F27000574954482D4145532D3132382D4342438F
:10F280002D53484132353600544C532D45434448A4
:10F29000452D45434453412D574954482D4145532D
:10F2A0002D3132382D47434D2D53484132353600EC
:10F2B000544C532D45434448452D45434453412D1B
:10F2C000574954482D4145532D3235362D4342433D
:10F2D0002D53484133383400544C532D4543444852
:10F2E000452D45434453412D574954482D414553DD
:10F2F0002D3235362D47434D2D5348413338340098
:10F30000544C532D45434448452D45434453412DCA
:10F31000574954482D4145532D3235362D43434DE1
:10F3200000000000544C532D45434448452D4543AF
:10F330004453412D574954482D4145532D323536BC
:10F340002D43434D2D380000544C532D4543444824
:10F35000452D45434453412D574954482D4145536C
:10F360002D3132382D43434D00000000544C532DB5
:10F3700045434448452D45434453412D574954483E
:10F380002D4145532D3132382D43434D2D3800004A
:10F39000544C532D45434448452D45434453412D3A
:10F3A000574954482D43414D454C4C49412D31322C
:10F3B000382D4342432D534841323536000000007A
:10F3C000544C532D45434448452D45434453412D0A
:10F3D000574954482D43414D454C4C49412D3235F8
:10F3E000362D4342432D534841333834000000004A
:10F3F000544C532D45434448452D45434453412DDA
:10F40000574954482D43414D454C4C49412D3132CB
:10F41000382D47434D2D534841323536000000000A
:10F42000544C532D45434448452D45434453412DA9
:10F43000574954482D43414D454C4C49412D323597
:10F44000362D47434D2D53484133383400000000DA
:10F45000544C532D45434448452D45434453412D79
:10F46000574954482D334445532D4544452D434277
:10F47000432D534841000000544C532D454344480C
:10F48000452D5253412D574954482D4145532D3157
:10F4900032382D4342432D5348410000544C532DE4
:10F4A00045434448452D5253412D574954482D4119
:10F4B00045532D3235362D4342432D5348410000EC
:10F4C000544C532D45434448452D5253412D5749E3
:10F4D00054482D4145532D3132382D4342432D534D
:10F4E0004841323536000000544C532D45434448C2
:10F4F000452D5253412D574954482D4145532D31E7
:10F5000032382D47434D2D534841323536000000E7
:10F51000544C532D45434448452D5253412D574992
:10F5200054482D4145532D3235362D4342432D53FA
:10F530004841333834000000544C532D454344486F
:10F54000452D5253412D574954482D4145532D3295
:10F5500035362D47434D2D53484133383400000094
:10F56000544C532D45434448452D5253412D574942
:10F5700054482D43414D454C4C49412D3132382D95
:10F580004342432D5348413235360000544C532DED
:10F5900045434448452D5253412D574954482D4326
:10F5A000414D454C4C49412D3235362D4342432D7A
:10F5B0005348413338340000544C532D454344489C
:10F5C000452D5253412D574954482D43414D454CEB
:10F5D0004C49412D3132382D47434D2D534841324E
:10F5E00035360000544C532D45434448452D525365
:10F5F000412D574954482D43414D454C4C49412DCF
:10F600003235362D47434D2D5348413338340000B1
:10F61000544C532D45434448452D5253412D574991
:10F6200054482D334445532D4544452D4342432DE5
:10F6300053484100544C532D4448452D5253412DBD
:10F64000574954482D4145532D3235362D47434DAA
:10F650002D53484133383400544C532D4448452DE4
:10F660005253412D574954482D4145532D3132387D
:10F670002D47434D2D53484132353600544C532DC0
:10F680004448452D5253412D574954482D41455327
:10F690002D3132382D4342432D5348413235360007
:10F6A000544C532D4448452D5253412D57495448ED
:10F6B0002D4145532D3235362D4342432D5348417C
:10F6C00032353600544C532D4448452D5253412D6C
:10F6D000574954482D4145532D3132382D4342432B
:10F6E0002D53484100000000544C532D4448452DF3
:10F6F0005253412D574954482D4145532D323536EB
:10F700002D4342432D53484100000000544C532DDB
:10F710004448452D5253412D574954482D41455396
:10F720002D3235362D43434D00000000544C532DEF
:10F730004448452D5253412D574954482D41455376
:10F740002D3235362D43434D2D380000544C532D6A
:10F750004448452D5253412D574954482D41455356
:10F760002D3132382D43434D00000000544C532DB1
:10F770004448452D5253412D574954482D41455336
:10F780002D3132382D43434D2D380000544C532D2C
:10F790004448452D5253412D574954482D43414D1E
:10F7A000454C4C49412D3132382D4342432D53486D
:10F7B0004132353600000000544C532D4448452D4D
:10F7C0005253412D574954482D43414D454C4C49C6
:10F7D000412D3235362D4342432D53484132353683
:10F7E00000000000544C532D4448452D5253412DE8
:10F7F000574954482D43414D454C4C49412D3132D8
:10F80000382D4342432D534841000000544C532DA2
:10F810004448452D5253412D574954482D43414D9D
:10F82000454C4C49412D3235362D4342432D5348EA
:10F8300041000000544C532D4448452D5253412D56
:10F84000574954482D43414D454C4C49412D313287
:10F85000382D47434D2D53484132353600000000C6
:10F86000544C532D4448452D5253412D574954482B
:10F870002D43414D454C4C49412D3235362D4743A2
:10F880004D2D53484133383400000000544C532D63
:10F890004448452D5253412D574954482D33444532
:10F8A000532D4544452D4342432D5348410000000C
:10F8B000544C532D5253412D574954482D414553D3
:10F8C0002D3235362D47434D2D53484133383400C2
:10F8D000544C532D5253412D574954482D414553B3
:10F8E0002D3132382D47434D2D53484132353600A6
:10F8F000544C532D5253412D574954482D41455393
:10F900002D3132382D4342432D5348413235360094
:10F91000544C532D5253412D574954482D41455372
:10F920002D3235362D4342432D5348413235360072
:10F93000544C532D5253412D574954482D41455352
:10F940002D3132382D4342432D53484100000000F1
:10F95000544C532D5253412D574954482D41455332
:10F960002D3235362D4342432D53484100000000CF
:10F97000544C532D5253412D574954482D41455312
:10F980002D3235362D43434D00000000544C532D8D
:10F990005253412D574954482D4145532D32353648
:10F9A0002D43434D2D380000544C532D5253412DBF
:10F9B000574954482D4145532D3132382D43434D3D
:10F9C00000000000544C532D5253412D57495448C8
:10F9D0002D4145532D3132382D43434D2D380000F4
:10F9E000544C532D5253412D574954482D43414DAA
:10F9F000454C4C49412D3132382D4342432D53481B
:10FA00004132353600000000544C532D5253412DE5
:10FA1000574954482D43414D454C4C49412D3235B1
:10FA2000362D4342432D5348413235360000000005
:10FA3000544C532D5253412D574954482D43414D59
:10FA4000454C4C49412D3132382D4342432D5348CA
:10FA500041000000544C532D5253412D57495448F6
:10FA60002D43414D454C4C49412D3235362D4342B5
:10FA7000432D534841000000544C532D5253412D07
:10FA8000574954482D43414D454C4C49412D313245
:10FA9000382D47434D2D5348413235360000000084
:10FAA000544C532D5253412D574954482D43414DE9
:10FAB000454C4C49412D3235362D47434D2D534849
:10FAC0004133383400000000544C532D5253412D23
:10FAD000574954482D334445532D4544452D434201
:10FAE000432D534841000000544C532D4543444896
:10FAF0002D5253412D574954482D4145532D3132F4
:10FB0000382D4342432D534841000000544C532D9F
:10FB1000454344482D5253412D574954482D4145A2
:10FB2000532D3235362D4342432D534841000000BA
:10FB3000544C532D454344482D5253412D5749545D
:10FB4000482D4145532D3132382D4342432D5348E2
:10FB50004132353600000000544C532D4543444893
:10FB60002D5253412D574954482D4145532D313283
:10FB7000382D47434D2D53484132353600000000A3
:10FB8000544C532D454344482D5253412D5749540D
:10FB9000482D4145532D3235362D4342432D534890
:10FBA0004133383400000000544C532D4543444841
:10FBB0002D5253412D574954482D4145532D32352F
:10FBC000362D47434D2D5348413338340000000053
:10FBD000544C532D454344482D5253412D574954BD
:10FBE000482D43414D454C4C49412D3132382D4330
:10FBF00042432D534841323536000000544C532DBA
:10FC0000454344482D5253412D574954482D4341B3
:10FC10004D454C4C49412D3235362D4342432D53F1
:10FC20004841333834000000544C532D4543444878
:10FC30002D5253412D574954482D43414D454C4C6D
:10FC400049412D3132382D47434D2D5348413235EE
:10FC500036000000544C532D454344482D52534127
:10FC60002D574954482D43414D454C4C49412D3267
:10FC700035362D47434D2D5348413338340000006D
:10FC8000544C532D454344482D5253412D5749540C
:10FC9000482D334445532D4544452D4342432D5370
:10FCA00048410000544C532D454344482D4543449E
:10FCB00053412D574954482D4145532D3132382D4C
:10FCC0004342432D53484100544C532D454344482F
:10FCD0002D45434453412D574954482D4145532DFB
:10FCE0003235362D4342432D53484100544C532D59
:10FCF000454344482D45434453412D574954482DCD
:10FD00004145532D3132382D4342432D5348413222
:10FD100035360000544C532D454344482D4543444B
:10FD200053412D574954482D4145532D3132382DDB
:10FD300047434D2D5348413235360000544C532D26
:10FD4000454344482D45434453412D574954482D7C
:10FD50004145532D3235362D4342432D53484133CF
:10FD600038340000544C532D454344482D454344FA
:10FD700053412D574954482D4145532D3235362D89
:10FD800047434D2D5348413338340000544C532DD4
:10FD9000454344482D45434453412D574954482D2C
:10FDA00043414D454C4C49412D3132382D4342435E
:10FDB0002D53484132353600544C532D4543444869
:10FDC0002D45434453412D574954482D43414D45FA
:10FDD0004C4C49412D3235362D4342432D53484139
:10FDE00033383400544C532D454344482D45434447
:10FDF00053412D574954482D43414D454C4C4941A1
:10FE00002D3132382D47434D2D5348413235360080
:10FE1000544C532D454344482D45434453412D579D
:10FE20004954482D43414D454C4C49412D323536BE
:10FE30002D47434D2D53484133383400544C532DF6
:10FE4000454344482D45434453412D574954482D7B
:10FE5000334445532D4544452D4342432D5348419A
:10FE600000000000544C532D50534B2D574954481B
:10FE70002D4145532D3132382D47434D2D534841A7
:10FE800032353600544C532D50534B2D574954485E
:10FE90002D4145532D3235362D47434D2D53484185
:10FEA00033383400544C532D50534B2D574954483C
:10FEB0002D4145532D3132382D4342432D53484176
:10FEC00032353600544C532D50534B2D574954481E
:10FED0002D4145532D3235362D4342432D53484154
:10FEE00033383400544C532D50534B2D57495448FC
:10FEF0002D4145532D3132382D4342432D53484136
:10FF000000000000544C532D50534B2D574954487A
:10FF10002D4145532D3235362D4342432D53484113
:10FF200000000000544C532D50534B2D574954485A
:10FF30002D4145532D3235362D43434D00000000F1
:10FF4000544C532D50534B2D574954482D41455334
:10FF50002D3235362D43434D2D380000544C532D52
:10FF600050534B2D574954482D4145532D3132386C
:10FF70002D43434D00000000544C532D50534B2D46
:10FF8000574954482D4145532D3132382D43434D67
:10FF90002D380000544C532D50534B2D5749544885
:10FFA0002D43414D454C4C49412D3132382D434272
:10FFB000432D53484132353600000000544C532D38
:10FFC00050534B2D574954482D43414D454C4C49B6
:10FFD000412D3235362D4342432D53484133383479
:10FFE00000000000544C532D50534B2D574954489A
:10FFF0002D43414D454C4C49412D3132382D47431D
:02000004600595
:100000004D2D53484132353600000000544C532DDD
:1000100050534B2D574954482D43414D454C4C4965
:10002000412D3235362D47434D2D53484133383419
:1000300000000000544C532D50534B2D5749544849
:100040002D334445532D4544452D4342432D5348BC
:1000500041000000544C532D4448452D50534B2D26
:10006000574954482D4145532D3132382D47434D82
:100070002D53484132353600544C532D4448452DBC
:1000800050534B2D574954482D4145532D32353649
:100090002D47434D2D53484133383400544C532D94
:1000A0004448452D50534B2D574954482D414553F5
:1000B0002D3132382D4342432D53484132353600DD
:1000C000544C532D4448452D50534B2D57495448BB
:1000D0002D4145532D3235362D4342432D53484152
:1000E00033383400544C532D4448452D50534B2D38
:1000F000574954482D4145532D3132382D43424301
:100100002D53484100000000544C532D4448452DC8
:1001100050534B2D574954482D4145532D323536B8
:100120002D4342432D53484100000000544C532DB1
:100130004448452D50534B2D574954482D41455364
:100140002D3235362D43434D00000000544C532DC5
:100150004448452D50534B2D574954482D41455344
:100160002D3235362D43434D2D380000544C532D40
:100170004448452D50534B2D574954482D41455324
:100180002D3132382D43434D00000000544C532D87
:100190004448452D50534B2D574954482D41455304
:1001A0002D3132382D43434D2D380000544C532D02
:1001B0004448452D50534B2D574954482D43414DEC
:1001C000454C4C49412D3132382D4342432D534843
:1001D0004132353600000000544C532D4448452D23
:1001E00050534B2D574954482D43414D454C4C4994
:1001F000412D3235362D4342432D53484133383457
:1002000000000000544C532D4448452D50534B2DB5
:10021000574954482D43414D454C4C49412D3132AD
:10022000382D47434D2D53484132353600000000EC
:10023000544C532D4448452D50534B2D5749544849
:100240002D43414D454C4C49412D3235362D4743C8
:100250004D2D53484133383400000000544C532D89
:100260004448452D50534B2D574954482D33444550
:10027000532D4544452D4342432D53484100000032
:10028000544C532D45434448452D50534B2D57490D
:1002900054482D4145532D3132382D4342432D537F
:1002A0004841323536000000544C532D45434448F4
:1002B000452D50534B2D574954482D4145532D3210
:1002C00035362D4342432D53484133383400000026
:1002D000544C532D45434448452D50534B2D5749BD
:1002E00054482D4145532D3132382D4342432D532F
:1002F00048410000544C532D45434448452D50532C
:100300004B2D574954482D4145532D3235362D43F9
:1003100042432D5348410000544C532D454344481B
:10032000452D50534B2D574954482D43414D454C75
:100330004C49412D3132382D4342432D53484132EF
:1003400035360000544C532D45434448452D5053F9
:100350004B2D574954482D43414D454C4C49412D57
:100360003235362D4342432D534841333834000053
:10037000544C532D45434448452D50534B2D57491C
:1003800054482D334445532D4544452D4342432D78
:1003900053484100544C532D5253412D50534B2D33
:1003A000574954482D4145532D3132382D47434D3F
:1003B0002D53484132353600544C532D5253412D64
:1003C00050534B2D574954482D4145532D32353606
:1003D0002D47434D2D53484133383400544C532D51
:1003E0005253412D50534B2D574954482D4145539D
:1003F0002D3132382D4342432D534841323536009A
:10040000544C532D5253412D50534B2D5749544862
:100410002D4145532D3235362D4342432D5348410E
:1004200033383400544C532D5253412D50534B2DDF
:10043000574954482D4145532D3132382D434243BD
:100440002D53484100000000544C532D5253412D70
:1004500050534B2D574954482D4145532D32353675
:100460002D4342432D53484100000000544C532D6E
:100470005253412D50534B2D574954482D43414D14
:10048000454C4C49412D3132382D4342432D534880
:100490004132353600000000544C532D5253412D4B
:1004A00050534B2D574954482D43414D454C4C49D1
:1004B000412D3235362D4342432D53484133383494
:1004C00000000000544C532D5253412D50534B2DDE
:1004D000574954482D43414D454C4C49412D3132EB
:1004E000382D47434D2D534841323536000000002A
:1004F000544C532D5253412D50534B2D5749544872
:100500002D43414D454C4C49412D3235362D474305
:100510004D2D53484133383400000000544C532DC6
:100520005253412D50534B2D574954482D33444578
:10053000532D4544452D4342432D5348410000006F
:10054000636C69656E742066696E697368656400C2
:100550007365727665722066696E6973686564009A
:1005600044544C5376312E300000000044544C5318
:1005700076312E3200000000756E6B6E6F776E2044
:100580002844544C53290000657874656E64656492
:10059000206D617374657220736563726574000009
:1005A0006D61737465722073656372657400000019
:1005B0006B657920657870616E73696F6E000000FD
:1005C00053534C76332E3000544C5376312E30003A
:1005D000544C5376312E3100544C5376312E320028
:1005E000202B200025733D003F3F3D002530325831
:1005F000257300002E2E2E2E000000002020582EE5
:100600003530392063657274696669636174652089
:100610006C6F61643A2000007061737365640A2036
:1006200020582E353039207369676E617475726594
:10063000207665726966793A200000002A8648862D
:10064000F70D0101080000003F3F3F0020282573FF
:100650002C204D4746312D25732C20307825303203
:10066000582900002573206B65792073697A65002D
:10067000747275650000000066616C7365000000AF
:100680000A436572746966696361746520697320E1
:10069000756E696E697469616C69736564210A00BD
:1006A0002573636572742E2076657273696F6E2090
:1006B000202020203A2025640A000000257373655D
:1006C0007269616C206E756D626572202020202039
:1006D0003A2000000A2573697373756572206E6194
:1006E0006D65202020202020203A20000A257373E9
:1006F00075626A656374206E616D6520202020201C
:10070000203A20000A257369737375656420206F91
:100710006E20202020202020203A20253034642DF7
:10072000253032642D2530326420253032643A255C
:100730003032643A25303264000000000A257365C7
:10074000787069726573206F6E2020202020202031
:10075000203A20253034642D253032642D25303266
:100760006420253032643A253032643A25303264D0
:10077000000000000A25737369676E656420757355
:10078000696E672020202020203A20000A2573254A
:100790002D3138733A20256420626974730000009B
:1007A0000A2573626173696320636F6E737472618B
:1007B000696E7473203A2043413D257300000000A8
:1007C0002C206D61785F706174686C656E3D256486
:1007D000000000000A25737375626A656374206106
:1007E0006C74206E616D6520203A20000A257363C9
:1007F0006572742E207479706520202020202020BE
:10080000203A2000257353534C20436C69656E7465
:1008100000000000257353534C20536572766572B7
:10082000000000002573456D61696C0025734F62FF
:100830006A656374205369676E696E670000000023
:100840002573526573657276656400002573535392
:100850004C204341000000002573456D61696C2008
:100860004341000025734F626A65637420536967D2
:100870006E696E67204341000A25736B65792075A8
:10088000736167652020202020202020203A20004E
:1008900025734469676974616C205369676E61747C
:1008A0007572650025734E6F6E20526570756469B0
:1008B0006174696F6E00000025734B657920456E89
:1008C0006369706865726D656E74000025734461BC
:1008D000746120456E6369706865726D656E740041
:1008E00025734B65792041677265656D656E74008F
:1008F00025734B65792043657274205369676E00D8
:10090000257343524C205369676E00002573456E72
:10091000636970686572204F6E6C79002573446559
:10092000636970686572204F6E6C79000A25736583
:100930007874206B657920757361676520202020AD
:10094000203A2000257325730000000054686520BC
:1009500063657274696669636174652076616C6948
:100960006469747920686173206578706972656460
:1009700000000000257325730A0000002573556EE2
:100980006B6E6F776E20726561736F6E202874686E
:1009900069732073686F756C64206E6F7420686172
:1009A0007070656E290A00002D2D2D2D2D424547B2
:1009B000494E2043455254494649434154452D2D03
:1009C0002D2D2D002D2D2D2D2D454E4420434552EE
:1009D00054494649434154452D2D2D2D2D000000ED
:1009E0005468652063657274696669636174652023
:1009F000686173206265656E207265766F6B6564F1
:100A000020286973206F6E20612043524C2900001A
:100A100054686520636572746966696361746520F2
:100A2000436F6D6D6F6E204E616D652028434E29BA
:100A300020646F6573206E6F74206D61746368202D
:100A4000776974682074686520657870656374657B
:100A50006420434E00000000546865206365727492
:100A600069666963617465206973206E6F742063C1
:100A70006F72726563746C79207369676E65642048
:100A8000627920746865207472757374656420439C
:100A9000410000005468652043524C206973206E69
:100AA0006F7420636F72726563746C792073696709
:100AB0006E65642062792074686520747275737441
:100AC00065642043410000005468652043524C2077
:100AD000697320657870697265640000436572749B
:100AE0006966696361746520776173206D697373EA
:100AF000696E670043657274696669636174652035
:100B0000766572696669636174696F6E2077617377
:100B100020736B6970706564000000004F74686535
:100B20007220726561736F6E202863616E2062654A
:100B30002075736564206279207665726966792014
:100B400063616C6C6261636B29000000546865200E
:100B500063657274696669636174652076616C6946
:100B6000646974792073746172747320696E20747F
:100B700068652066757475726500000054686520AC
:100B800043524C2069732066726F6D207468652033
:100B90006675747572650000557361676520646FD2
:100BA0006573206E6F74206D61746368207468656E
:100BB000206B6579557361676520657874656E7320
:100BC000696F6E00557361676520646F6573206E91
:100BD0006F74206D61746368207468652065787433
:100BE000656E6465644B65795573616765206578EA
:100BF00074656E73696F6E00557361676520646F0D
:100C00006573206E6F74206D61746368207468650D
:100C1000206E7343657274547970652065787465CD
:100C20006E73696F6E0000005468652063657274AE
:100C300069666963617465206973207369676E65AD
:100C400064207769746820616E20756E61636365E6
:100C5000707461626C6520686173682E000000002A
:100C600054686520636572746966696361746520A0
:100C70006973207369676E656420776974682061A1
:100C80006E20756E61636365707461626C6520507F
:100C90004B20616C67202865672052534120767392
:100CA000204543445341292E00000000546865202C
:100CB0006365727469666963617465206973207322
:100CC00069676E6564207769746820616E20756E4F
:100CD00061636365707461626C65206B657920285F
:100CE0006567206261642063757276652C205253BB
:100CF0004120746F6F2073686F7274292E0000009A
:100D00005468652043524C206973207369676E658F
:100D100064207769746820616E20756E6163636515
:100D2000707461626C6520686173682E0000000059
:100D30005468652043524C206973207369676E655F
:100D400064207769746820616E20756E61636365E5
:100D5000707461626C6520504B20616C672028655F
:100D60006720525341207673204543445341292E36
:100D7000000000005468652043524C2069732073C2
:100D800069676E6564207769746820616E20756E8E
:100D900061636365707461626C65206B657920289E
:100DA0006567206261642063757276652C205253FA
:100DB0004120746F6F2073686F7274292E000000D9
:100DC0006E616E006F766600696E6600300000002E
:100DD0007371727400000000504F534958000000B6
:100DE0006E660000696E697479000000616E000033
:100DF000494E46004E414E0030313233343536379D
:100E0000383961626364656600000000286E756CA5
:100E10006C2900003031323334353637383961626D
:100E2000636465666768696A6B6C6D6E6F7071721A
:100E3000737475767778797A00000000496E666978
:100E40006E697479000000004E614E0083F9A200C3
:100E5000444E6E00FC291500D1572700DD34F50003
:100E600062DBC0003C999500419043006351FE0055
:100E7000BBDEAB00B761C5003A6E2400D24D420024
:100E80004906E00009EA2E001C92D100EB1DFE008D
:100E900029B11C00E83EA700F535820044BB2E00B6
:100EA0009CE98400B4267000417E5F00D691390031
:100EB000538339009CF439008B5F840028F9BD000E
:100EC000F81F3B00DEFF97000F980500112FEF0081
:100ED0000A5A8B006D1F6D00CF7E360009CB2700AC
:100EE000464FB7009E663F002DEA5F00BA277500A7
:100EF000E5EBC7003D7BF100F739070092528A000D
:100F0000FB6BEA001FB15F00085D8D0030035600E7
:100F10007BFC4600F0AB6B0020BCCF0036F49A009F
:100F2000E3A91D005E619100081BE600859965003C
:100F3000A0145F008D40680080D8FF0027734D002B
:100F400006063100CA561500C9A873007BE260008E
:100F50006B8CC000000100006067002012000000E0
:100F600000060000F8F702600A000000000200001E
:100F7000ACF702604B0000000007000060F7026061
:100F80004B000000000300005CF70260000000005E
:100F90000103090444F70260000000000203090491
:100FA0002CF7026000000000030309045C6A0020C3
:100FB0000000000000000000000000000000000031
:100FC0003030303030303030303030303030303021
:100FD0003030303030303030303030303030303011
:100FE000010000060000000000000000C4590020BD
:100FF0002C5A0020945A002000000000000000003D
:1010000000000000000000000000000000000000E0
:1010100000000000000000000000000000000000D0
:1010200000000000000000000000000000000000C0
:1010300000000000000000000000000000000000B0
:1010400000000000000000000000000000000000A0
:101050000000000000000000000000000000000090
:101060000000000000000000000000000000000080
:101070000000000000000000000000000000000070
:101080000000000000000000000000000000000060
:1010900001000000000000000E33CDAB34126DE6FD
:1010A000ECDE05000B000000000000000000000066
:1010B0000000000000000000000000000000000030
:1010C0000000000000000000000000000000000020
:1010D0000000000000000000000000000000000010
:1010E0000000000000000000000000000000000000
:1010F00000000000000000000000000000000000F0
:1011000000000000000000000000000000000000DF
:1011100000000000000000000000000000000000CF
:1011200000000000000000000000000000000000BF
:1011300000000000000000000000000000000000AF
:10114000000000000000000000000000000000009F
:10115000000000000000000000000000000000008F
:10116000000000000000000000000000000000007F
:10117000000000000000000000000000000000006F
:10118000000000000000000000000000000000005F
:10119000000000000000000000000000000000004F
:1011A000000000000000000000000000000000003F
:1011B000000000000000000000000000000000002F
:1011C000000000000000000000000000000000001F
:1011D000000000000000000000000000000000000F
:1011E00000000000000000000000000000000000FF
:1011F00000000000000000000000000000000000EF
:1012000000000000000000000000000000000000DE
:1012100000000000000000000000000000000000CE
:1012200000000000000000000000000000000000BE
:1012300000000000000000000000000000000000AE
:10124000000000000000000000000000000000009E
:10125000000000000000000000000000000000008E
:10126000000000000000000000000000000000007E
:10127000000000000000000000000000000000006E
:10128000000000000000000000000000000000005E
:10129000000000000000000000000000000000004E
:1012A000000000000000000000000000000000003E
:1012B000000000000000000000000000000000002E
:1012C000000000000000000000000000000000001E
:1012D000000000000000000000000000000000000E
:1012E00000000000000000000000000000000000FE
:1012F00000000000000000000000000000000000EE
:1013000000000000000000000000000000000000DD
:1013100000000000000000000000000000000000CD
:1013200000000000000000000000000000000000BD
:1013300000000000000000000000000000000000AD
:10134000000000000000000000000000000000009D
:10135000000000000000000000000000000000008D
:10136000000000000000000000000000000000007D
:10137000000000000000000000000000000000006D
:10138000000000000000000000000000000000005D
:10139000000000000000000000000000000000004D
:1013A000000000000000000000000000000000003D
:1013B000000000000000000000000000000000002D
:1013C000000000000000000000000000000000001D
:1013D000000000000000000000000000000000000D
:1013E00000000000000000000000000000000000FD
:1013F00000000000000000000000000000000000ED
:1014000000000000000000000000000000000000DC
:1014100000000000B8220000B90800000029DE0723
:10142000007B9A1780817EFA08000000000000000F
:1014300000CC000080817EFD08000000000000005C
:1014400000CC00001C07002000000000E8030000A2
:1014500000000000F806002000000000E803000083
:1014600000000000008018403460002000000000F0
:1014700088E70020C8E6002000000000000000000F
:10148000280000004000000028000000400000008C
:10149000000000000000000000000000000000004C
:1014A000000000000000000000000000000000003C
:1014B00000000000F806002000000000E803000023
:1014C0000000000000001A40FC6000200000000046
:1014D000B0E7002008E70020000000000000000046
:1014E000280000004000000028000000400000002C
:1014F00000000000000000000000000000000000EC
:1015000000000000000000000000000000000000DB
:1015100000000000F806002000000000E8030000C2
:101520000000000000C0194098600020000000008A
:10153000D8E7002048E7002000000000000000007D
:1015400028000000400000002800000040000000CB
:10155000000000000000000000000000000000008B
:10156000000000000000000000000000000000007B
:1015700000000000045C0020A45B00204407002061
:1015800000000000E80300000000000000003F40F1
:10159000D8F602600000000000000000000000001B
:1015A000000000000000000000000000000000003B
:1015B000000000000000000000000000000000002B
:1015C000000000000000000000000000000000001B
:1015D000000000000000000000000000000000000B
:1015E00000000000000000000000000000000000FB
:1015F00000000000000000000000000000000000EB
:1016000000000000000000000000000000000000DA
:1016100000000000000000000000000000000000CA
:1016200000000000000000000000000000000000BA
:1016300000000000000000000000000000000000AA
:10164000000000000000000000000000000000009A
:10165000000000000000000000000000000000008A
:10166000000000000000000000000000000000007A
:10167000000000000000000000000000000000006A
:10168000000000000000000000000000000000005A
:10169000000000000000000000000000000000004A
:1016A000000000000000000000000000000000003A
:1016B00000000000000000000000000044070020BF
:1016C00000000000E80300000000000000803F4030
:1016D00088F602600000000000000000000000002A
:1016E00000000000000000000000000000000000FA
:1016F00000000000000000000000000000000000EA
:1017000000000000000000000000000000000000D9
:1017100000000000000000000000000000000000C9
:1017200000000000000000000000000000000000B9
:1017300000000000000000000000000000000000A9
:101740000000000000000000000000000000000099
:101750000000000000000000000000000000000089
:101760000000000000000000000000000000000079
:101770000000000000000000000000000000000069
:101780000000000000000000000000000000000059
:101790000000000000000000000000000000000049
:1017A0000000000000000000000000000000000039
:1017B0000000000000000000000000000000000029
:1017C0000000000000000000000000000000000019
:1017D0000000000000000000000000000000000009
:1017E00000000000000000000000000000000000F9
:1017F000000000000000000000000000440700207E
:1018000000000000E80300000000000000C03F40AE
:1018100038F6026000000000000000000000000038
:1018200000000000000000000000000000000000B8
:1018300000000000000000000000000000000000A8
:101840000000000000000000000000000000000098
:101850000000000000000000000000000000000088
:101860000000000000000000000000000000000078
:101870000000000000000000000000000000000068
:101880000000000000000000000000000000000058
:101890000000000000000000000000000000000048
:1018A0000000000000000000000000000000000038
:1018B0000000000000000000000000000000000028
:1018C0000000000000000000000000000000000018
:1018D0000000000000000000000000000000000008
:1018E00000000000000000000000000000000000F8
:1018F00000000000000000000000000000000000E8
:1019000000000000000000000000000000000000D7
:1019100000000000000000000000000000000000C7
:1019200000000000000000000000000000000000B7
:1019300000000000000000000000000000000000A7
:101940008000000002150000FDEE0000250C0100E3
:1019500028F7026068C00F40000000300F00000050
:10196000020000002C851F4001000000FF00000065
:10197000FF00000000000000000000000E0000005A
:101980000200000030851F4001000000FF00000041
:10199000FF000000000000000000000013024000F3
:1019A0002600180078000000061A000015EF00005D
:1019B0002D0C01002AF702607CC00F400000000CD3
:1019C0001C0000000200000058851F4001000000BC
:1019D000FF000000FF000000000000000000000009
:1019E0001D000000020000005C851F400100000097
:1019F000FF000000FF0000000000000000000000E9
:101A0000FF004000260018007D000000041B0000BD
:101A100009EF0000290C010029F7026080C00F4087
:101A200000C00000150000000200000060851F409B
:101A3000010000002E0000000200000060851F4031
:101A400000000000140000000200000064851F4038
:101A5000010000002F0000000200000064851F400C
:101A6000000000002B024000260018007E0000004D
:101A70000000000080000000FFFFFFFF19FCFFFFD7
:101A800019FCFFFF0000000019FCFFFF19FCFFFF1D
:101A90000000000019FCFFFF19FCFFFF0000000020
:101AA00019FCFFFF19FCFFFF0000000019FCFFFFFD
:101AB00019FCFFFF0000000019FCFFFF19FCFFFFED
:101AC0000000000019FCFFFF19FCFFFF00000000F0
:101AD00019FCFFFF19FCFFFF0000000080302020F0
:101AE00043000000000000000000000000000000B3
:101AF00000000000000000000000000000000000E6
:101B00004300000000000000000000000000000092
:101B100000000000000000000000000000000000C5
:101B20004300000000000000000000000000000072
:101B300000000000000000000000000000000000A5
:101B40004300000000000000000000000000000052
:101B50000000000000000000000000000000000085
:101B60004300000000000000000000000000000032
:101B70000000000000000000000000000000000065
:101B80004300000000000000000000000000000012
:101B90000000000000000000000000000000000045
:101BA00043000000000000000000000000000000F2
:101BB0000000000000000000000000000000000025
:101BC000FD9001000141010000000000840A002096
:101BD000AC540020D4270020D4270020D427002094
:101BE000D4270020D4270020D4270020D427002089
:101BF000D4270020D4270020FFFFFFFFFFFFFFFFB7
:101C0000FFFFFFFFFFFF0000010041534349490070
:101C100000000000000000000000000000000000C4
:101C2000000000000000000000004153434949004B
:101C300000000000000000000000000000000000A4
:101C40000000000000000000000000000000000094
:101C5000000000003C6300203C630020446300203F
:101C6000446300204C6300204C6300205463002038
:101C7000546300205C6300205C63002064630020E8
:101C8000646300206C6300206C6300207463002098
:101C9000746300207C6300207C6300208463002048
:101CA000846300208C6300208C63002094630020F8
:101CB000946300209C6300209C630020A4630020A8
:101CC000A4630020AC630020AC630020B463002058
:101CD000B4630020BC630020BC630020C463002008
:101CE000C4630020CC630020CC630020D4630020B8
:101CF000D4630020DC630020DC630020E463002068
:101D0000E4630020EC630020EC630020F463002017
:101D1000F4630020FC630020FC63002004640020C6
:101D2000046400200C6400200C6400201464002073
:101D3000146400201C6400201C6400202464002023
:101D4000246400202C6400202C64002034640020D3
:101D5000346400203C6400203C6400204464002083
:101D6000446400204C6400204C6400205464002033
:101D7000546400205C6400205C64002064640020E3
:101D8000646400206C6400206C6400207464002093
:101D9000746400207C6400207C6400208464002043
:101DA000846400208C6400208C64002094640020F3
:101DB000946400209C6400209C640020A4640020A3
:101DC000A4640020AC640020AC640020B464002053
:101DD000B4640020BC640020BC640020C464002003
:101DE000C4640020CC640020CC640020D4640020B3
:101DF000D4640020DC640020DC640020E464002063
:101E0000E4640020EC640020EC640020F464002012
:101E1000F4640020FC640020FC64002004650020C1
:101E2000046500200C6500200C650020146500206E
:101E3000146500201C6500201C650020246500201E
:101E4000246500202C6500202C65002034650020CE
:101E5000346500203C6500203C650020446500207E
:101E6000446500204C6500204C650020546500202E
:101E7000546500205C6500205C65002064650020DE
:101E8000646500206C6500206C650020746500208E
:101E9000746500207C6500207C650020846500203E
:101EA000846500208C6500208C65002094650020EE
:101EB000946500209C6500209C650020A46500209E
:101EC000A4650020AC650020AC650020B46500204E
:101ED000B4650020BC650020BC650020C4650020FE
:101EE000C4650020CC650020CC650020D4650020AE
:101EF000D4650020DC650020DC650020E46500205E
:101F0000E4650020EC650020EC650020F46500200D
:101F1000F4650020FC650020FC65002004660020BC
:101F2000046600200C6600200C6600201466002069
:101F3000146600201C6600201C6600202466002019
:101F4000246600202C6600202C66002034660020C9
:101F5000346600203C6600203C6600204466002079
:101F6000446600204C6600204C6600205466002029
:101F7000546600205C6600205C66002064660020D9
:101F8000646600206C6600206C6600207466002089
:101F9000746600207C6600207C6600208466002039
:101FA000846600208C6600208C66002094660020E9
:101FB000946600209C6600209C660020A466002099
:101FC000A4660020AC660020AC660020B466002049
:101FD000B4660020BC660020BC660020C4660020F9
:101FE000C4660020CC660020CC660020D4660020A9
:101FF000D4660020DC660020DC660020E466002059
:10200000E4660020EC660020EC660020F466002008
:10201000F4660020FC660020FC66002004670020B7
:10202000046700200C6700200C6700201467002064
:10203000146700201C6700201C6700202467002014
:10204000246700202C6700202C67002034670020C4
:1020500034670020FFFFFFFF00000200D856002079
:1020600021414F47441C00201900000019000000C6
:1020700012010002EF020140C01683048002010237
:1020800003010000FFFFFFFF6574683000000000DF
:10209000DC05000038680020300F00200000000040
:1020A0000000000000000000000000000000000030
:1020B0000000000000000000000000000000000020
:1020C0000000000000000000000000000000000010
:1020D0000000000000000000000000000000000000
:1020E00000000000010306333A3B00000104000039
:1020F00000802D4000802D40820000000000000084
:1021000000000000000000000000000000000000CF
:1021100000000000000000000000000000000000BF
:10212000C06E00200000000001000000010000005F
:102130000000000000000000B58500000000000065
:102140000000000000000000E06700200000000028
:1021500000000000D9670000C56800005969000050
:10216000496100004561000000000000000000001F
:10217000000000000000000000000000000000005F
:10218000000000000000000000000000000000004F
:10219000000000000000000000000000000000003F
:1021A000000000000000000000000000000000002F
:1021B000000000000000000000000000000000001F
:1021C000000000000000000000000000000000000F
:1021D00000000000000000000000000000000000FF
:1021E00000000000000000000000000000000000EF
:1021F00000000000000000000000000000000000DF
:1022000000000000000000000000000000000000CE
:1022100000000000000000000000000000000000BE
:1022200000000000000000000000000000000000AE
:10223000000000000000000000000000000000009E
:10224000000000000000000000000000000000008E
:10225000000000000000000000000000000000007E
:10226000000000000000000001000300000000006A
:102270000000000029A8000045A8000000000000A0
:1022800000000000800F002000000000010001009D
:1022900006000000B5C000007DDC00003DD000005D
:1022A0003DC0000041D80000AC0F0020000000003D
:1022B00001000200110000000000000079E00000B1
:1022C00095E0000079E2000000000000D80F002037
:1022D000FFFFFFFF80817E7E0500000000004700B9
:1022E000808179790500000000004700FFFFFFFFB3
:1022F000FFFFFFFF0000560000780000009702601B
:102300003875026059420100C0A8050001000000B4
:102310000F27000000140000080000000700000064
:10232000060000000500000004000000000000009E
:102330002BC000002CC000000000000003040000BF
:10234000060000000700000000000000000000017F
:10235000010000000000050000000000280A000045
:10236000093C00000000F0410000803F0C03000029
:10237000000000000000000000000000000000005D
:10238000000000000000803F00C0010D0DFF0101B2
:102390000108012D0124660100000000000000007A
:1023A000000000000000000000000000000000002D
:1023B000000000000000000000000000000000001D
:1023C000000000000000000000000000000000000D
:1023D00000000000000000000000000000000000FD
:1023E00000000000000000000000000000000000ED
:1023F00000000000000000000000000000000000DD
:1024000000000000000000000000000000000000CC
:1024100000000000000000000000000000000000BC
:1024200000000000000000000000000000000000AC
:10243000000000000000000000000000000000009C
:10244000000000000000000000000000000000008C
:10245000000000000000000000000000000000007C
:10246000000000000000000000000000000000006C
:10247000000000000000000000000000000000005C
:10248000000000000000000000000000000000004C
:10249000000000000000000000000000000000003C
:1024A000000000000000000000000000000000002C
:1024B000000000000000000000000000000000001C
:1024C000000000000000000000000000000000000C
:1024D00000000000000000000000000000000000FC
:1024E00000000000000000000000000000000000EC
:1024F00000000000000000000000000000000000DC
:1025000000000000000000000000000000000000CB
:1025100000000000000000000000000000000000BB
:1025200000000000000000000000000000000000AB
:10253000000000000000000000000000000000009B
:10254000000000000000000000000000000000008B
:10255000000000000000000000000000000000007B
:10256000000000000000000000000000000000006B
:10257000000000000000000000000000000000005B
:10258000000000000000000000000000000000004B
:10259000000000000000000000000000000000003B
:1025A000000000000000000000000000000000002B
:1025B000000000000000000000000000000000001B
:1025C000000000000000000000000000000000000B
:1025D00000000000000000000000000000000000FB
:1025E00000000000000000000000000000000000EB
:1025F00000000000000000000000000000000000DB
:1026000000000000000000000000000000000000CA
:1026100000000000000000000000000000000000BA
:1026200000000000000000000000000000000000AA
:10263000000000000000000000000000000000009A
:10264000000000000000000000000000000000008A
:10265000000000000000000000000000000000007A
:10266000000000000000000000000000000000006A
:10267000000000000000000000000000000000005A
:10268000000000000000000000000000000000004A
:10269000000000000000000000000000000000003A
:1026A000000000000000000000000000000000002A
:1026B000000000000000000000000000000000001A
:1026C000000000000000000000000000000000000A
:1026D00000000000000000000000000000000000FA
:1026E00000000000000000000000000000000000EA
:1026F00000000000000000000000000000000000DA
:1027000000000000000000000000000000000000C9
:1027100000000000000000000000000000000000B9
:1027200000000000000000000000000000000000A9
:102730000000000000000000000000000000000099
:102740000000000000000000000000000000000089
:102750000000000000000000000000000000000079
:102760000000000000000000000000000000000069
:102770000000000000000000000000000000000059
:102780000000000000000000000000000000000049
:102790000000000000000000000000000000000039
:1027A0000000000000000000000000000000000029
:1027B0000000000000000000000000000000000019
:1027C0000000000000000000000000000000000009
:1027D00000000000000000000000000000000000F9
:1027E00000000000000000000000000000000000E9
:1027F00000000000000000000000000000000000D9
:1028000000000000000000000000000000000000C8
:1028100000000000000000000000000000000000B8
:1028200000000000000000000000000000000000A8
:102830000000000000000000000000000000000098
:102840000000000000000000000000000000000088
:102850000000000000000000000000000000000078
:102860000000000000000000000000000000000068
:102870000000000000000000000000000000000058
:102880000000000000000000000000000000000048
:102890000000000000000000000000000000000038
:1028A0000000000000000000000000000000000028
:1028B0000000000000000000000000000000000018
:1028C0000000000000000000000000000000000008
:1028D00000000000000000000000000000000000F8
:1028E00000000000000000000000000000000000E8
:1028F00000000000000000000000000000000000D8
:1029000000000000000000000000000000000000C7
:1029100000000000000000000000000000000000B7
:1029200000000000000000000000000000000000A7
:102930000000000000000000000000000000000097
:102940000000000000000000000000000000000087
:102950000000000000000000000000000000000077
:102960000000000000000000000000000000000067
:102970000000000000000000000000000000000057
:102980000000000000000000000000000000000047
:102990000000000000000000000000000000000037
:1029A0000000000000000000000000000000000027
:1029B0000000000000000000000000000000000017
:1029C0000000000000000000000000000000000007
:1029D00000000000000000000000000000000000F7
:1029E00000000000000000000000000000000000E7
:1029F00000000000000000000000000000000000D7
:102A000000000000000000000000000000000000C6
:102A100000000000000000000000000000000000B6
:102A200000000000000000000000000000000000A6
:102A30000000000000000000000000000000000096
:102A40000000000000000000000000000000000086
:102A50000000000000000000000000000000000076
:102A60000000000000000000000000000000000066
:102A70000000000000000000000000000000000056
:102A80000000000000000000000000000000000046
:102A90000000000000000000000000000000000036
:102AA0000000000000000000000000000000000026
:102AB0000000000000000000000000000000000016
:102AC0000000000000000000000000000000000006
:102AD00000000000000000000000000000000000F6
:102AE00000000000000000000000000000000000E6
:102AF00000000000000000000000000000000000D6
:102B000000000000000000000000000000000000C5
:102B100000000000000000000000000000000000B5
:102B200000000000000000000000000000000000A5
:102B30000000000000000000000000000000000095
:102B40000000000000000000000000000000000085
:102B50000000000000000000000000000000000075
:102B60000000000000000000000000000000000065
:102B70000000000000000000000000000000000055
:102B80000000000000000000000000000000000045
:102B90000000000000000000000000000000000035
:102BA0000000000000000000000000000000000025
:102BB0000000000000000000000000000000000015
:102BC0000000000000000000000000000000000005
:102BD00000000000000000000000000000000000F5
:102BE00000000000000000000000000000000000E5
:102BF00000000000000000000000000000000000D5
:102C000000000000000000000000000000000000C4
:102C100000000000000000000000000000000000B4
:102C200000000000000000000000000000000000A4
:102C30000000000000000000000000000000000094
:102C40000000000000000000000000000000000084
:102C50000000000000000000000000000000000074
:102C60000000000000000000000000000000000064
:102C70000000000000000000000000000000000054
:102C80000000000000000000000000000000000044
:102C90000000000000000000000000000000000034
:102CA0000000000000000000000000000000000024
:102CB0000000000000000000000000000000000014
:102CC0000000000000000000000000000000000004
:102CD00000000000000000000000000000000000F4
:102CE00000000000000000000000000000000000E4
:102CF00000000000000000000000000000000000D4
:102D000000000000000000000000000000000000C3
:102D100000000000000000000000000000000000B3
:102D200000000000000000000000000000000000A3
:102D30000000000000000000000000000000000093
:102D40000000000000000000000000000000000083
:102D50000000000000000000000000000000000073
:102D60000000000000000000000000000000000063
:102D70000000000000000000000000000000000053
:102D80000000000000000000000000000000000043
:102D90000000000000000000000000000000000033
:102DA0000000000000000000000000000000000023
:102DB0000000000000000000000000000000000013
:102DC0000000000000000000000000000000000003
:102DD00000000000000000000000000000000000F3
:102DE00000000000000000000000000000000000E3
:102DF00000000000000000000000000000000000D3
:102E000000000000000000000000000000000000C2
:102E100000000000000000000000000000000000B2
:102E200000000000000000000000000000000000A2
:102E30000000000000000000000000000000000092
:102E40000000000000000000000000000000000082
:102E50000000000000000000000000000000000072
:102E60000000000000000000000000000000000062
:102E70000000000000000000000000000000000052
:102E80000000000000000000000000000000000042
:102E90000000000000000000000000000000000032
:102EA0000000000000000000000000000000000022
:102EB0000000000000000000000000000000000012
:102EC0000000000000000000000000000000000002
:102ED00000000000000000000000000000000000F2
:102EE00000000000000000000000000000000000E2
:102EF00000000000000000000000000000000000D2
:102F000000000000000000000000000000000000C1
:102F100000000000000000000000000000000000B1
:102F200000000000000000000000000000000000A1
:102F30000000000000000000000000000000000091
:102F40000000000000000000000000000000000081
:102F50000000000000000000000000000000000071
:102F60000000000000000000000000000000000061
:102F70000000000000000000000000000000000051
:102F80000000000000000000000000000000000041
:102F90000000000000000000000000000000000031
:102FA0000000000000000000000000000000000021
:102FB0000000000000000000000000000000000011
:102FC0000000000000000000000000000000000001
:102FD00000000000000000000000000000000000F1
:102FE00000000000000000000000000000000000E1
:102FF00000000000000000000000000000000000D1
:1030000000000000000000000000000000000000C0
:1030100000000000000000000000000000000000B0
:1030200000000000000000000000000000000000A0
:103030000000000000000000000000000000000090
:103040000000000000000000000000000000000080
:103050000000000000000000000000000000000070
:103060000000000000000000000000000000000060
:103070000000000000000000000000000000000050
:103080000000000000000000000000000000000040
:103090000000000000000000000000000000000030
:1030A0000000000000000000000000000000000020
:1030B0000000000000000000000000000000000010
:1030C0000000000000000000000000000000000000
:1030D00000000000000000000000000000000000F0
:1030E00000000000000000000000000000000000E0
:1030F00000000000000000000000000000000000D0
:1031000000000000000000000000000000000000BF
:1031100000000000000000000000000000000000AF
:10312000000000000000000000000000000000009F
:10313000000000000000000000000000000000008F
:10314000000000000000000000000000000000007F
:10315000000000000000000000000000000000006F
:10316000000000000000000000000000000000005F
:10317000000000000000000000000000000000004F
:10318000000000000000000000000000000000003F
:10319000000000000000000000000000000000002F
:1031A000000000000000000000000000000000001F
:1031B000000000000000000000000000000000000F
:1031C00000000000000000000000000000000000FF
:1031D00000000000000000000000000000000000EF
:1031E00000000000000000000000000000000000DF
:1031F00000000000000000000000000000000000CF
:1032000000000000000000000000000000000000BE
:1032100000000000000000000000000000000000AE
:10322000000000000000000000000000000000009E
:10323000000000000000000000000000000000008E
:10324000000000000000000000000000000000007E
:10325000000000000000000000000000000000006E
:10326000000000000000000000000000000000005E
:10327000000000000000000000000000000000004E
:10328000000000000000000000000000000000003E
:10329000000000000000000000000000000000002E
:1032A000000000000000000000000000000000001E
:1032B000000000000000000000000000000000000E
:1032C00000000000000000000000000000000000FE
:1032D00000000000000000000000000000000000EE
:1032E00000000000000000000000000000000000DE
:1032F00000000000000000000000000000000000CE
:1033000000000000000000000000000000000000BD
:1033100000000000000000000000000000000000AD
:10332000000000000000000000000000000000009D
:10333000000000000000000000000000000000008D
:10334000000000000000000000000000000000007D
:10335000000000000000000000000000000000006D
:10336000000000000000000000000000000000005D
:10337000000000000000000000000000000000004D
:10338000000000000000000000000000000000003D
:10339000000000000000000000000000000000002D
:1033A000000000000000000000000000000000001D
:1033B000000000000000000000000000000000000D
:1033C00000000000000000000000000000000000FD
:1033D00000000000000000000000000000000000ED
:1033E00000000000000000000000000000000000DD
:1033F00000000000000000000000000000000000CD
:1034000000000000000000000000000000000000BC
:1034100000000000000000000000000000000000AC
:10342000000000000000000000000000000000009C
:10343000000000000000000000000000000000008C
:10344000000000000000000000000000000000007C
:10345000000000000000000000000000000000006C
:10346000000000000000000000000000000000005C
:10347000000000000000000000000000000000004C
:10348000000000000000000000000000000000003C
:10349000000000000000000000000000000000002C
:1034A000000000000000000000000000000000001C
:1034B000000000000000000000000000000000000C
:1034C00000000000000000000000000000000000FC
:1034D00000000000000000000000000000000000EC
:1034E00000000000000000000000000000000000DC
:1034F00000000000000000000000000000000000CC
:1035000000000000000000000000000000000000BB
:1035100000000000000000000000000000000000AB
:10352000000000000000000000000000000000009B
:10353000000000000000000000000000000000008B
:10354000000000000000000000000000000000007B
:10355000000000000000000000000000000000006B
:10356000000000000000000000000000000000005B
:10357000000000000000000000000000000000004B
:10358000000000000000000000000000000000003B
:10359000000000000000000000000000000000002B
:1035A000000000000000000000000000000000001B
:1035B000000000000000000000000000000000000B
:1035C00000000000000000000000000000000000FB
:1035D00000000000000000000000000000000000EB
:1035E00000000000000000000000000000000000DB
:1035F00000000000000000000000000000000000CB
:1036000000000000000000000000000000000000BA
:1036100000000000000000000000000000000000AA
:10362000000000000000000000000000000000009A
:10363000000000000000000000000000000000008A
:10364000000000000000000000000000000000007A
:10365000000000000000000000000000000000006A
:10366000000000000000000000000000000000005A
:10367000000000000000000000000000000000004A
:10368000000000000000000000000000000000003A
:10369000000000000000000000000000000000002A
:1036A000000000000000000000000000000000001A
:1036B000000000000000000000000000000000000A
:1036C00000000000000000000000000000000000FA
:1036D00000000000000000000000000000000000EA
:1036E00000000000000000000000000000000000DA
:1036F00000000000000000000000000000000000CA
:1037000000000000000000000000000000000000B9
:1037100000000000000000000000000000000000A9
:103720000000000000000000000000000000000099
:103730000000000000000000000000000000000089
:103740000000000000000000000000000000000079
:103750000000000000000000000000000000000069
:103760000000000000000000000000000000000059
:103770000000000000000000000000000000000049
:103780000000000000000000000000000000000039
:103790000000000000000000000000000000000029
:1037A0000000000000000000000000000000000019
:1037B0000000000000000000000000000000000009
:1037C00000000000000000000000000000000000F9
:1037D00000000000000000000000000000000000E9
:1037E00000000000000000000000000000000000D9
:1037F00000000000000000000000000000000000C9
:1038000000000000000000000000000000000000B8
:1038100000000000000000000000000000000000A8
:103820000000000000000000000000000000000098
:103830000000000000000000000000000000000088
:103840000000000000000000000000000000000078
:103850000000000000000000000000000000000068
:103860000000000000000000000000000000000058
:103870000000000000000000000000000000000048
:103880000000000000000000000000000000000038
:103890000000000000000000000000000000000028
:1038A0000000000000000000000000000000000018
:1038B0000000000000000000000000000000000008
:1038C00000000000000000000000000000000000F8
:1038D00000000000000000000000000000000000E8
:1038E00000000000000000000000000000000000D8
:1038F00000000000000000000000000000000000C8
:1039000000000000000000000000000000000000B7
:1039100000000000000000000000000000000000A7
:103920000000000000000000000000000000000097
:103930000000000000000000000000000000000087
:103940000000000000000000000000000000000077
:103950000000000000000000000000000000000067
:103960000000000000000000000000000000000057
:103970000000000000000000000000000000000047
:103980000000000000000000000000000000000037
:103990000000000000000000000000000000000027
:1039A0000000000000000000000000000000000017
:1039B0000000000000000000000000000000000007
:1039C00000000000000000000000000000000000F7
:1039D00000000000000000000000000000000000E7
:1039E00000000000000000000000000000000000D7
:1039F00000000000000000000000000000000000C7
:103A000000000000000000000000000000000000B6
:103A100000000000000000000000000000000000A6
:103A20000000000000000000000000000000000096
:103A30000000000000000000000000000000000086
:103A40000000000000000000000000000000000076
:103A50000000000000000000000000000000000066
:103A60000000000000000000000000000000000056
:103A70000000000000000000000000000000000046
:103A80000000000000000000000000000000000036
:103A90000000000000000000000000000000000026
:103AA0000000000000000000000000000000000016
:103AB0000000000000000000000000000000000006
:103AC00000000000000000000000000000000000F6
:103AD00000000000000000000000000000000000E6
:103AE00000000000000000000000000000000000D6
:103AF00000000000000000000000000000000000C6
:103B000000000000000000000000000000000000B5
:103B100000000000000000000000000000000000A5
:103B20000000000000000000000000000000000095
:103B30000000000000000000000000000000000085
:103B40000000000000000000000000000000000075
:103B50000000000000000000000000000000000065
:103B60000000000000000000000000000000000055
:103B70000000000000000000000000000000000045
:103B80000000000000000000000000000000000035
:103B90000000000000000000000000000000000025
:103BA0000000000000000000000000000000000015
:103BB0000000000000000000000000000000000005
:103BC00000000000000000000000000000000000F5
:103BD00000000000000000000000000000000000E5
:103BE00000000000000000000000000000000000D5
:103BF00000000000000000000000000000000000C5
:103C000000000000000000000000000000000000B4
:103C100000000000000000000000000000000000A4
:103C20000000000000000000000000000000000094
:103C30000000000000000000000000000000000084
:103C40000000000000000000000000000000000074
:103C50000000000000000000000000000000000064
:103C60000000000000000000000000000000000054
:103C70000000000000000000000000000000000044
:103C80000000000000000000000000000000000034
:103C90000000000000000000000000000000000024
:103CA0000000000000000000000000000000000014
:103CB0000000000000000000000000000000000004
:103CC00000000000000000000000000000000000F4
:103CD00000000000000000000000000000000000E4
:103CE00000000000000000000000000000000000D4
:103CF00000000000000000000000000000000000C4
:103D000000000000000000000000000000000000B3
:103D100000000000000000000000000000000000A3
:103D20000000000000000000000000000000000093
:103D30000000000000000000000000000000000083
:103D40000000000000000000000000000000000073
:103D50000000000000000000000000000000000063
:103D60000000000000000000000000000000000053
:103D70000000000000000000000000000000000043
:103D80000000000000000000000000000000000033
:103D90000000000000000000000000000000000023
:103DA0000000000000000000000000000000000013
:103DB0000000000000000000000000000000000003
:103DC00000000000000000000000000000000000F3
:103DD00000000000000000000000000000000000E3
:103DE00000000000000000000000000000000000D3
:103DF00000000000000000000000000000000000C3
:103E000000000000000000000000000000000000B2
:103E100000000000000000000000000000000000A2
:103E20000000000000000000000000000000000092
:103E30000000000000000000000000000000000082
:103E40000000000000000000000000000000000072
:103E50000000000000000000000000000000000062
:103E60000000000000000000000000000000000052
:103E70000000000000000000000000000000000042
:103E80000000000000000000000000000000000032
:103E90000000000000000000000000000000000022
:103EA0000000000000000000000000000000000012
:103EB0000000000000000000000000000000000002
:103EC00000000000000000000000000000000000F2
:103ED00000000000000000000000000000000000E2
:103EE00000000000000000000000000000000000D2
:103EF00000000000000000000000000000000000C2
:103F000000000000000000000000000000000000B1
:103F100000000000000000000000000000000000A1
:103F20000000000000000000000000000000000091
:103F30000000000000000000000000000000000081
:103F40000000000000000000000000000000000071
:103F50000000000000000000000000000000000061
:103F60000000000000000000000000000000000051
:103F70000000000000000000000000000000000041
:103F80000000000000000000000000000000000031
:103F90000000000000000000000000000000000021
:103FA0000000000000000000000000000000000011
:103FB0000000000000000000000000000000000001
:103FC00000000000000000000000000000000000F1
:103FD00000000000000000000000000000000000E1
:103FE00000000000000000000000000000000000D1
:103FF00000000000000000000000000000000000C1
:1040000000000000000000000000000000000000B0
:1040100000000000000000000000000000000000A0
:104020000000000000000000000000000000000090
:104030000000000000000000000000000000000080
:104040000000000000000000000000000000000070
:104050000000000000000000000000000000000060
:104060000000000000000000000000000000000050
:104070000000000000000000000000000000000040
:104080000000000000000000000000000000000030
:104090000000000000000000000000000000000020
:1040A0000000000000000000000000000000000010
:1040B0000000000000000000000000000000000000
:1040C00000000000000000000000000000000000F0
:1040D00000000000000000000000000000000000E0
:1040E00000000000000000000000000000000000D0
:1040F00000000000000000000000000000000000C0
:1041000000000000000000000000000000000000AF
:10411000000000000000000000000000000000009F
:10412000000000000000000000000000000000008F
:10413000000000000000000000000000000000007F
:10414000000000000000000000000000000000006F
:10415000000000000000000000000000000000005F
:10416000000000000000000000000000000000004F
:10417000000000000000000000000000000000003F
:10418000000000000000000000000000000000002F
:10419000000000000000000000000000000000001F
:1041A000000000000000000000000000000000000F
:1041B00000000000000000000000000000000000FF
:1041C00000000000000000000000000000000000EF
:1041D00000000000000000000000000000000000DF
:1041E00000000000000000000000000000000000CF
:1041F00000000000000000000000000000000000BF
:1042000000000000000000000000000000000000AE
:10421000000000000000000000000000000000009E
:10422000000000000000000000000000000000008E
:10423000000000000000000000000000000000007E
:10424000000000000000000000000000000000006E
:10425000000000000000000000000000000000005E
:10426000000000000000000000000000000000004E
:10427000000000000000000000000000000000003E
:10428000000000000000000000000000000000002E
:10429000000000000000000000000000000000001E
:1042A000000000000000000000000000000000000E
:1042B00000000000000000000000000000000000FE
:1042C00000000000000000000000000000000000EE
:1042D00000000000000000000000000000000000DE
:1042E00000000000000000000000000000000000CE
:1042F00000000000000000000000000000000000BE
:1043000000000000000000000000000000000000AD
:10431000000000000000000000000000000000009D
:10432000000000000000000000000000000000008D
:10433000000000000000000000000000000000007D
:10434000000000000000000000000000000000006D
:10435000000000000000000000000000000000005D
:10436000000000000000000000000000000000004D
:10437000000000000000000000000000000000003D
:10438000000000000000000000000000000000002D
:10439000000000000000000000000000000000001D
:1043A000000000000000000000000000000000000D
:1043B00000000000000000000000000000000000FD
:1043C00000000000000000000000000000000000ED
:1043D00000000000000000000000000000000000DD
:1043E00000000000000000000000000000000000CD
:1043F00000000000000000000000000000000000BD
:1044000000000000000000000000000000000000AC
:10441000000000000000000000000000000000009C
:10442000000000000000000000000000000000008C
:10443000000000000000000000000000000000007C
:10444000000000000000000000000000000000006C
:10445000000000000000000000000000000000005C
:10446000000000000000000000000000000000004C
:10447000000000000000000000000000000000003C
:10448000000000000000000000000000000000002C
:10449000000000000000000000000000000000001C
:1044A000000000000000000000000000000000000C
:1044B00000000000000000000000000000000000FC
:1044C00000000000000000000000000000000000EC
:1044D00000000000000000000000000000000000DC
:1044E00000000000000000000000000000000000CC
:1044F00000000000000000000000000000000000BC
:1045000000000000000000000000000000000000AB
:10451000000000000000000000000000000000009B
:10452000000000000000000000000000000000008B
:10453000000000000000000000000000000000007B
:10454000000000000000000000000000000000006B
:10455000000000000000000000000000000000005B
:10456000000000000000000000000000000000004B
:10457000000000000000000000000000000000003B
:10458000000000000000000000000000000000002B
:10459000000000000000000000000000000000001B
:1045A000000000000000000000000000000000000B
:1045B00000000000000000000000000000000000FB
:1045C00000000000000000000000000000000000EB
:1045D00000000000000000000000000000000000DB
:1045E00000000000000000000000000000000000CB
:1045F00000000000000000000000000000000000BB
:1046000000000000000000000000000000000000AA
:10461000000000000000000000000000000000009A
:10462000000000000000000000000000000000008A
:10463000000000000000000000000000000000007A
:10464000000000000000000000000000000000006A
:10465000000000000000000000000000000000005A
:10466000000000000000000000000000000000004A
:10467000000000000000000000000000000000003A
:10468000000000000000000000000000000000002A
:10469000000000000000000000000000000000001A
:1046A000000000000000000000000000000000000A
:1046B00000000000000000000000000000000000FA
:1046C00000000000000000000000000000000000EA
:1046D00000000000000000000000000000000000DA
:1046E00000000000000000000000000000000000CA
:1046F00000000000000000000000000000000000BA
:1047000000000000000000000000000000000000A9
:104710000000000000000000000000000000000099
:104720000000000000000000000000000000000089
:104730000000000000000000000000000000000079
:104740000000000000000000000000000000000069
:104750000000000000000000000000000000000059
:104760000000000000000000000000000000000049
:104770000000000000000000000000000000000039
:104780000000000000000000000000000000000029
:104790000000000000000000000000000000000019
:1047A0000000000000000000000000000000000009
:1047B00000000000000000000000000000000000F9
:1047C00000000000000000000000000000000000E9
:1047D00000000000000000000000000000000000D9
:1047E00000000000000000000000000000000000C9
:1047F00000000000000000000000000000000000B9
:1048000000000000000000000000000000000000A8
:104810000000000000000000000000000000000098
:104820000000000000000000000000000000000088
:104830000000000000000000000000000000000078
:104840000000000000000000000000000000000068
:104850000000000000000000000000000000000058
:104860000000000000000000000000000000000048
:104870000000000000000000000000000000000038
:104880000000000000000000000000000000000028
:104890000000000000000000000000000000000018
:1048A0000000000000000000000000000000000008
:1048B00000000000000000000000000000000000F8
:1048C00000000000000000000000000000000000E8
:1048D00000000000000000000000000000000000D8
:1048E00000000000000000000000000000000000C8
:1048F00000000000000000000000000000000000B8
:1049000000000000000000000000000000000000A7
:104910000000000000000000000000000000000097
:104920000000000000000000000000000000000087
:104930000000000000000000000000000000000077
:104940000000000000000000000000000000000067
:104950000000000000000000000000000000000057
:104960000000000000000000000000000000000047
:104970000000000000000000000000000000000037
:104980000000000000000000000000000000000027
:104990000000000000000000000000000000000017
:1049A0000000000000000000000000000000000007
:1049B00000000000000000000000000000000000F7
:1049C00000000000000000000000000000000000E7
:1049D00000000000000000000000000000000000D7
:1049E00000000000000000000000000000000000C7
:1049F00000000000000000000000000000000000B7
:104A000000000000000000000000000000000000A6
:104A10000000000000000000000000000000000096
:104A20000000000000000000000000000000000086
:104A30000000000000000000000000000000000076
:104A40000000000000000000000000000000000066
:104A50000000000000000000000000000000000056
:104A60000000000000000000000000000000000046
:104A70000000000000000000000000000000000036
:104A80000000000000000000000000000000000026
:104A90000000000000000000000000000000000016
:104AA0000000000000000000000000000000000006
:104AB00000000000000000000000000000000000F6
:104AC00000000000000000000000000000000000E6
:104AD00000000000000000000000000000000000D6
:104AE00000000000000000000000000000000000C6
:104AF00000000000000000000000000000000000B6
:104B000000000000000000000000000000000000A5
:104B10000000000000000000000000000000000095
:104B20000000000000000000000000000000000085
:104B30000000000000000000000000000000000075
:104B40000000000000000000000000000000000065
:104B50000000000000000000000000000000000055
:104B60000000000000000000000000000000000045
:104B70000000000000000000000000000000000035
:104B80000000000000000000000000000000000025
:104B90000000000000000000000000000000000015
:104BA0000000000000000000000000000000000005
:104BB00000000000000000000000000000000000F5
:104BC00000000000000000000000000000000000E5
:104BD00000000000000000000000000000000000D5
:104BE00000000000000000000000000000000000C5
:104BF00000000000000000000000000000000000B5
:104C000000000000000000000000000000000000A4
:104C10000000000000000000000000000000000094
:104C20000000000000000000000000000000000084
:104C30000000000000000000000000000000000074
:104C40000000000000000000000000000000000064
:104C50000000000000000000000000000000000054
:104C60000000000000000000000000000000000044
:104C70000000000000000000000000000000000034
:104C80000000000000000000000000000000000024
:104C90000000000000000000000000000000000014
:104CA0000000000000000000000000000000000004
:104CB00000000000000000000000000000000000F4
:104CC00000000000000000000000000000000000E4
:104CD00000000000000000000000000000000000D4
:104CE00000000000000000000000000000000000C4
:104CF00000000000000000000000000000000000B4
:104D000000000000000000000000000000000000A3
:104D10000000000000000000000000000000000093
:104D20000000000000000000000000000000000083
:104D30000000000000000000000000000000000073
:104D40000000000000000000000000000000000063
:104D50000000000000000000000000000000000053
:104D60000000000000000000000000000000000043
:104D70000000000000000000000000000000000033
:104D80000000000000000000000000000000000023
:104D90000000000000000000000000000000000013
:104DA0000000000000000000000000000000000003
:104DB00000000000000000000000000000000000F3
:104DC00000000000000000000000000000000000E3
:104DD00000000000000000000000000000000000D3
:0C4DE000000000000000000000000000C7
:104DEC00FFFFFFFFFFFFFFFFFFFFFFFFFFFFFFFFC7
:104DFC00FFFFFFFFFFFFFFFFFFFFFFFFFFFFFFFFB7
:104E0C00FFFFFFFFFFFFFFFFFFFFFFFFFFFFFFFFA6
:104E1C00FFFFFFFFFFFFFFFFFFFFFFFFFFFFFFFF96
:104E2C00FFFFFFFFFFFFFFFFFFFFFFFFFFFFFFFF86
:104E3C00FFFFFFFFFFFFFFFFFFFFFFFFFFFFFFFF76
:104E4C00FFFFFFFFFFFFFFFFFFFFFFFFFFFFFFFF66
:104E5C00FFFFFFFFFFFFFFFFFFFFFFFFFFFFFFFF56
:104E6C00FFFFFFFFFFFFFFFFFFFFFFFFFFFFFFFF46
:104E7C00FFFFFFFFFFFFFFFFFFFFFFFFFFFFFFFF36
:104E8C00FFFFFFFFFFFFFFFFFFFFFFFFFFFFFFFF26
:104E9C00FFFFFFFFFFFFFFFFFFFFFFFFFFFFFFFF16
:104EAC00FFFFFFFFFFFFFFFFFFFFFFFFFFFFFFFF06
:104EBC00FFFFFFFFFFFFFFFFFFFFFFFFFFFFFFFFF6
:104ECC00FFFFFFFFFFFFFFFFFFFFFFFFFFFFFFFFE6
:104EDC00FFFFFFFFFFFFFFFFFFFFFFFFFFFFFFFFD6
:104EEC00FFFFFFFFFFFFFFFFFFFFFFFFFFFFFFFFC6
:104EFC00FFFFFFFFFFFFFFFFFFFFFFFFFFFFFFFFB6
:104F0C00FFFFFFFFFFFFFFFFFFFFFFFFFFFFFFFFA5
:104F1C00FFFFFFFFFFFFFFFFFFFFFFFFFFFFFFFF95
:104F2C00FFFFFFFFFFFFFFFFFFFFFFFFFFFFFFFF85
:104F3C00FFFFFFFFFFFFFFFFFFFFFFFFFFFFFFFF75
:104F4C00FFFFFFFFFFFFFFFFFFFFFFFFFFFFFFFF65
:104F5C00FFFFFFFFFFFFFFFFFFFFFFFFFFFFFFFF55
:104F6C00FFFFFFFFFFFFFFFFFFFFFFFFFFFFFFFF45
:104F7C00FFFFFFFFFFFFFFFFFFFFFFFFFFFFFFFF35
:104F8C00FFFFFFFFFFFFFFFFFFFFFFFFFFFFFFFF25
:104F9C00FFFFFFFFFFFFFFFFFFFFFFFFFFFFFFFF15
:104FAC00FFFFFFFFFFFFFFFFFFFFFFFFFFFFFFFF05
:104FBC00FFFFFFFFFFFFFFFFFFFFFFFFFFFFFFFFF5
:104FCC00FFFFFFFFFFFFFFFFFFFFFFFFFFFFFFFFE5
:104FDC00FFFFFFFFFFFFFFFFFFFFFFFFFFFFFFFFD5
:104FEC00FFFFFFFFFFFFFFFFFFFFFFFFFFFFFFFFC5
:104FFC00FFFFFFFF000000000000000000000000A9
:10500C000000000000000000000000000000000094
:10501C000000000000000000000000000000000084
:10502C000000000000000000000000000000000074
:10503C000000000000000000000000000000000064
:10504C000000000000000000000000000000000054
:10505C000000000000000000000000000000000044
:10506C000000000000000000000000000000000034
:10507C000000000000000000000000000000000024
:10508C000000000000000000000000000000000014
:10509C000000000000000000000000000000000004
:1050AC0000000000000000000000000000000000F4
:1050BC0000000000000000000000000000000000E4
:1050CC0000000000000000000000000000000000D4
:1050DC0000000000000000000000000000000000C4
:1050EC0000000000000000000000000000000000B4
:1050FC0000000000000000000000000000000000A4
:10510C000000000000000000000000000000000093
:10511C000000000000000000000000000000000083
:10512C000000000000000000000000000000000073
:10513C000000000000000000000000000000000063
:10514C000000000000000000000000000000000053
:10515C000000000000000000000000000000000043
:10516C000000000000000000000000000000000033
:10517C000000000000000000000000000000000023
:10518C000000000000000000000000000000000013
:10519C000000000000000000000000000000000003
:1051AC0000000000000000000000000000000000F3
:1051BC0000000000000000000000000000000000E3
:1051CC0000000000000000000000000000000000D3
:1051DC0000000000000000000000000000000000C3
:1051EC0000000000000000000000000000000000B3
:1051FC0000000000000000000000000000000000A3
:10520C000000000000000000000000000000000092
:10521C000000000000000000000000000000000082
:10522C000000000000000000000000000000000072
:10523C000000000000000000000000000000000062
:10524C000000000000000000000000000000000052
:10525C000000000000000000000000000000000042
:10526C000000000000000000000000000000000032
:10527C000000000000000000000000000000000022
:10528C000000000000000000000000000000000012
:10529C000000000000000000000000000000000002
:1052AC0000000000000000000000000000000000F2
:1052BC0000000000000000000000000000000000E2
:1052CC0000000000000000000000000000000000D2
:1052DC0000000000000000000000000000000000C2
:1052EC0000000000000000000000000000000000B2
:1052FC0000000000000000000000000000000000A2
:10530C000000000000000000000000000000000091
:10531C000000000000000000000000000000000081
:10532C000000000000000000000000000000000071
:10533C000000000000000000000000000000000061
:10534C000000000000000000000000000000000051
:10535C000000000000000000000000000000000041
:10536C000000000000000000000000000000000031
:10537C000000000000000000000000000000000021
:10538C000000000000000000000000000000000011
:10539C000000000000000000000000000000000001
:1053AC0000000000000000000000000000000000F1
:1053BC0000000000000000000000000000000000E1
:1053CC0000000000000000000000000000000000D1
:1053DC0000000000000000000000000000000000C1
:1053EC0000000000000000000000000000000000B1
:1053FC0000000000000000000000000000000000A1
:10540C000000000000000000000000000000000090
:10541C000000000000000000000000000000000080
:10542C000000000000000000000000000000000070
:10543C000000000000000000000000000000000060
:10544C000000000000000000000000000000000050
:10545C000000000000000000000000000000000040
:10546C000000000000000000000000000000000030
:10547C000000000000000000000000000000000020
:10548C000000000000000000000000000000000010
:10549C000000000000000000000000000000000000
:1054AC0000000000000000000000000000000000F0
:1054BC0000000000000000000000000000000000E0
:1054CC0000000000000000000000000000000000D0
:1054DC0000000000000000000000000000000000C0
:1054EC0000000000000000000000000000000000B0
:1054FC0000000000000000000000000000000000A0
:10550C00000000000000000000000000000000008F
:10551C00000000000000000000000000000000007F
:10552C00000000000000000000000000000000006F
:10553C00000000000000000000000000000000005F
:10554C00000000000000000000000000000000004F
:10555C00000000000000000000000000000000003F
:10556C00000000000000000000000000000000002F
:10557C00000000000000000000000000000000001F
:10558C00000000000000000000000000000000000F
:10559C0000000000000000000000000000000000FF
:1055AC0000000000000000000000000000000000EF
:1055BC0000000000000000000000000000000000DF
:1055CC0000000000000000000000000000000000CF
:1055DC0000000000000000000000000000000000BF
:1055EC0000000000000000000000000000000000AF
:1055FC00000000000000000000000000000000009F
:10560C00000000000000000000000000000000008E
:10561C00000000000000000000000000000000007E
:10562C00000000000000000000000000000000006E
:10563C00000000000000000000000000000000005E
:10564C00000000000000000000000000000000004E
:10565C00000000000000000000000000000000003E
:10566C00000000000000000000000000000000002E
:10567C00000000000000000000000000000000001E
:10568C00000000000000000000000000000000000E
:10569C0000000000000000000000000000000000FE
:1056AC0000000000000000000000000000000000EE
:1056BC0000000000000000000000000000000000DE
:1056CC0000000000000000000000000000000000CE
:1056DC0000000000000000000000000000000000BE
:1056EC0000000000000000000000000000000000AE
:1056FC00000000000000000000000000000000009E
:10570C00000000000000000000000000000000008D
:10571C00000000000000000000000000000000007D
:10572C00000000000000000000000000000000006D
:10573C00000000000000000000000000000000005D
:10574C00000000000000000000000000000000004D
:10575C00000000000000000000000000000000003D
:10576C00000000000000000000000000000000002D
:10577C00000000000000000000000000000000001D
:10578C00000000000000000000000000000000000D
:10579C0000000000000000000000000000000000FD
:1057AC0000000000000000000000000000000000ED
:1057BC0000000000000000000000000000000000DD
:1057CC0000000000000000000000000000000000CD
:1057DC0000000000000000000000000000000000BD
:1057EC0000000000000000000000000000000000AD
:1057FC00000000000000000000000000000000009D
:10580C00000000000000000000000000000000008C
:10581C00000000000000000000000000000000007C
:10582C00000000000000000000000000000000006C
:10583C00000000000000000000000000000000005C
:10584C00000000000000000000000000000000004C
:10585C00000000000000000000000000000000003C
:10586C00000000000000000000000000000000002C
:10587C00000000000000000000000000000000001C
:10588C00000000000000000000000000000000000C
:10589C0000000000000000000000000000000000FC
:1058AC0000000000000000000000000000000000EC
:1058BC0000000000000000000000000000000000DC
:1058CC0000000000000000000000000000000000CC
:1058DC0000000000000000000000000000000000BC
:1058EC0000000000000000000000000000000000AC
:1058FC00000000000000000000000000000000009C
:10590C00000000000000000000000000000000008B
:10591C00000000000000000000000000000000007B
:10592C00000000000000000000000000000000006B
:10593C00000000000000000000000000000000005B
:10594C00000000000000000000000000000000004B
:10595C00000000000000000000000000000000003B
:10596C00000000000000000000000000000000002B
:10597C00000000000000000000000000000000001B
:10598C00000000000000000000000000000000000B
:10599C0000000000000000000000000000000000FB
:1059AC0000000000000000000000000000000000EB
:1059BC0000000000000000000000000000000000DB
:1059CC0000000000000000000000000000000000CB
:1059DC0000000000000000000000000000000000BB
:1059EC0000000000000000000000000000000000AB
:1059FC00000000000000000000000000000000009B
:105A0C00000000000000000000000000000000008A
:105A1C00000000000000000000000000000000007A
:105A2C00000000000000000000000000000000006A
:105A3C00000000000000000000000000000000005A
:105A4C00000000000000000000000000000000004A
:105A5C00000000000000000000000000000000003A
:105A6C00000000000000000000000000000000002A
:105A7C00000000000000000000000000000000001A
:105A8C00000000000000000000000000000000000A
:105A9C0000000000000000000000000000000000FA
:105AAC0000000000000000000000000000000000EA
:105ABC0000000000000000000000000000000000DA
:105ACC0000000000000000000000000000000000CA
:105ADC0000000000000000000000000000000000BA
:105AEC0000000000000000000000000000000000AA
:105AFC00000000000000000000000000000000009A
:105B0C000000000000000000000000000000000089
:105B1C000000000000000000000000000000000079
:105B2C000000000000000000000000000000000069
:105B3C000000000000000000000000000000000059
:105B4C000000000000000000000000000000000049
:105B5C000000000000000000000000000000000039
:105B6C000000000000000000000000000000000029
:105B7C000000000000000000000000000000000019
:105B8C000000000000000000000000000000000009
:105B9C0000000000000000000000000000000000F9
:105BAC0000000000000000000000000000000000E9
:105BBC0000000000000000000000000000000000D9
:105BCC0000000000000000000000000000000000C9
:105BDC0000000000000000000000000000000000B9
:105BEC0000000000000000000000000000000000A9
:045BFC0000000000A5
:040000056000100087
:00000001FF
